TransactionReference,ValueDate,CustomerAccount,Counterparty,AmountMinorUnits,CurrencyCode,TransactionType,SettlementStatus
B000001,2026-01-14,ACC0045,Harrow Sports Club,7001,GBP,CREDIT,SETTLED
B000002,2026-03-15,ACC0096,Corner Cafe,11053,GBP,DEBIT,RETURNED
B000003,2026-02-16,ACC0039,Kite Digital,27617,GBP,CREDIT,UNSETTLED
B000004,2026-02-17,ACC0110,"Marlow ""Fine"" Foods",3081,GBP,DEBIT,UNSETTLED
B000005,2026-02-22,ACC0083,"Wembley Tyres, Ltd",3563,GBP,DEBIT,SETTLED
B000006,2026-02-19,ACC0119,Ashvale Clinic,,GBP,DEBIT,RETURNED
B000007,2026-03-29,ACC0001,"Marlow ""Fine"" Foods",5594,GBP,DEBIT,SETTLED
B000008,2026-01-09,ACC0034,"Marlow ""Fine"" Foods",26088,GBP,DEBIT,UNSETTLED
B000009,2026-03-12,ACC0017,Bolt & Screw Ltd,7764,GBP,DEBIT,UNSETTLED
B000010,2026-03-05,ACC0083,The Old Print Works,18258,GBP,CREDIT,UNSETTLED
B000011,2026-01-13,ACC0019,"Marlow ""Fine"" Foods",22671,GBP,DEBIT,RETURNED
B000012,2026-02-23,ACC0100,Bolt & Screw Ltd,49572,GBP,CREDIT,SETTLED
B000013,2026-03-25,ACC0079,The Old Print Works,2899,GBP,DEBIT,SETTLED
B000014,2026-03-29,ACC0091,Ashvale Clinic,2293,GBP,CREDIT,SETTLED
B000015,2026-03-02,ACC0079,Ashvale Clinic,15741,GBP,DEBIT,UNSETTLED
B000016,2026-03-13,ACC0093,Sandbrook Utilities,16737,GBP,CREDIT,SETTLED
B000017,2026-03-01,ACC0091,Northline Freight,12044,GBP,CREDIT,UNSETTLED
B000018,2026-02-10,ACC0107,Corner Cafe,1110,GBP,DEBIT,SETTLED
B000019,2026-01-19,ACC0001,Petra Logistics,9725,GBP,DEBIT,SETTLED
B000020,2026-02-18,ACC0074,"Wembley Tyres, Ltd",16006,GBP,DEBIT,UNSETTLED
B000021,2026-02-27,ACC0066,Corner Cafe,8933,GBP,DEBIT,SETTLED
B000022,2026-02-13,ACC0079,"Wembley Tyres, Ltd",16547,GBP,DEBIT,SETTLED
B000023,2026-02-24,ACC0073,Northline Freight,20968,GBP,DEBIT,SETTLED
B000024,2026-02-13,ACC0057,The Old Print Works,2830,GBP,DEBIT,SETTLED
B000025,2026-01-27,ACC0110,The Old Print Works,809,GBP,DEBIT,SETTLED
B000026,2026-03-12,ACC0071,Sandbrook Utilities,2135,GBP,DEBIT,SETTLED
B000027,2026-03-05,ACC0088,Corner Cafe,7378,GBP,CREDIT,RETURNED
B000028,2026-02-19,ACC0009,Harrow Sports Club,40237,GBP,DEBIT,RETURNED
B000029,2026-03-20,ACC0011,Ashvale Clinic,12770,GBP,DEBIT,UNSETTLED
B000030,2026-03-13,ACC0020,Ashvale Clinic,9202,GBP,CREDIT,SETTLED
B000031,2026-01-29,ACC0042,"Marlow ""Fine"" Foods",2461,GBP,DEBIT,SETTLED
B000032,2026-03-29,ACC0106,Harrow Sports Club,8588,GBP,DEBIT,UNSETTLED
B000033,2026-02-13,ACC0071,Bolt & Screw Ltd,1082,GBP,DEBIT,RETURNED
B000034,2026-03-21,ACC0033,Harrow Sports Club,9164,GBP,DEBIT,RETURNED
B000035,2026-03-21,ACC0076,Northline Freight,14850,GBP,DEBIT,SETTLED
B000036,2026-02-04,ACC0001,Dhillon & Sons,34162,GBP,DEBIT,SETTLED
B000037,2026-01-30,ACC0086,Northline Freight,3929,GBP,DEBIT,SETTLED
B000038,2026-01-27,ACC0050,Sandbrook Utilities,5450,GBP,DEBIT,SETTLED
B000039,2026-02-21,ACC0072,Northline Freight,2470,GBP,DEBIT,RETURNED
B000040,2026-01-17,ACC0064,Petra Logistics,7174,GBP,DEBIT,RETURNED
B000041,2026-03-01,ACC0024,The Old Print Works,1720,GBP,DEBIT,SETTLED
B000042,2026-03-29,ACC0069,Northline Freight,3460,GBP,CREDIT,SETTLED
B000043,2026-02-06,ACC0011,Kite Digital,3373,GBP,DEBIT,RETURNED
B000044,2026-02-05,ACC0094,Dhillon & Sons,8759,GBP,CREDIT,SETTLED
B000045,2026-03-17,ACC0011,"Wembley Tyres, Ltd",14707,GBP,DEBIT,SETTLED
B000046,2026-01-23,ACC0038,Petra Logistics,6543,GBP,CREDIT,SETTLED
B000047,2026-03-04,ACC0012,"Marlow ""Fine"" Foods",3515,GBP,DEBIT,SETTLED
B000048,2026-03-08,ACC0047,Sandbrook Utilities,21831,GBP,DEBIT,UNSETTLED
B000049,2026-01-04,ACC0056,Petra Logistics,4197,GBP,DEBIT,SETTLED
B000050,2026-03-08,ACC0019,Ashvale Clinic,5137,GBP,DEBIT,SETTLED
B000051,2026-03-08,ACC0054,"Wembley Tyres, Ltd",15566,GBP,DEBIT,SETTLED
B000052,2026-03-28,ACC0078,Bolt & Screw Ltd,9941,GBP,CREDIT,RETURNED
B000053,2026-02-13,ACC0015,Harrow Sports Club,6706,GBP,DEBIT,RETURNED
B000054,2026-01-01,ACC0007,Ashvale Clinic,1935,GBP,CREDIT,UNSETTLED
B000055,2026-02-24,ACC0007,The Old Print Works,38599,GBP,CREDIT,UNSETTLED
B000056,2026-02-08,ACC0013,Ashvale Clinic,3931,GBP,DEBIT,SETTLED
B000057,2026-01-06,ACC0120,Ashvale Clinic,10709,GBP,CREDIT,RETURNED
B000058,2026-03-13,ACC0017,Dhillon & Sons,5713,GBP,DEBIT,RETURNED
B000059,2026-03-18,ACC0101,Kite Digital,,GBP,CREDIT,SETTLED
B000060,2026-01-01,ACC0047,Ashvale Clinic,3829,GBP,CREDIT,SETTLED
B000061,2026-03-17,ACC0073,Corner Cafe,9527,GBP,DEBIT,SETTLED
B000062,2026-03-31,ACC0106,"Marlow ""Fine"" Foods",2449,GBP,DEBIT,SETTLED
B000063,2026-03-05,ACC0114,Sandbrook Utilities,5724,GBP,CREDIT,SETTLED
B000064,2026-02-12,ACC0049,Ashvale Clinic,21994,GBP,DEBIT,UNSETTLED
B000065,2026-01-22,ACC0055,Bolt & Screw Ltd,26643,GBP,CREDIT,SETTLED
B000066,2026-03-01,ACC0109,Kite Digital,2489,GBP,DEBIT,SETTLED
B000067,2026-01-02,ACC0053,Bolt & Screw Ltd,2554,GBP,DEBIT,SETTLED
B000068,2026-01-29,ACC0113,Harrow Sports Club,10648,GBP,DEBIT,SETTLED
B000069,2026-02-22,ACC0052,Bolt & Screw Ltd,9765,GBP,DEBIT,UNSETTLED
B000070,2026-02-24,ACC0075,Harrow Sports Club,21848,GBP,DEBIT,UNSETTLED
B000071,2026-03-23,ACC0057,Harrow Sports Club,4806,GBP,DEBIT,SETTLED
B000072,2026-01-22,ACC0077,Petra Logistics,9635,GBP,CREDIT,UNSETTLED
B000073,2026-03-01,ACC0095,Bolt & Screw Ltd,9672,GBP,DEBIT,UNSETTLED
B000074,2026-01-05,ACC0041,Sandbrook Utilities,2411,GBP,CREDIT,UNSETTLED
B000075,2026-02-23,ACC0063,Sandbrook Utilities,11878,GBP,CREDIT,UNSETTLED
B000076,2026-03-13,ACC0078,Kite Digital,11390,GBP,CREDIT,RETURNED
B000077,2026-03-16,ACC0051,Corner Cafe,14082,GBP,DEBIT,RETURNED
B000078,2026-02-14,ACC0024,Petra Logistics,3081,GBP,DEBIT,SETTLED
B000079,2026-03-19,ACC0041,Dhillon & Sons,4012,GBP,DEBIT,SETTLED
B000080,2026-02-24,ACC0067,Harrow Sports Club,3836,GBP,DEBIT,UNSETTLED
B000081,2026-03-08,ACC0117,"Wembley Tyres, Ltd",133708,GBP,CREDIT,SETTLED
B000082,2026-01-23,ACC0093,The Old Print Works,11798,GBP,DEBIT,SETTLED
B000083,2026-01-03,ACC0116,Ashvale Clinic,6436,GBP,DEBIT,RETURNED
B000084,2026-02-08,ACC0017,Dhillon & Sons,23727,GBP,CREDIT,RETURNED
B000085,2026-02-01,ACC0047,Petra Logistics,8546,GBP,DEBIT,SETTLED
B000086,2026-01-29,ACC0108,Dhillon & Sons,7930,GBP,DEBIT,SETTLED
B000087,2026-01-17,ACC0082,The Old Print Works,1104,GBP,CREDIT,SETTLED
B000088,2026-01-16,ACC0028,Petra Logistics,7499,GBP,DEBIT,UNSETTLED
B000089,2026-02-15,ACC0093,Sandbrook Utilities,9609,GBP,DEBIT,SETTLED
B000090,2026-02-28,ACC0084,Harrow Sports Club,3726,GBP,CREDIT,SETTLED
B000091,2026-03-14,ACC0052,Petra Logistics,14579,GBP,DEBIT,RETURNED
B000092,2026-03-26,ACC0089,The Old Print Works,7380,GBP,DEBIT,SETTLED
B000093,2026-03-01,ACC0050,Petra Logistics,8519,GBP,DEBIT,SETTLED
B000094,2026-03-06,ACC0058,"Marlow ""Fine"" Foods",1561,GBP,DEBIT,SETTLED
B000095,2026-02-02,ACC0099,Kite Digital,2849,GBP,CREDIT,RETURNED
B000096,2026-03-08,ACC0039,Harrow Sports Club,20789,GBP,CREDIT,UNSETTLED
B000097,2026-03-05,ACC0023,Ashvale Clinic,20136,GBP,DEBIT,SETTLED
B000098,2026-03-27,ACC0061,Petra Logistics,23535,GBP,CREDIT,RETURNED
B000099,2026-01-05,ACC0015,Dhillon & Sons,2492,GBP,DEBIT,RETURNED
B000100,2026-01-12,ACC0083,Northline Freight,1380,GBP,DEBIT,SETTLED
B000101,2026-01-12,ACC0020,The Old Print Works,3757,GBP,DEBIT,UNSETTLED
B000102,2026-01-02,ACC0001,"Marlow ""Fine"" Foods",789,GBP,DEBIT,UNSETTLED
B000103,2026-02-02,ACC0107,Harrow Sports Club,10871,GBP,DEBIT,SETTLED
B000104,2026-03-19,ACC0079,Petra Logistics,36043,GBP,DEBIT,SETTLED
B000105,2026-02-16,ACC0017,"Marlow ""Fine"" Foods",3414,GBP,CREDIT,RETURNED
B000106,2026-01-09,ACC0115,Corner Cafe,9041,GBP,DEBIT,UNSETTLED
B000107,2026-02-25,ACC0023,Dhillon & Sons,32221,GBP,DEBIT,UNSETTLED
B000108,2026-01-09,ACC0093,Petra Logistics,18125,GBP,DEBIT,UNSETTLED
B000109,2026-03-02,ACC0005,"Wembley Tyres, Ltd",7314,GBP,CREDIT,UNSETTLED
B000110,2026-03-21,ACC0049,Sandbrook Utilities,3576,GBP,DEBIT,UNSETTLED
B000111,2026-03-31,ACC0105,Sandbrook Utilities,5704,GBP,DEBIT,SETTLED
B000112,2026-02-28,ACC0036,"Marlow ""Fine"" Foods",30725,GBP,DEBIT,RETURNED
B000113,2026-01-02,ACC0089,"Marlow ""Fine"" Foods",13944,GBP,CREDIT,SETTLED
B000114,2026-03-03,ACC0047,"Wembley Tyres, Ltd",2824,GBP,CREDIT,UNSETTLED
B000115,2026-03-18,ACC0091,Sandbrook Utilities,38691,GBP,DEBIT,UNSETTLED
B000116,2026-01-10,ACC0010,Dhillon & Sons,5214,GBP,DEBIT,SETTLED
B000117,2026-01-15,ACC0065,Ashvale Clinic,7664,GBP,DEBIT,SETTLED
B000118,2026-01-03,ACC0092,"Wembley Tyres, Ltd",13295,GBP,DEBIT,SETTLED
B000119,2026-01-30,ACC0082,"Wembley Tyres, Ltd",3047,GBP,CREDIT,RETURNED
B000120,2026-03-28,ACC0033,Sandbrook Utilities,743,GBP,DEBIT,SETTLED
B000121,2026-01-29,ACC0041,Ashvale Clinic,19907,GBP,CREDIT,RETURNED
B000122,2026-01-25,ACC0112,"Wembley Tyres, Ltd",6681,GBP,CREDIT,SETTLED
B000123,2026-02-20,ACC0079,"Marlow ""Fine"" Foods",5656,GBP,CREDIT,SETTLED
B000124,2026-03-17,ACC0077,Corner Cafe,9233,GBP,DEBIT,SETTLED
B000125,2026-01-30,ACC0046,Dhillon & Sons,11602,GBP,DEBIT,SETTLED
B000126,2026-01-27,ACC0079,Petra Logistics,7005,GBP,DEBIT,RETURNED
B000127,2026-02-19,ACC0003,"Marlow ""Fine"" Foods",9602,GBP,DEBIT,RETURNED
B000128,2026-02-13,ACC0001,The Old Print Works,25722,GBP,CREDIT,UNSETTLED
B000129,2026-01-13,ACC0048,Corner Cafe,10947,GBP,DEBIT,SETTLED
B000130,2026-03-29,ACC0076,Dhillon & Sons,12104,GBP,DEBIT,SETTLED
B000131,2026-03-08,ACC0066,The Old Print Works,9303,GBP,DEBIT,SETTLED
B000132,2026-03-19,ACC0119,"Wembley Tyres, Ltd",2656,GBP,DEBIT,UNSETTLED
B000133,2026-01-14,ACC0063,Dhillon & Sons,964,GBP,DEBIT,SETTLED
B000134,2026-01-22,ACC0004,The Old Print Works,11836,GBP,DEBIT,UNSETTLED
B000135,2026-01-28,ACC0022,Northline Freight,7054,GBP,CREDIT,RETURNED
B000136,2026-03-22,ACC0088,The Old Print Works,15966,GBP,CREDIT,RETURNED
B000137,2026-01-02,ACC0002,Dhillon & Sons,12930,GBP,CREDIT,SETTLED
B000138,2026-01-12,ACC0071,Dhillon & Sons,24963,GBP,DEBIT,UNSETTLED
B000139,2026-02-20,ACC0113,Northline Freight,,GBP,CREDIT,SETTLED
B000140,2026-01-15,ACC0029,"Marlow ""Fine"" Foods",6458,GBP,DEBIT,RETURNED
B000141,2026-03-06,ACC0030,Bolt & Screw Ltd,11153,GBP,CREDIT,SETTLED
B000142,2026-02-26,ACC0017,Sandbrook Utilities,5953,GBP,DEBIT,UNSETTLED
B000143,2026-03-22,ACC0008,"Wembley Tyres, Ltd",13341,GBP,DEBIT,SETTLED
B000144,2026-01-07,ACC0052,The Old Print Works,1366,GBP,CREDIT,RETURNED
B000145,2026-02-20,ACC0117,Sandbrook Utilities,3237,GBP,DEBIT,UNSETTLED
B000146,2026-01-02,ACC0113,Corner Cafe,21919,GBP,DEBIT,UNSETTLED
B000147,2026-03-15,ACC0057,"Marlow ""Fine"" Foods",15398,GBP,CREDIT,RETURNED
B000148,2026-02-17,ACC0062,Northline Freight,1367,GBP,DEBIT,SETTLED
B000149,2026-01-13,ACC0036,Ashvale Clinic,3727,GBP,DEBIT,SETTLED
B000150,2026-03-29,ACC0018,Corner Cafe,2320,GBP,DEBIT,SETTLED
B000151,2026-03-26,ACC0054,"Wembley Tyres, Ltd",16250,GBP,CREDIT,UNSETTLED
B000152,2026-01-06,ACC0007,Ashvale Clinic,25453,GBP,CREDIT,UNSETTLED
B000153,2026-01-22,ACC0077,Kite Digital,19954,GBP,DEBIT,SETTLED
B000154,2026-01-16,ACC0086,Kite Digital,9225,GBP,DEBIT,UNSETTLED
B000155,2026-03-24,ACC0115,The Old Print Works,5470,GBP,CREDIT,SETTLED
B000156,2026-02-19,ACC0038,Kite Digital,1581,GBP,CREDIT,SETTLED
B000157,2026-03-06,ACC0033,Kite Digital,7016,GBP,DEBIT,RETURNED
B000158,2026-01-04,ACC0056,Ashvale Clinic,3970,GBP,CREDIT,SETTLED
B000159,2026-01-18,ACC0010,Petra Logistics,34842,GBP,DEBIT,SETTLED
B000160,2026-02-21,ACC0028,Bolt & Screw Ltd,6135,GBP,DEBIT,UNSETTLED
B000161,2026-01-12,ACC0012,"Marlow ""Fine"" Foods",12631,GBP,DEBIT,SETTLED
B000162,2026-03-31,ACC0044,Sandbrook Utilities,23010,GBP,CREDIT,SETTLED
B000163,2026-02-17,ACC0031,Petra Logistics,5416,GBP,DEBIT,SETTLED
B000164,2026-03-14,ACC0093,Ashvale Clinic,10400,GBP,DEBIT,SETTLED
B000165,2026-01-25,ACC0063,Northline Freight,2457,GBP,DEBIT,SETTLED
B000166,2026-03-10,ACC0075,"Wembley Tyres, Ltd",10767,GBP,DEBIT,UNSETTLED
B000167,2026-01-18,ACC0085,Corner Cafe,12792,GBP,DEBIT,SETTLED
B000168,2026-02-28,ACC0085,Bolt & Screw Ltd,6182,GBP,CREDIT,RETURNED
B000169,2026-02-08,ACC0077,"Wembley Tyres, Ltd",2416,GBP,DEBIT,UNSETTLED
B000170,2026-01-03,ACC0064,Petra Logistics,4457,GBP,DEBIT,UNSETTLED
B000171,2026-02-21,ACC0003,The Old Print Works,3475,GBP,DEBIT,UNSETTLED
B000172,2026-02-07,ACC0042,Kite Digital,11751,GBP,DEBIT,UNSETTLED
B000173,2026-02-18,ACC0084,"Wembley Tyres, Ltd",10215,GBP,DEBIT,RETURNED
B000174,2026-03-24,ACC0093,"Marlow ""Fine"" Foods",22931,GBP,CREDIT,RETURNED
B000175,2026-01-07,ACC0001,"Marlow ""Fine"" Foods",1260,GBP,DEBIT,RETURNED
B000176,2026-01-18,ACC0088,Ashvale Clinic,5414,GBP,DEBIT,RETURNED
B000177,2026-02-27,ACC0093,"Wembley Tyres, Ltd",13046,GBP,CREDIT,UNSETTLED
B000178,2026-01-06,ACC0055,"Wembley Tyres, Ltd",4984,GBP,DEBIT,SETTLED
B000179,2026-01-04,ACC0063,"Marlow ""Fine"" Foods",14137,GBP,CREDIT,SETTLED
B000180,2026-01-11,ACC0041,Ashvale Clinic,3933,GBP,DEBIT,SETTLED
B000181,2026-01-03,ACC0115,Harrow Sports Club,16715,GBP,DEBIT,RETURNED
B000182,2026-03-21,ACC0066,Sandbrook Utilities,34298,GBP,DEBIT,UNSETTLED
B000183,2026-01-10,ACC0018,Ashvale Clinic,1155,GBP,DEBIT,SETTLED
B000184,2026-02-03,ACC0079,The Old Print Works,5546,GBP,DEBIT,UNSETTLED
B000185,2026-03-01,ACC0064,Bolt & Screw Ltd,11709,GBP,CREDIT,SETTLED
B000186,2026-03-08,ACC0027,Sandbrook Utilities,1804,GBP,CREDIT,SETTLED
B000187,2026-03-16,ACC0021,"Wembley Tyres, Ltd",2156,GBP,CREDIT,SETTLED
B000188,2026-02-16,ACC0067,Sandbrook Utilities,1072,GBP,CREDIT,UNSETTLED
B000189,2026-03-10,ACC0114,Petra Logistics,9769,GBP,DEBIT,RETURNED
B000190,2026-03-22,ACC0044,Harrow Sports Club,9773,GBP,DEBIT,SETTLED
B000191,2026-01-04,ACC0025,"Wembley Tyres, Ltd",11420,GBP,DEBIT,UNSETTLED
B000192,2026-02-15,ACC0065,Ashvale Clinic,5586,GBP,CREDIT,UNSETTLED
B000193,2026-02-13,ACC0108,Ashvale Clinic,2642,GBP,CREDIT,SETTLED
B000194,2026-01-25,ACC0094,Sandbrook Utilities,2724,GBP,CREDIT,RETURNED
B000195,2026-02-14,ACC0050,"Wembley Tyres, Ltd",5095,GBP,DEBIT,SETTLED
B000196,2026-03-06,ACC0049,Corner Cafe,2290,GBP,DEBIT,RETURNED
B000197,2026-02-20,ACC0007,Bolt & Screw Ltd,2334,GBP,DEBIT,SETTLED
B000198,2026-02-07,ACC0086,Harrow Sports Club,1820,GBP,DEBIT,SETTLED
B000199,2026-02-05,ACC0070,Dhillon & Sons,3977,GBP,DEBIT,RETURNED
B000200,2026-02-02,ACC0078,Ashvale Clinic,2586,GBP,CREDIT,UNSETTLED
B000201,2026-01-09,ACC0034,Northline Freight,26050,GBP,DEBIT,SETTLED
B000202,2026-02-10,ACC0015,Ashvale Clinic,1376,GBP,CREDIT,SETTLED
B000203,2026-03-21,ACC0079,"Wembley Tyres, Ltd",7616,GBP,DEBIT,UNSETTLED
B000204,2026-01-11,ACC0106,Corner Cafe,8703,GBP,DEBIT,RETURNED
B000205,2026-01-30,ACC0101,Corner Cafe,5622,GBP,CREDIT,RETURNED
B000206,2026-03-05,ACC0070,Ashvale Clinic,8842,GBP,DEBIT,RETURNED
B000207,2026-01-09,ACC0030,Bolt & Screw Ltd,1994,GBP,DEBIT,SETTLED
B000208,2026-02-22,ACC0110,"Marlow ""Fine"" Foods",6159,GBP,DEBIT,UNSETTLED
B000209,2026-02-27,ACC0016,Bolt & Screw Ltd,19750,GBP,DEBIT,RETURNED
B000210,2026-01-21,ACC0120,Harrow Sports Club,7524,GBP,CREDIT,SETTLED
B000211,2026-03-15,ACC0073,"Marlow ""Fine"" Foods",57500,GBP,DEBIT,SETTLED
B000212,2026-03-06,ACC0004,Petra Logistics,5468,GBP,DEBIT,SETTLED
B000213,2026-02-17,ACC0012,Petra Logistics,18701,GBP,DEBIT,RETURNED
B000214,2026-03-03,ACC0120,Dhillon & Sons,10621,GBP,DEBIT,SETTLED
B000215,2026-02-18,ACC0071,Northline Freight,4480,GBP,DEBIT,SETTLED
B000216,2026-01-27,ACC0069,The Old Print Works,3192,GBP,CREDIT,SETTLED
B000217,2026-03-01,ACC0022,Ashvale Clinic,19490,GBP,CREDIT,SETTLED
B000218,2026-01-07,ACC0021,Sandbrook Utilities,8650,GBP,DEBIT,SETTLED
B000219,2026-01-27,ACC0106,Corner Cafe,1326,GBP,DEBIT,SETTLED
B000220,2026-01-01,ACC0092,Ashvale Clinic,2933,GBP,DEBIT,RETURNED
B000221,2026-02-02,ACC0071,Corner Cafe,3612,GBP,CREDIT,SETTLED
B000222,2026-01-27,ACC0042,The Old Print Works,7457,GBP,DEBIT,RETURNED
B000223,2026-01-31,ACC0089,"Wembley Tyres, Ltd",11729,GBP,CREDIT,RETURNED
B000224,2026-01-15,ACC0050,Sandbrook Utilities,5531,GBP,DEBIT,SETTLED
B000225,2026-02-12,ACC0027,The Old Print Works,15929,GBP,DEBIT,RETURNED
B000226,2026-03-30,ACC0026,Corner Cafe,2831,GBP,DEBIT,RETURNED
B000227,2026-02-28,ACC0023,Corner Cafe,5717,GBP,DEBIT,SETTLED
B000228,2026-03-16,ACC0036,The Old Print Works,3360,GBP,DEBIT,UNSETTLED
B000229,2026-03-01,ACC0004,Bolt & Screw Ltd,3317,GBP,DEBIT,SETTLED
B000230,2026-02-21,ACC0105,Northline Freight,3700,GBP,DEBIT,RETURNED
B000231,2026-02-19,ACC0041,Bolt & Screw Ltd,6026,GBP,DEBIT,SETTLED
B000232,2026-01-26,ACC0083,Sandbrook Utilities,4141,GBP,DEBIT,SETTLED
B000233,2026-03-22,ACC0070,Bolt & Screw Ltd,2517,GBP,DEBIT,SETTLED
B000234,2026-03-20,ACC0100,Harrow Sports Club,34470,GBP,DEBIT,SETTLED
B000235,2026-03-08,ACC0119,Petra Logistics,3278,GBP,CREDIT,SETTLED
B000236,2026-03-22,ACC0045,Bolt & Screw Ltd,41441,GBP,DEBIT,UNSETTLED
B000237,2026-02-06,ACC0006,Bolt & Screw Ltd,3148,GBP,DEBIT,RETURNED
B000238,2026-02-13,ACC0065,The Old Print Works,4641,GBP,DEBIT,RETURNED
B000239,2026-01-06,ACC0087,Harrow Sports Club,3397,GBP,DEBIT,SETTLED
B000240,2026-03-26,ACC0042,Sandbrook Utilities,13559,GBP,DEBIT,SETTLED
B000241,2026-02-09,ACC0044,The Old Print Works,7341,GBP,DEBIT,UNSETTLED
B000242,2026-03-03,ACC0046,Bolt & Screw Ltd,3224,GBP,DEBIT,RETURNED
B000243,2026-02-25,ACC0099,Northline Freight,9055,GBP,DEBIT,SETTLED
B000244,2026-03-22,ACC0083,Ashvale Clinic,13560,GBP,DEBIT,SETTLED
B000245,2026-02-03,ACC0082,Kite Digital,1885,GBP,DEBIT,SETTLED
B000246,2026-01-18,ACC0005,Corner Cafe,23025,GBP,CREDIT,UNSETTLED
B000247,2026-01-31,ACC0043,Ashvale Clinic,7141,GBP,DEBIT,RETURNED
B000248,2026-01-06,ACC0111,Dhillon & Sons,4862,GBP,CREDIT,RETURNED
B000249,2026-01-26,ACC0090,Northline Freight,12483,GBP,CREDIT,RETURNED
B000250,2026-03-22,ACC0052,Northline Freight,1942,GBP,DEBIT,RETURNED
B000251,2026-03-08,ACC0043,Dhillon & Sons,4689,GBP,CREDIT,SETTLED
B000252,2026-02-11,ACC0002,Kite Digital,2885,GBP,DEBIT,SETTLED
B000253,2026-01-18,ACC0091,Kite Digital,55496,GBP,DEBIT,SETTLED
B000254,2026-01-31,ACC0052,Harrow Sports Club,28360,GBP,DEBIT,SETTLED
B000255,2026-01-20,ACC0075,"Marlow ""Fine"" Foods",2388,GBP,DEBIT,RETURNED
B000256,2026-01-06,ACC0097,Northline Freight,13015,GBP,DEBIT,SETTLED
B000257,2026-01-12,ACC0009,"Marlow ""Fine"" Foods",3098,GBP,DEBIT,UNSETTLED
B000258,2026-01-15,ACC0070,Kite Digital,2831,GBP,CREDIT,RETURNED
B000259,2026-02-15,ACC0080,Dhillon & Sons,15132,GBP,CREDIT,UNSETTLED
B000260,2026-01-22,ACC0033,Dhillon & Sons,3478,GBP,CREDIT,UNSETTLED
B000261,2026-03-12,ACC0037,Kite Digital,38656,GBP,CREDIT,SETTLED
B000262,2026-03-08,ACC0056,Kite Digital,1993,GBP,DEBIT,RETURNED
B000263,2026-01-28,ACC0093,Bolt & Screw Ltd,4592,GBP,DEBIT,RETURNED
B000264,2026-03-25,ACC0100,Kite Digital,6423,GBP,CREDIT,UNSETTLED
B000265,2026-03-11,ACC0021,Harrow Sports Club,11017,GBP,DEBIT,SETTLED
B000266,2026-01-08,ACC0119,Ashvale Clinic,26072,GBP,DEBIT,SETTLED
B000267,2026-03-29,ACC0033,Kite Digital,7329,GBP,DEBIT,RETURNED
B000268,2026-02-25,ACC0044,The Old Print Works,6877,GBP,DEBIT,SETTLED
B000269,2026-03-05,ACC0041,Dhillon & Sons,2493,GBP,DEBIT,SETTLED
B000270,2026-02-01,ACC0046,The Old Print Works,20136,GBP,DEBIT,SETTLED
B000271,2026-02-19,ACC0102,Corner Cafe,3112,GBP,DEBIT,UNSETTLED
B000272,2026-03-05,ACC0032,Harrow Sports Club,16260,GBP,DEBIT,SETTLED
B000273,2026-01-02,ACC0055,Dhillon & Sons,6106,GBP,DEBIT,SETTLED
B000274,2026-03-15,ACC0098,Petra Logistics,7322,GBP,DEBIT,SETTLED
B000275,2026-02-19,ACC0019,The Old Print Works,4308,GBP,DEBIT,SETTLED
B000276,2026-01-17,ACC0093,Corner Cafe,14775,GBP,DEBIT,SETTLED
B000277,2026-03-07,ACC0093,Bolt & Screw Ltd,1778,GBP,DEBIT,UNSETTLED
B000278,2026-03-10,ACC0066,Petra Logistics,10676,GBP,DEBIT,SETTLED
B000279,2026-02-02,ACC0084,Bolt & Screw Ltd,5231,GBP,DEBIT,SETTLED
B000280,2026-03-23,ACC0103,Harrow Sports Club,842,GBP,CREDIT,SETTLED
B000281,2026-01-04,ACC0025,Bolt & Screw Ltd,7708,GBP,CREDIT,UNSETTLED
B000282,2026-03-04,ACC0054,Harrow Sports Club,8871,GBP,CREDIT,UNSETTLED
B000283,2026-03-09,ACC0037,Petra Logistics,6449,GBP,DEBIT,SETTLED
B000284,2026-02-17,ACC0078,Corner Cafe,35896,GBP,DEBIT,SETTLED
B000285,2026-01-24,ACC0020,Dhillon & Sons,49125,GBP,DEBIT,SETTLED
B000286,2026-03-31,ACC0106,Sandbrook Utilities,5044,GBP,DEBIT,UNSETTLED
B000287,2026-03-12,ACC0058,Petra Logistics,26973,GBP,DEBIT,UNSETTLED
B000288,2026-03-18,ACC0040,Petra Logistics,2754,GBP,DEBIT,RETURNED
B000289,2026-01-14,ACC0037,Sandbrook Utilities,2235,GBP,CREDIT,SETTLED
B000290,2026-03-29,ACC0028,Sandbrook Utilities,3020,GBP,DEBIT,SETTLED
B000291,2026-02-20,ACC0089,"Marlow ""Fine"" Foods",12174,GBP,CREDIT,SETTLED
B000292,2026-02-16,ACC0102,Sandbrook Utilities,4175,GBP,CREDIT,UNSETTLED
B000293,2026-03-06,ACC0039,"Wembley Tyres, Ltd",7021,GBP,CREDIT,SETTLED
B000294,2026-03-30,ACC0057,Sandbrook Utilities,5969,GBP,CREDIT,SETTLED
B000295,2026-02-13,ACC0065,The Old Print Works,2083,GBP,DEBIT,RETURNED
B000296,2026-01-14,ACC0002,Ashvale Clinic,7575,GBP,DEBIT,SETTLED
B000297,2026-03-05,ACC0089,Harrow Sports Club,10881,GBP,DEBIT,SETTLED
B000298,2026-02-19,ACC0092,Dhillon & Sons,3279,GBP,DEBIT,RETURNED
B000299,2026-03-06,ACC0109,Petra Logistics,1304,GBP,DEBIT,UNSETTLED
B000300,2026-03-10,ACC0012,Dhillon & Sons,15710,GBP,CREDIT,UNSETTLED
B000301,2026-03-23,ACC0042,Dhillon & Sons,1612,GBP,DEBIT,RETURNED
B000302,2026-01-02,ACC0063,Harrow Sports Club,4788,GBP,DEBIT,UNSETTLED
B000303,2026-01-28,ACC0038,The Old Print Works,1839,GBP,CREDIT,SETTLED
B000304,2026-02-27,ACC0061,Ashvale Clinic,3342,GBP,CREDIT,UNSETTLED
B000305,2026-03-12,ACC0058,Petra Logistics,3579,GBP,DEBIT,UNSETTLED
B000306,2026-01-25,ACC0047,Dhillon & Sons,3904,GBP,DEBIT,UNSETTLED
B000307,2026-02-04,ACC0037,Petra Logistics,4539,GBP,CREDIT,RETURNED
B000308,2026-03-27,ACC0030,Bolt & Screw Ltd,8250,GBP,CREDIT,SETTLED
B000309,2026-03-09,ACC0055,Bolt & Screw Ltd,11633,GBP,DEBIT,UNSETTLED
B000310,2026-02-16,ACC0079,Dhillon & Sons,10509,GBP,CREDIT,RETURNED
B000311,2026-01-13,ACC0009,Petra Logistics,10582,GBP,DEBIT,SETTLED
B000312,2026-03-24,ACC0111,Bolt & Screw Ltd,14565,GBP,DEBIT,RETURNED
B000313,2026-03-04,ACC0107,Harrow Sports Club,26372,GBP,DEBIT,RETURNED
B000314,2026-02-15,ACC0099,"Wembley Tyres, Ltd",6405,GBP,CREDIT,SETTLED
B000315,2026-03-20,ACC0071,Bolt & Screw Ltd,2250,GBP,DEBIT,RETURNED
B000316,2026-02-10,ACC0062,Dhillon & Sons,7419,GBP,DEBIT,SETTLED
B000317,2026-01-05,ACC0073,The Old Print Works,16189,GBP,CREDIT,UNSETTLED
B000318,2026-02-09,ACC0018,Northline Freight,2282,GBP,CREDIT,RETURNED
B000319,2026-03-13,ACC0037,Kite Digital,2313,GBP,DEBIT,SETTLED
B000320,2026-01-14,ACC0089,Northline Freight,21014,GBP,CREDIT,SETTLED
B000321,2026-03-31,ACC0064,Harrow Sports Club,34770,GBP,DEBIT,SETTLED
B000322,2026-03-14,ACC0019,"Wembley Tyres, Ltd",782,GBP,DEBIT,UNSETTLED
B000323,2026-02-04,ACC0089,The Old Print Works,9553,GBP,DEBIT,RETURNED
B000324,2026-02-05,ACC0088,Dhillon & Sons,10706,GBP,DEBIT,RETURNED
B000325,2026-03-27,ACC0028,Kite Digital,6404,GBP,CREDIT,SETTLED
B000326,2026-02-28,ACC0043,Ashvale Clinic,9303,GBP,CREDIT,UNSETTLED
B000327,2026-01-22,ACC0042,Dhillon & Sons,3689,GBP,CREDIT,RETURNED
B000328,2026-03-27,ACC0050,Bolt & Screw Ltd,7253,GBP,CREDIT,SETTLED
B000329,2026-03-16,ACC0084,Harrow Sports Club,13116,GBP,CREDIT,SETTLED
B000330,2026-01-21,ACC0113,Harrow Sports Club,18573,GBP,CREDIT,SETTLED
B000331,2026-02-06,ACC0115,Bolt & Screw Ltd,59852,GBP,DEBIT,SETTLED
B000332,2026-03-10,ACC0103,Bolt & Screw Ltd,21320,GBP,DEBIT,SETTLED
B000333,2026-01-09,ACC0097,Corner Cafe,5084,GBP,CREDIT,UNSETTLED
B000334,2026-02-19,ACC0077,Kite Digital,6755,GBP,DEBIT,RETURNED
B000335,2026-03-06,ACC0009,Ashvale Clinic,13952,GBP,DEBIT,UNSETTLED
B000336,2026-02-19,ACC0035,"Wembley Tyres, Ltd",3048,GBP,CREDIT,UNSETTLED
B000337,2026-03-10,ACC0084,Corner Cafe,,GBP,CREDIT,RETURNED
B000338,2026-03-27,ACC0104,Dhillon & Sons,4509,GBP,CREDIT,SETTLED
B000339,2026-02-20,ACC0021,Dhillon & Sons,38410,GBP,DEBIT,RETURNED
B000340,2026-02-09,ACC0016,The Old Print Works,4720,GBP,DEBIT,SETTLED
B000341,2026-01-18,ACC0066,Northline Freight,676,GBP,DEBIT,SETTLED
B000342,2026-02-01,ACC0042,Sandbrook Utilities,3259,GBP,DEBIT,UNSETTLED
B000343,2026-03-13,ACC0073,Dhillon & Sons,2181,GBP,DEBIT,UNSETTLED
B000344,2026-02-03,ACC0017,Harrow Sports Club,2667,GBP,DEBIT,SETTLED
B000345,2026-01-29,ACC0066,The Old Print Works,32559,GBP,DEBIT,RETURNED
B000346,2026-01-25,ACC0030,Petra Logistics,12115,GBP,DEBIT,SETTLED
B000347,2026-01-03,ACC0003,Harrow Sports Club,15541,GBP,DEBIT,RETURNED
B000348,2026-02-07,ACC0100,Northline Freight,4509,GBP,CREDIT,UNSETTLED
B000349,2026-01-27,ACC0024,Sandbrook Utilities,10745,GBP,DEBIT,RETURNED
B000350,2026-01-29,ACC0112,The Old Print Works,11883,GBP,CREDIT,SETTLED
B000351,2026-02-09,ACC0057,Harrow Sports Club,2086,GBP,DEBIT,SETTLED
B000352,2026-01-07,ACC0007,Petra Logistics,3162,GBP,DEBIT,SETTLED
B000353,2026-01-29,ACC0048,"Marlow ""Fine"" Foods",15784,GBP,DEBIT,SETTLED
B000354,2026-02-28,ACC0036,Sandbrook Utilities,3698,GBP,DEBIT,RETURNED
B000355,2026-02-28,ACC0015,Bolt & Screw Ltd,1974,GBP,DEBIT,SETTLED
B000356,2026-01-27,ACC0046,"Wembley Tyres, Ltd",3714,GBP,CREDIT,SETTLED
B000357,2026-02-25,ACC0086,Corner Cafe,1828,GBP,CREDIT,SETTLED
B000358,2026-03-29,ACC0070,Dhillon & Sons,625,GBP,CREDIT,UNSETTLED
B000359,2026-01-07,ACC0057,"Wembley Tyres, Ltd",57266,GBP,CREDIT,SETTLED
B000360,2026-01-08,ACC0106,"Marlow ""Fine"" Foods",12170,GBP,DEBIT,SETTLED
B000361,2026-01-07,ACC0077,Kite Digital,11093,GBP,CREDIT,UNSETTLED
B000362,2026-01-30,ACC0110,The Old Print Works,21981,GBP,DEBIT,RETURNED
B000363,2026-03-30,ACC0035,Petra Logistics,5388,GBP,DEBIT,SETTLED
B000364,2026-03-27,ACC0028,Harrow Sports Club,26831,GBP,DEBIT,SETTLED
B000365,2026-02-10,ACC0008,Harrow Sports Club,9168,GBP,DEBIT,RETURNED
B000366,2026-02-06,ACC0086,Sandbrook Utilities,2509,GBP,CREDIT,RETURNED
B000367,2026-02-10,ACC0085,Ashvale Clinic,3830,GBP,DEBIT,UNSETTLED
B000368,2026-02-01,ACC0008,Harrow Sports Club,7678,GBP,CREDIT,RETURNED
B000369,2026-01-04,ACC0054,Ashvale Clinic,15644,GBP,DEBIT,UNSETTLED
B000370,2026-01-17,ACC0068,Petra Logistics,1006,GBP,DEBIT,SETTLED
B000371,2026-01-24,ACC0002,"Wembley Tyres, Ltd",13160,GBP,DEBIT,SETTLED
B000372,2026-02-25,ACC0026,Dhillon & Sons,3959,GBP,DEBIT,SETTLED
B000373,2026-03-11,ACC0049,"Wembley Tyres, Ltd",51079,GBP,DEBIT,RETURNED
B000374,2026-02-13,ACC0112,The Old Print Works,4423,GBP,CREDIT,RETURNED
B000375,2026-03-10,ACC0117,Dhillon & Sons,7254,GBP,CREDIT,RETURNED
B000376,2026-03-19,ACC0067,Kite Digital,3066,GBP,DEBIT,UNSETTLED
B000377,2026-02-03,ACC0092,Petra Logistics,728,GBP,DEBIT,UNSETTLED
B000378,2026-03-28,ACC0095,Petra Logistics,20592,GBP,DEBIT,SETTLED
B000379,2026-02-04,ACC0062,Kite Digital,5202,GBP,DEBIT,SETTLED
B000380,2026-02-11,ACC0009,"Wembley Tyres, Ltd",22016,GBP,CREDIT,RETURNED
B000381,2026-02-03,ACC0106,Bolt & Screw Ltd,5350,GBP,DEBIT,SETTLED
B000382,2026-03-21,ACC0106,Corner Cafe,2085,GBP,CREDIT,UNSETTLED
B000383,2026-01-28,ACC0015,Ashvale Clinic,7188,GBP,CREDIT,SETTLED
B000384,2026-01-03,ACC0017,Sandbrook Utilities,5915,GBP,CREDIT,SETTLED
B000385,2026-03-05,ACC0099,Sandbrook Utilities,3982,GBP,DEBIT,UNSETTLED
B000386,2026-02-04,ACC0041,Sandbrook Utilities,5507,GBP,DEBIT,SETTLED
B000387,2026-03-18,ACC0097,"Wembley Tyres, Ltd",2806,GBP,DEBIT,UNSETTLED
B000388,2026-03-26,ACC0024,"Marlow ""Fine"" Foods",10978,GBP,DEBIT,UNSETTLED
B000389,2026-01-22,ACC0120,Ashvale Clinic,2625,GBP,DEBIT,SETTLED
B000390,2026-01-27,ACC0002,Dhillon & Sons,1556,GBP,DEBIT,RETURNED
B000391,2026-01-16,ACC0041,Petra Logistics,780,GBP,DEBIT,SETTLED
B000392,2026-03-12,ACC0117,Bolt & Screw Ltd,8703,GBP,DEBIT,RETURNED
B000393,2026-03-14,ACC0114,Ashvale Clinic,12909,GBP,CREDIT,UNSETTLED
B000394,2026-02-20,ACC0003,Ashvale Clinic,25444,GBP,CREDIT,SETTLED
B000395,2026-03-21,ACC0063,Dhillon & Sons,3793,GBP,CREDIT,SETTLED
B000396,2026-03-15,ACC0014,Petra Logistics,21553,GBP,CREDIT,RETURNED
B000397,2026-01-12,ACC0053,Petra Logistics,12173,GBP,CREDIT,SETTLED
B000398,2026-03-17,ACC0007,Corner Cafe,4350,GBP,CREDIT,SETTLED
B000399,2026-02-22,ACC0060,Dhillon & Sons,2641,GBP,CREDIT,SETTLED
B000400,2026-01-08,ACC0087,Northline Freight,3780,GBP,CREDIT,UNSETTLED
B000401,2026-02-14,ACC0011,The Old Print Works,13659,GBP,CREDIT,UNSETTLED
B000402,2026-01-05,ACC0023,Ashvale Clinic,5413,GBP,CREDIT,RETURNED
B000403,2026-03-01,ACC0004,Sandbrook Utilities,7470,GBP,DEBIT,UNSETTLED
B000404,2026-03-14,ACC0060,Corner Cafe,7564,GBP,DEBIT,SETTLED
B000405,2026-01-25,ACC0076,Northline Freight,32367,GBP,CREDIT,SETTLED
B000406,2026-02-04,ACC0040,"Wembley Tyres, Ltd",13380,GBP,CREDIT,SETTLED
B000407,2026-02-02,ACC0062,"Marlow ""Fine"" Foods",14612,GBP,DEBIT,RETURNED
B000408,2026-01-14,ACC0025,Bolt & Screw Ltd,10679,GBP,CREDIT,UNSETTLED
B000409,2026-03-23,ACC0069,"Wembley Tyres, Ltd",2422,GBP,DEBIT,SETTLED
B000410,2026-01-06,ACC0009,Sandbrook Utilities,12320,GBP,DEBIT,RETURNED
B000411,2026-01-13,ACC0108,The Old Print Works,3390,GBP,DEBIT,SETTLED
B000412,2026-02-20,ACC0005,Petra Logistics,3193,GBP,CREDIT,SETTLED
B000413,2026-03-31,ACC0047,Bolt & Screw Ltd,3273,GBP,CREDIT,UNSETTLED
B000414,2026-02-06,ACC0068,The Old Print Works,2276,GBP,DEBIT,RETURNED
B000415,2026-01-01,ACC0068,Ashvale Clinic,3745,GBP,DEBIT,SETTLED
B000416,2026-03-08,ACC0113,Ashvale Clinic,10239,GBP,DEBIT,RETURNED
B000417,2026-01-02,ACC0118,Corner Cafe,6254,GBP,DEBIT,SETTLED
B000418,2026-01-22,ACC0079,Ashvale Clinic,56535,GBP,CREDIT,UNSETTLED
B000419,2026-03-29,ACC0023,Northline Freight,2632,GBP,DEBIT,SETTLED
B000420,2026-01-28,ACC0050,Northline Freight,10365,GBP,DEBIT,UNSETTLED
B000421,2026-02-09,ACC0106,Harrow Sports Club,5408,GBP,DEBIT,RETURNED
B000422,2026-02-08,ACC0009,Ashvale Clinic,7308,GBP,DEBIT,SETTLED
B000423,2026-01-30,ACC0111,Kite Digital,1965,GBP,CREDIT,SETTLED
B000424,2026-03-21,ACC0094,Corner Cafe,52953,GBP,CREDIT,UNSETTLED
B000425,2026-02-04,ACC0112,"Wembley Tyres, Ltd",3224,GBP,DEBIT,SETTLED
B000426,2026-01-28,ACC0120,Dhillon & Sons,19684,GBP,CREDIT,UNSETTLED
B000427,2026-02-15,ACC0032,The Old Print Works,719,GBP,DEBIT,RETURNED
B000428,2026-03-10,ACC0115,Dhillon & Sons,2066,GBP,CREDIT,SETTLED
B000429,2026-02-23,ACC0020,The Old Print Works,5874,GBP,DEBIT,SETTLED
B000430,2026-03-19,ACC0019,Bolt & Screw Ltd,10083,GBP,CREDIT,SETTLED
B000431,2026-02-03,ACC0115,Ashvale Clinic,6032,GBP,DEBIT,UNSETTLED
B000432,2026-01-29,ACC0012,Kite Digital,30349,GBP,DEBIT,RETURNED
B000433,2026-03-27,ACC0034,Sandbrook Utilities,1316,GBP,DEBIT,SETTLED
B000434,2026-01-09,ACC0025,The Old Print Works,21941,GBP,CREDIT,SETTLED
B000435,2026-03-31,ACC0070,"Wembley Tyres, Ltd",6154,GBP,DEBIT,RETURNED
B000436,2026-01-26,ACC0086,Northline Freight,9526,GBP,CREDIT,UNSETTLED
B000437,2026-01-23,ACC0014,"Marlow ""Fine"" Foods",14140,GBP,CREDIT,UNSETTLED
B000438,2026-02-09,ACC0028,Bolt & Screw Ltd,19647,GBP,DEBIT,RETURNED
B000439,2026-01-18,ACC0009,"Wembley Tyres, Ltd",6255,GBP,DEBIT,SETTLED
B000440,2026-01-17,ACC0106,Dhillon & Sons,1692,GBP,DEBIT,RETURNED
B000441,2026-03-19,ACC0010,Bolt & Screw Ltd,48410,GBP,DEBIT,SETTLED
B000442,2026-02-09,ACC0046,Bolt & Screw Ltd,3452,GBP,DEBIT,UNSETTLED
B000443,2026-03-27,ACC0060,Kite Digital,4128,GBP,DEBIT,RETURNED
B000444,2026-02-14,ACC0119,Sandbrook Utilities,946,GBP,DEBIT,RETURNED
B000445,2026-01-29,ACC0102,"Wembley Tyres, Ltd",20368,GBP,DEBIT,SETTLED
B000446,2026-03-28,ACC0058,The Old Print Works,3166,GBP,DEBIT,UNSETTLED
B000447,2026-01-08,ACC0053,"Marlow ""Fine"" Foods",2617,GBP,CREDIT,RETURNED
B000448,2026-02-11,ACC0051,Northline Freight,6703,GBP,CREDIT,RETURNED
B000449,2026-01-05,ACC0052,Corner Cafe,20008,GBP,DEBIT,SETTLED
B000450,2026-03-19,ACC0117,Kite Digital,445,GBP,DEBIT,RETURNED
B000451,2026-03-13,ACC0081,Kite Digital,48436,GBP,DEBIT,SETTLED
B000452,2026-01-21,ACC0116,Dhillon & Sons,29321,GBP,DEBIT,RETURNED
B000453,2026-03-25,ACC0107,Bolt & Screw Ltd,5119,GBP,DEBIT,UNSETTLED
B000454,2026-02-25,ACC0030,Ashvale Clinic,5054,GBP,CREDIT,SETTLED
B000455,2026-01-22,ACC0004,Ashvale Clinic,13078,GBP,CREDIT,RETURNED
B000456,2026-02-11,ACC0097,Dhillon & Sons,11323,GBP,CREDIT,RETURNED
B000457,2026-02-28,ACC0117,Petra Logistics,19586,GBP,DEBIT,SETTLED
B000458,2026-01-17,ACC0100,Sandbrook Utilities,4513,GBP,CREDIT,RETURNED
B000459,2026-03-07,ACC0043,Harrow Sports Club,538,GBP,DEBIT,SETTLED
B000460,2026-03-19,ACC0054,"Marlow ""Fine"" Foods",22876,GBP,DEBIT,SETTLED
B000461,2026-01-23,ACC0115,Sandbrook Utilities,25751,GBP,DEBIT,RETURNED
B000462,2026-03-12,ACC0083,Bolt & Screw Ltd,2002,GBP,DEBIT,RETURNED
B000463,2026-01-05,ACC0119,Dhillon & Sons,10724,GBP,DEBIT,SETTLED
B000464,2026-02-17,ACC0078,Harrow Sports Club,18645,GBP,DEBIT,SETTLED
B000465,2026-02-16,ACC0044,Ashvale Clinic,2306,GBP,DEBIT,SETTLED
B000466,2026-03-22,ACC0084,Petra Logistics,7563,GBP,DEBIT,SETTLED
B000467,2026-01-25,ACC0102,Northline Freight,3823,GBP,DEBIT,SETTLED
B000468,2026-01-19,ACC0030,Petra Logistics,18288,GBP,CREDIT,SETTLED
B000469,2026-02-25,ACC0066,The Old Print Works,8027,GBP,DEBIT,SETTLED
B000470,2026-01-09,ACC0034,"Wembley Tyres, Ltd",5651,GBP,DEBIT,SETTLED
B000471,2026-01-14,ACC0089,Dhillon & Sons,3444,GBP,DEBIT,SETTLED
B000472,2026-02-15,ACC0010,Petra Logistics,4315,GBP,CREDIT,UNSETTLED
B000473,2026-03-18,ACC0069,Bolt & Screw Ltd,1343,GBP,DEBIT,SETTLED
B000474,2026-03-01,ACC0120,Sandbrook Utilities,1746,GBP,CREDIT,UNSETTLED
B000475,2026-02-06,ACC0077,"Marlow ""Fine"" Foods",5643,GBP,DEBIT,UNSETTLED
B000476,2026-02-24,ACC0018,Ashvale Clinic,3498,GBP,DEBIT,UNSETTLED
B000477,2026-01-17,ACC0067,Northline Freight,1817,GBP,DEBIT,UNSETTLED
B000478,2026-01-14,ACC0068,Ashvale Clinic,10229,GBP,CREDIT,SETTLED
B000479,2026-02-19,ACC0026,"Wembley Tyres, Ltd",1698,GBP,CREDIT,UNSETTLED
B000480,2026-01-24,ACC0031,Corner Cafe,3696,GBP,CREDIT,RETURNED
B000481,2026-02-06,ACC0068,Petra Logistics,17669,GBP,DEBIT,UNSETTLED
B000482,2026-01-12,ACC0110,"Wembley Tyres, Ltd",3452,GBP,DEBIT,SETTLED
B000483,2026-01-16,ACC0089,Dhillon & Sons,3920,GBP,CREDIT,UNSETTLED
B000484,2026-03-09,ACC0108,Corner Cafe,8309,GBP,CREDIT,UNSETTLED
B000485,2026-03-06,ACC0081,Petra Logistics,2571,GBP,DEBIT,SETTLED
B000486,2026-01-13,ACC0042,Bolt & Screw Ltd,5758,GBP,DEBIT,SETTLED
B000487,2026-03-31,ACC0049,Petra Logistics,7564,GBP,DEBIT,SETTLED
B000488,2026-03-07,ACC0057,Kite Digital,13924,GBP,DEBIT,SETTLED
B000489,2026-02-02,ACC0115,Sandbrook Utilities,39816,GBP,CREDIT,SETTLED
B000490,2026-02-04,ACC0075,Petra Logistics,15253,GBP,DEBIT,RETURNED
B000491,2026-02-24,ACC0071,Dhillon & Sons,42078,GBP,DEBIT,SETTLED
B000492,2026-02-27,ACC0066,Corner Cafe,6937,GBP,DEBIT,RETURNED
B000493,2026-01-19,ACC0087,The Old Print Works,9574,GBP,DEBIT,UNSETTLED
B000494,2026-02-27,ACC0088,"Wembley Tyres, Ltd",1415,GBP,CREDIT,UNSETTLED
B000495,2026-02-14,ACC0073,Harrow Sports Club,15653,GBP,DEBIT,UNSETTLED
B000496,2026-02-14,ACC0117,"Wembley Tyres, Ltd",6122,GBP,CREDIT,RETURNED
B000497,2026-02-11,ACC0009,Dhillon & Sons,29558,GBP,CREDIT,RETURNED
B000498,2026-02-07,ACC0087,Kite Digital,52862,GBP,DEBIT,RETURNED
B000499,2026-01-28,ACC0078,Northline Freight,3764,GBP,DEBIT,SETTLED
B000500,2026-01-26,ACC0086,"Wembley Tyres, Ltd",1198,GBP,CREDIT,SETTLED
B000501,2026-03-03,ACC0026,Bolt & Screw Ltd,2178,GBP,DEBIT,RETURNED
B000502,2026-01-06,ACC0118,"Wembley Tyres, Ltd",4154,GBP,DEBIT,SETTLED
B000503,2026-01-18,ACC0028,"Marlow ""Fine"" Foods",14569,GBP,DEBIT,SETTLED
B000504,2026-01-29,ACC0080,Dhillon & Sons,3010,GBP,DEBIT,UNSETTLED
B000505,2026-02-03,ACC0025,Petra Logistics,4577,GBP,CREDIT,SETTLED
B000506,2026-03-30,ACC0014,Bolt & Screw Ltd,7844,GBP,DEBIT,SETTLED
B000507,2026-02-11,ACC0080,Bolt & Screw Ltd,31383,GBP,DEBIT,RETURNED
B000508,2026-02-28,ACC0081,Ashvale Clinic,14310,GBP,DEBIT,SETTLED
B000509,2026-02-28,ACC0067,"Marlow ""Fine"" Foods",191803,GBP,DEBIT,SETTLED
B000510,2026-03-26,ACC0068,Northline Freight,30817,GBP,DEBIT,SETTLED
B000511,2026-03-28,ACC0060,Kite Digital,8468,GBP,CREDIT,UNSETTLED
B000512,2026-01-03,ACC0050,Harrow Sports Club,8017,GBP,DEBIT,SETTLED
B000513,2026-03-06,ACC0023,Bolt & Screw Ltd,12115,GBP,DEBIT,RETURNED
B000514,2026-01-26,ACC0100,"Marlow ""Fine"" Foods",18058,GBP,DEBIT,RETURNED
B000515,2026-03-23,ACC0065,Kite Digital,3184,GBP,CREDIT,SETTLED
B000516,2026-01-24,ACC0096,"Wembley Tyres, Ltd",5158,GBP,DEBIT,SETTLED
B000517,2026-02-12,ACC0011,"Marlow ""Fine"" Foods",3245,GBP,DEBIT,RETURNED
B000518,2026-03-08,ACC0019,Corner Cafe,5349,GBP,CREDIT,UNSETTLED
B000519,2026-03-09,ACC0111,Bolt & Screw Ltd,4003,GBP,DEBIT,SETTLED
B000520,2026-03-27,ACC0113,Dhillon & Sons,31870,GBP,CREDIT,UNSETTLED
B000521,2026-03-24,ACC0030,"Wembley Tyres, Ltd",8905,GBP,DEBIT,UNSETTLED
B000522,2026-02-14,ACC0020,Northline Freight,1330,GBP,DEBIT,RETURNED
B000523,2026-03-18,ACC0085,Harrow Sports Club,4088,GBP,DEBIT,SETTLED
B000524,2026-02-05,ACC0061,Harrow Sports Club,2571,GBP,DEBIT,UNSETTLED
B000525,2026-03-12,ACC0021,Petra Logistics,10479,GBP,DEBIT,UNSETTLED
B000526,2026-02-22,ACC0006,Northline Freight,97719,GBP,DEBIT,UNSETTLED
B000527,2026-01-27,ACC0071,The Old Print Works,20379,GBP,DEBIT,SETTLED
B000528,2026-02-25,ACC0099,Dhillon & Sons,8397,GBP,CREDIT,RETURNED
B000529,2026-03-02,ACC0014,The Old Print Works,3356,GBP,CREDIT,RETURNED
B000530,2026-01-21,ACC0104,Kite Digital,16927,GBP,CREDIT,SETTLED
B000531,2026-03-28,ACC0098,"Marlow ""Fine"" Foods",93510,GBP,CREDIT,SETTLED
B000532,2026-01-25,ACC0083,Northline Freight,17264,GBP,CREDIT,UNSETTLED
B000533,2026-01-17,ACC0078,Northline Freight,6471,GBP,DEBIT,UNSETTLED
B000534,2026-03-10,ACC0094,Ashvale Clinic,4431,GBP,DEBIT,SETTLED
B000535,2026-02-22,ACC0013,Northline Freight,10439,GBP,DEBIT,UNSETTLED
B000536,2026-03-13,ACC0015,Corner Cafe,4827,GBP,CREDIT,SETTLED
B000537,2026-03-27,ACC0084,"Wembley Tyres, Ltd",3350,GBP,DEBIT,RETURNED
B000538,2026-02-28,ACC0067,Corner Cafe,14059,GBP,DEBIT,SETTLED
B000539,2026-02-06,ACC0080,Dhillon & Sons,7993,GBP,DEBIT,SETTLED
B000540,2026-03-19,ACC0091,The Old Print Works,4813,GBP,DEBIT,RETURNED
B000541,2026-01-14,ACC0013,"Marlow ""Fine"" Foods",2234,GBP,DEBIT,UNSETTLED
B000542,2026-03-16,ACC0086,Corner Cafe,6663,GBP,DEBIT,SETTLED
B000543,2026-03-30,ACC0107,Sandbrook Utilities,2014,GBP,DEBIT,UNSETTLED
B000544,2026-02-10,ACC0019,Bolt & Screw Ltd,8419,GBP,DEBIT,UNSETTLED
B000545,2026-03-29,ACC0040,"Wembley Tyres, Ltd",2548,GBP,DEBIT,SETTLED
B000546,2026-03-18,ACC0109,"Wembley Tyres, Ltd",8074,GBP,DEBIT,SETTLED
B000547,2026-03-23,ACC0064,Harrow Sports Club,40032,GBP,DEBIT,SETTLED
B000548,2026-02-18,ACC0089,Ashvale Clinic,17175,GBP,CREDIT,SETTLED
B000549,2026-01-12,ACC0011,Kite Digital,2076,GBP,CREDIT,SETTLED
B000550,2026-01-03,ACC0043,Ashvale Clinic,8094,GBP,DEBIT,SETTLED
B000551,2026-01-08,ACC0084,Bolt & Screw Ltd,3860,GBP,CREDIT,RETURNED
B000552,2026-02-16,ACC0001,Dhillon & Sons,10424,GBP,DEBIT,UNSETTLED
B000553,2026-01-22,ACC0036,"Marlow ""Fine"" Foods",2035,GBP,CREDIT,SETTLED
B000554,2026-03-16,ACC0096,Ashvale Clinic,13746,GBP,DEBIT,SETTLED
B000555,2026-02-16,ACC0039,"Wembley Tyres, Ltd",8279,GBP,DEBIT,UNSETTLED
B000556,2026-03-28,ACC0018,"Marlow ""Fine"" Foods",843,GBP,CREDIT,UNSETTLED
B000557,2026-01-12,ACC0029,Sandbrook Utilities,14251,GBP,CREDIT,SETTLED
B000558,2026-01-31,ACC0101,"Wembley Tyres, Ltd",34637,GBP,CREDIT,UNSETTLED
B000559,2026-02-27,ACC0012,Dhillon & Sons,19753,GBP,DEBIT,RETURNED
B000560,2026-02-17,ACC0021,Kite Digital,3570,GBP,DEBIT,RETURNED
B000561,2026-03-13,ACC0025,"Wembley Tyres, Ltd",4013,GBP,DEBIT,SETTLED
B000562,2026-02-19,ACC0011,Corner Cafe,16611,GBP,DEBIT,SETTLED
B000563,2026-03-21,ACC0100,Sandbrook Utilities,16622,GBP,DEBIT,UNSETTLED
B000564,2026-03-22,ACC0044,Bolt & Screw Ltd,1768,GBP,CREDIT,SETTLED
B000565,2026-01-05,ACC0102,Bolt & Screw Ltd,2602,GBP,CREDIT,RETURNED
B000566,2026-01-20,ACC0110,"Wembley Tyres, Ltd",5308,GBP,CREDIT,SETTLED
B000567,2026-03-01,ACC0115,Ashvale Clinic,5736,GBP,DEBIT,RETURNED
B000568,2026-02-28,ACC0116,Harrow Sports Club,1797,GBP,CREDIT,RETURNED
B000569,2026-03-07,ACC0108,Sandbrook Utilities,24840,GBP,DEBIT,UNSETTLED
B000570,2026-01-22,ACC0006,Northline Freight,4086,GBP,CREDIT,SETTLED
B000571,2026-01-28,ACC0008,Dhillon & Sons,4711,GBP,DEBIT,UNSETTLED
B000572,2026-02-23,ACC0073,Kite Digital,10312,GBP,DEBIT,RETURNED
B000573,2026-02-16,ACC0110,Ashvale Clinic,10209,GBP,DEBIT,RETURNED
B000574,2026-01-26,ACC0068,Northline Freight,33510,GBP,CREDIT,SETTLED
B000575,2026-01-01,ACC0074,Petra Logistics,15896,GBP,CREDIT,SETTLED
B000576,2026-03-02,ACC0011,"Wembley Tyres, Ltd",19876,GBP,CREDIT,SETTLED
B000577,2026-01-28,ACC0004,Bolt & Screw Ltd,19517,GBP,DEBIT,UNSETTLED
B000578,2026-01-10,ACC0097,"Wembley Tyres, Ltd",10917,GBP,DEBIT,SETTLED
B000579,2026-03-23,ACC0082,Bolt & Screw Ltd,12037,GBP,DEBIT,RETURNED
B000580,2026-03-17,ACC0062,Dhillon & Sons,,GBP,DEBIT,SETTLED
B000581,2026-02-11,ACC0070,Bolt & Screw Ltd,1980,GBP,DEBIT,UNSETTLED
B000582,2026-03-23,ACC0049,Harrow Sports Club,13848,GBP,CREDIT,RETURNED
B000583,2026-03-07,ACC0028,Bolt & Screw Ltd,5697,GBP,DEBIT,RETURNED
B000584,2026-01-20,ACC0059,Ashvale Clinic,6000,GBP,CREDIT,RETURNED
B000585,2026-03-12,ACC0023,Northline Freight,23120,GBP,DEBIT,SETTLED
B000586,2026-01-01,ACC0083,Corner Cafe,38624,GBP,DEBIT,SETTLED
B000587,2026-02-22,ACC0039,"Wembley Tyres, Ltd",7302,GBP,DEBIT,UNSETTLED
B000588,2026-02-13,ACC0095,Dhillon & Sons,23477,GBP,DEBIT,UNSETTLED
B000589,2026-03-12,ACC0097,The Old Print Works,6078,GBP,DEBIT,SETTLED
B000590,2026-03-02,ACC0053,Ashvale Clinic,9556,GBP,DEBIT,SETTLED
B000591,2026-03-05,ACC0022,Dhillon & Sons,2244,GBP,CREDIT,RETURNED
B000592,2026-03-14,ACC0008,Corner Cafe,2153,GBP,DEBIT,UNSETTLED
B000593,2026-03-01,ACC0060,Petra Logistics,5287,GBP,DEBIT,RETURNED
B000594,2026-02-03,ACC0103,Dhillon & Sons,13659,GBP,CREDIT,SETTLED
B000595,2026-03-08,ACC0093,Harrow Sports Club,9334,GBP,DEBIT,SETTLED
B000596,2026-02-06,ACC0046,Dhillon & Sons,27760,GBP,DEBIT,SETTLED
B000597,2026-01-18,ACC0079,"Marlow ""Fine"" Foods",8270,GBP,CREDIT,SETTLED
B000598,2026-03-08,ACC0040,Corner Cafe,12345,GBP,CREDIT,SETTLED
B000599,2026-03-22,ACC0031,Petra Logistics,3310,GBP,DEBIT,UNSETTLED
B000600,2026-01-24,ACC0014,Ashvale Clinic,190980,GBP,DEBIT,SETTLED
B000601,2026-02-15,ACC0015,Sandbrook Utilities,3918,GBP,DEBIT,SETTLED
B000602,2026-02-05,ACC0048,Bolt & Screw Ltd,21222,GBP,DEBIT,SETTLED
B000603,2026-03-26,ACC0076,Ashvale Clinic,4448,GBP,DEBIT,RETURNED
B000604,2026-01-14,ACC0090,Sandbrook Utilities,2035,GBP,DEBIT,UNSETTLED
B000605,2026-03-09,ACC0100,The Old Print Works,2319,GBP,DEBIT,SETTLED
B000606,2026-01-13,ACC0016,"Wembley Tyres, Ltd",12883,GBP,DEBIT,SETTLED
B000607,2026-03-10,ACC0029,"Wembley Tyres, Ltd",867,GBP,DEBIT,RETURNED
B000608,2026-01-25,ACC0046,"Wembley Tyres, Ltd",4379,GBP,CREDIT,SETTLED
B000609,2026-01-08,ACC0080,Dhillon & Sons,1718,GBP,DEBIT,SETTLED
B000610,2026-02-20,ACC0033,Corner Cafe,3725,GBP,CREDIT,RETURNED
B000611,2026-03-25,ACC0034,Ashvale Clinic,7617,GBP,DEBIT,SETTLED
B000612,2026-03-28,ACC0110,"Wembley Tyres, Ltd",7302,GBP,DEBIT,UNSETTLED
B000613,2026-02-12,ACC0002,Petra Logistics,18251,GBP,CREDIT,SETTLED
B000614,2026-01-14,ACC0113,Petra Logistics,2104,GBP,CREDIT,SETTLED
B000615,2026-01-20,ACC0049,Ashvale Clinic,5652,GBP,DEBIT,SETTLED
B000616,2026-01-03,ACC0092,"Wembley Tyres, Ltd",1415,GBP,CREDIT,UNSETTLED
B000617,2026-01-18,ACC0105,Petra Logistics,5515,GBP,CREDIT,UNSETTLED
B000618,2026-02-19,ACC0080,Corner Cafe,3220,GBP,DEBIT,SETTLED
B000619,2026-03-14,ACC0018,Dhillon & Sons,12679,GBP,DEBIT,RETURNED
B000620,2026-02-24,ACC0064,Dhillon & Sons,6451,GBP,CREDIT,SETTLED
B000621,2026-03-25,ACC0008,Petra Logistics,2040,GBP,DEBIT,SETTLED
B000622,2026-01-24,ACC0038,Kite Digital,60597,GBP,DEBIT,SETTLED
B000623,2026-01-27,ACC0010,Kite Digital,1503,GBP,DEBIT,SETTLED
B000624,2026-02-16,ACC0043,The Old Print Works,42580,GBP,DEBIT,UNSETTLED
B000625,2026-03-18,ACC0038,Bolt & Screw Ltd,10270,GBP,DEBIT,SETTLED
B000626,2026-02-27,ACC0103,"Marlow ""Fine"" Foods",1737,GBP,DEBIT,SETTLED
B000627,2026-03-18,ACC0103,Sandbrook Utilities,11452,GBP,DEBIT,SETTLED
B000628,2026-01-18,ACC0046,Sandbrook Utilities,12388,GBP,CREDIT,SETTLED
B000629,2026-01-17,ACC0085,Bolt & Screw Ltd,2715,GBP,CREDIT,RETURNED
B000630,2026-03-02,ACC0009,Petra Logistics,1899,GBP,CREDIT,SETTLED
B000631,2026-01-04,ACC0024,Corner Cafe,7984,GBP,DEBIT,UNSETTLED
B000632,2026-03-28,ACC0011,Ashvale Clinic,11118,GBP,CREDIT,SETTLED
B000633,2026-03-10,ACC0041,The Old Print Works,19934,GBP,DEBIT,SETTLED
B000634,2026-01-05,ACC0073,Corner Cafe,3723,GBP,DEBIT,SETTLED
B000635,2026-03-14,ACC0053,Sandbrook Utilities,6146,GBP,DEBIT,SETTLED
B000636,2026-01-02,ACC0098,Dhillon & Sons,3240,GBP,DEBIT,SETTLED
B000637,2026-01-09,ACC0104,"Wembley Tyres, Ltd",4235,GBP,DEBIT,UNSETTLED
B000638,2026-01-16,ACC0069,Northline Freight,26157,GBP,DEBIT,SETTLED
B000639,2026-03-29,ACC0048,Bolt & Screw Ltd,5920,GBP,DEBIT,RETURNED
B000640,2026-01-09,ACC0011,Harrow Sports Club,17781,GBP,DEBIT,SETTLED
B000641,2026-01-08,ACC0053,"Wembley Tyres, Ltd",5342,GBP,DEBIT,RETURNED
B000642,2026-01-01,ACC0050,Corner Cafe,3080,GBP,CREDIT,SETTLED
B000643,2026-01-16,ACC0048,Corner Cafe,1964,GBP,DEBIT,SETTLED
B000644,2026-01-27,ACC0084,Corner Cafe,23560,GBP,DEBIT,UNSETTLED
B000645,2026-01-17,ACC0070,The Old Print Works,19019,GBP,DEBIT,SETTLED
B000646,2026-01-16,ACC0073,Harrow Sports Club,6035,GBP,CREDIT,SETTLED
B000647,2026-03-07,ACC0050,Petra Logistics,5604,GBP,DEBIT,SETTLED
B000648,2026-02-26,ACC0106,Ashvale Clinic,5752,GBP,CREDIT,UNSETTLED
B000649,2026-03-05,ACC0073,"Marlow ""Fine"" Foods",23749,GBP,CREDIT,UNSETTLED
B000650,2026-03-13,ACC0045,Petra Logistics,7952,GBP,DEBIT,SETTLED
B000651,2026-02-19,ACC0003,"Marlow ""Fine"" Foods",10968,GBP,CREDIT,SETTLED
B000652,2026-03-07,ACC0032,Kite Digital,6682,GBP,DEBIT,UNSETTLED
B000653,2026-01-20,ACC0064,Kite Digital,2198,GBP,DEBIT,SETTLED
B000654,2026-03-31,ACC0014,Ashvale Clinic,9122,GBP,DEBIT,RETURNED
B000655,2026-03-01,ACC0114,The Old Print Works,7205,GBP,DEBIT,UNSETTLED
B000656,2026-02-28,ACC0101,Harrow Sports Club,4482,GBP,DEBIT,SETTLED
B000657,2026-02-23,ACC0103,Sandbrook Utilities,32899,GBP,DEBIT,SETTLED
B000658,2026-02-20,ACC0062,Sandbrook Utilities,27406,GBP,DEBIT,SETTLED
B000659,2026-02-26,ACC0078,Bolt & Screw Ltd,9460,GBP,DEBIT,SETTLED
B000660,2026-03-24,ACC0050,Corner Cafe,11513,GBP,CREDIT,SETTLED
B000661,2026-01-23,ACC0104,The Old Print Works,31245,GBP,CREDIT,SETTLED
B000662,2026-03-01,ACC0012,Ashvale Clinic,8803,GBP,CREDIT,RETURNED
B000663,2026-02-11,ACC0041,Petra Logistics,4721,GBP,CREDIT,SETTLED
B000664,2026-02-18,ACC0030,Sandbrook Utilities,10608,GBP,DEBIT,RETURNED
B000665,2026-01-22,ACC0019,"Marlow ""Fine"" Foods",12838,GBP,DEBIT,UNSETTLED
B000666,2026-02-25,ACC0082,Harrow Sports Club,14950,GBP,DEBIT,SETTLED
B000667,2026-01-30,ACC0110,Sandbrook Utilities,3902,GBP,DEBIT,SETTLED
B000668,2026-01-07,ACC0051,"Marlow ""Fine"" Foods",830,GBP,DEBIT,UNSETTLED
B000669,2026-01-25,ACC0113,Harrow Sports Club,12234,GBP,CREDIT,SETTLED
B000670,2026-01-24,ACC0087,Corner Cafe,3155,GBP,CREDIT,SETTLED
B000671,2026-01-03,ACC0083,"Marlow ""Fine"" Foods",31530,GBP,DEBIT,SETTLED
B000672,2026-03-16,ACC0108,Petra Logistics,3602,GBP,CREDIT,SETTLED
B000673,2026-01-18,ACC0030,Kite Digital,8364,GBP,DEBIT,SETTLED
B000674,2026-01-02,ACC0054,Northline Freight,6360,GBP,DEBIT,UNSETTLED
B000675,2026-02-15,ACC0013,"Wembley Tyres, Ltd",7122,GBP,CREDIT,SETTLED
B000676,2026-03-15,ACC0022,Bolt & Screw Ltd,6072,GBP,CREDIT,RETURNED
B000677,2026-02-27,ACC0097,Ashvale Clinic,7463,GBP,DEBIT,UNSETTLED
B000678,2026-03-10,ACC0035,Ashvale Clinic,19354,GBP,DEBIT,UNSETTLED
B000679,2026-03-18,ACC0079,Corner Cafe,1135,GBP,CREDIT,UNSETTLED
B000680,2026-03-30,ACC0117,Kite Digital,131261,GBP,DEBIT,UNSETTLED
B000681,2026-02-27,ACC0059,Dhillon & Sons,41447,GBP,DEBIT,RETURNED
B000682,2026-02-18,ACC0018,"Marlow ""Fine"" Foods",8966,GBP,DEBIT,RETURNED
B000683,2026-01-26,ACC0061,Northline Freight,2840,GBP,CREDIT,RETURNED
B000684,2026-02-21,ACC0094,Sandbrook Utilities,11303,GBP,CREDIT,RETURNED
B000685,2026-01-05,ACC0083,Dhillon & Sons,15714,GBP,DEBIT,RETURNED
B000686,2026-02-11,ACC0108,The Old Print Works,10255,GBP,CREDIT,SETTLED
B000687,2026-01-21,ACC0035,Northline Freight,4563,GBP,DEBIT,SETTLED
B000688,2026-02-10,ACC0117,"Marlow ""Fine"" Foods",18576,GBP,DEBIT,RETURNED
B000689,2026-03-31,ACC0117,Petra Logistics,6264,GBP,DEBIT,RETURNED
B000690,2026-03-19,ACC0040,Ashvale Clinic,2426,GBP,DEBIT,UNSETTLED
B000691,2026-02-15,ACC0114,"Marlow ""Fine"" Foods",4040,GBP,CREDIT,SETTLED
B000692,2026-01-05,ACC0021,"Wembley Tyres, Ltd",24441,GBP,DEBIT,UNSETTLED
B000693,2026-03-18,ACC0014,The Old Print Works,7183,GBP,DEBIT,SETTLED
B000694,2026-02-22,ACC0043,Bolt & Screw Ltd,61976,GBP,CREDIT,UNSETTLED
B000695,2026-01-26,ACC0117,"Wembley Tyres, Ltd",5771,GBP,DEBIT,RETURNED
B000696,2026-02-27,ACC0050,"Marlow ""Fine"" Foods",11291,GBP,DEBIT,RETURNED
B000697,2026-01-04,ACC0109,Kite Digital,1665,GBP,DEBIT,RETURNED
B000698,2026-01-13,ACC0004,Kite Digital,4949,GBP,CREDIT,SETTLED
B000699,2026-03-29,ACC0033,"Wembley Tyres, Ltd",2516,GBP,DEBIT,UNSETTLED
B000700,2026-02-03,ACC0120,"Marlow ""Fine"" Foods",6707,GBP,DEBIT,RETURNED
B000701,2026-01-29,ACC0012,"Marlow ""Fine"" Foods",21314,GBP,DEBIT,UNSETTLED
B000702,2026-03-20,ACC0097,Sandbrook Utilities,13766,GBP,DEBIT,SETTLED
B000703,2026-03-14,ACC0088,"Wembley Tyres, Ltd",19846,GBP,DEBIT,RETURNED
B000704,2026-03-27,ACC0039,"Wembley Tyres, Ltd",20218,GBP,DEBIT,SETTLED
B000705,2026-01-29,ACC0029,The Old Print Works,1285,GBP,CREDIT,UNSETTLED
B000706,2026-01-11,ACC0111,Bolt & Screw Ltd,12106,GBP,DEBIT,SETTLED
B000707,2026-03-28,ACC0089,"Wembley Tyres, Ltd",1886,GBP,DEBIT,RETURNED
B000708,2026-01-30,ACC0116,Kite Digital,7458,GBP,CREDIT,SETTLED
B000709,2026-03-19,ACC0082,Harrow Sports Club,5110,GBP,DEBIT,RETURNED
B000710,2026-03-05,ACC0005,Kite Digital,3948,GBP,DEBIT,UNSETTLED
B000711,2026-02-12,ACC0089,Bolt & Screw Ltd,13801,GBP,DEBIT,RETURNED
B000712,2026-01-29,ACC0115,"Marlow ""Fine"" Foods",4832,GBP,DEBIT,SETTLED
B000713,2026-01-26,ACC0110,Ashvale Clinic,757,GBP,DEBIT,UNSETTLED
B000714,2026-03-09,ACC0116,Ashvale Clinic,7828,GBP,CREDIT,SETTLED
B000715,2026-01-13,ACC0113,Dhillon & Sons,3144,GBP,DEBIT,SETTLED
B000716,2026-02-13,ACC0023,Corner Cafe,4586,GBP,DEBIT,UNSETTLED
B000717,2026-01-08,ACC0014,Petra Logistics,1038,GBP,DEBIT,RETURNED
B000718,2026-03-23,ACC0004,"Marlow ""Fine"" Foods",11040,GBP,DEBIT,RETURNED
B000719,2026-01-29,ACC0026,Harrow Sports Club,5836,GBP,CREDIT,RETURNED
B000720,2026-01-27,ACC0013,Petra Logistics,2776,GBP,DEBIT,RETURNED
B000721,2026-03-12,ACC0002,Kite Digital,2534,GBP,CREDIT,SETTLED
B000722,2026-02-17,ACC0055,Ashvale Clinic,2928,GBP,DEBIT,RETURNED
B000723,2026-02-17,ACC0054,Sandbrook Utilities,7802,GBP,DEBIT,SETTLED
B000724,2026-02-20,ACC0037,Dhillon & Sons,6453,GBP,DEBIT,SETTLED
B000725,2026-02-15,ACC0107,Petra Logistics,17381,GBP,DEBIT,SETTLED
B000726,2026-03-19,ACC0097,The Old Print Works,10108,GBP,DEBIT,SETTLED
B000727,2026-01-13,ACC0069,Petra Logistics,28668,GBP,DEBIT,SETTLED
B000728,2026-01-08,ACC0068,Harrow Sports Club,3692,GBP,DEBIT,RETURNED
B000729,2026-03-16,ACC0010,"Wembley Tyres, Ltd",13396,GBP,DEBIT,UNSETTLED
B000730,2026-03-06,ACC0095,Bolt & Screw Ltd,2579,GBP,DEBIT,UNSETTLED
B000731,2026-02-26,ACC0032,Corner Cafe,1516,GBP,DEBIT,SETTLED
B000732,2026-03-25,ACC0059,"Wembley Tyres, Ltd",3245,GBP,CREDIT,UNSETTLED
B000733,2026-02-19,ACC0033,Corner Cafe,5848,GBP,CREDIT,UNSETTLED
B000734,2026-03-18,ACC0120,Petra Logistics,13016,GBP,DEBIT,SETTLED
B000735,2026-02-24,ACC0109,Dhillon & Sons,3084,GBP,DEBIT,RETURNED
B000736,2026-02-05,ACC0092,"Marlow ""Fine"" Foods",3403,GBP,DEBIT,RETURNED
B000737,2026-02-22,ACC0088,Ashvale Clinic,16186,GBP,CREDIT,SETTLED
B000738,2026-02-05,ACC0111,Ashvale Clinic,3670,GBP,CREDIT,SETTLED
B000739,2026-01-09,ACC0116,Kite Digital,52234,GBP,DEBIT,UNSETTLED
B000740,2026-02-18,ACC0057,Northline Freight,20417,GBP,DEBIT,SETTLED
B000741,2026-01-13,ACC0042,Ashvale Clinic,10807,GBP,DEBIT,SETTLED
B000742,2026-02-24,ACC0006,Bolt & Screw Ltd,4921,GBP,DEBIT,RETURNED
B000743,2026-02-16,ACC0061,Sandbrook Utilities,2801,GBP,DEBIT,SETTLED
B000744,2026-02-27,ACC0001,Bolt & Screw Ltd,8111,GBP,DEBIT,RETURNED
B000745,2026-03-12,ACC0116,Harrow Sports Club,8798,GBP,DEBIT,SETTLED
B000746,2026-02-25,ACC0068,"Wembley Tyres, Ltd",25614,GBP,DEBIT,RETURNED
B000747,2026-01-30,ACC0068,Bolt & Screw Ltd,1590,GBP,DEBIT,UNSETTLED
B000748,2026-01-14,ACC0030,"Wembley Tyres, Ltd",5010,GBP,DEBIT,RETURNED
B000749,2026-03-25,ACC0089,"Marlow ""Fine"" Foods",2308,GBP,CREDIT,RETURNED
B000750,2026-03-07,ACC0081,Ashvale Clinic,4524,GBP,CREDIT,UNSETTLED
B000751,2026-01-02,ACC0101,"Marlow ""Fine"" Foods",9901,GBP,DEBIT,UNSETTLED
B000752,2026-01-15,ACC0045,Dhillon & Sons,23147,GBP,DEBIT,SETTLED
B000753,2026-03-16,ACC0057,The Old Print Works,21619,GBP,DEBIT,UNSETTLED
B000754,2026-01-21,ACC0052,Petra Logistics,4383,GBP,DEBIT,SETTLED
B000755,2026-02-20,ACC0007,Kite Digital,3914,GBP,DEBIT,SETTLED
B000756,2026-03-01,ACC0007,Bolt & Screw Ltd,3838,GBP,DEBIT,UNSETTLED
B000757,2026-01-04,ACC0057,Dhillon & Sons,4857,GBP,DEBIT,SETTLED
B000758,2026-01-09,ACC0028,Northline Freight,7423,GBP,CREDIT,SETTLED
B000759,2026-02-12,ACC0089,Petra Logistics,10700,GBP,DEBIT,UNSETTLED
B000760,2026-01-21,ACC0088,"Wembley Tyres, Ltd",9351,GBP,CREDIT,UNSETTLED
B000761,2026-02-28,ACC0061,The Old Print Works,15977,GBP,DEBIT,SETTLED
B000762,2026-01-17,ACC0098,"Wembley Tyres, Ltd",3720,GBP,DEBIT,UNSETTLED
B000763,2026-03-18,ACC0080,Petra Logistics,12033,GBP,DEBIT,SETTLED
B000764,2026-01-04,ACC0038,Harrow Sports Club,26145,GBP,DEBIT,SETTLED
B000765,2026-02-01,ACC0049,Northline Freight,1484,GBP,CREDIT,SETTLED
B000766,2026-02-25,ACC0056,Sandbrook Utilities,9698,GBP,CREDIT,SETTLED
B000767,2026-01-11,ACC0039,Sandbrook Utilities,4584,GBP,CREDIT,SETTLED
B000768,2026-03-03,ACC0064,Corner Cafe,913,GBP,DEBIT,SETTLED
B000769,2026-02-24,ACC0034,Corner Cafe,14314,GBP,CREDIT,RETURNED
B000770,2026-01-30,ACC0054,Sandbrook Utilities,13777,GBP,CREDIT,RETURNED
B000771,2026-03-08,ACC0041,"Marlow ""Fine"" Foods",1583,GBP,CREDIT,SETTLED
B000772,2026-03-17,ACC0060,Ashvale Clinic,6141,GBP,CREDIT,RETURNED
B000773,2026-02-12,ACC0023,Bolt & Screw Ltd,3003,GBP,DEBIT,RETURNED
B000774,2026-01-26,ACC0076,Sandbrook Utilities,1223,GBP,DEBIT,SETTLED
B000775,2026-01-06,ACC0101,Bolt & Screw Ltd,3029,GBP,DEBIT,RETURNED
B000776,2026-02-26,ACC0023,Harrow Sports Club,1681,GBP,DEBIT,RETURNED
B000777,2026-03-02,ACC0035,Ashvale Clinic,33909,GBP,DEBIT,UNSETTLED
B000778,2026-01-08,ACC0031,"Marlow ""Fine"" Foods",729,GBP,DEBIT,RETURNED
B000779,2026-03-21,ACC0075,Petra Logistics,6242,GBP,CREDIT,RETURNED
B000780,2026-03-10,ACC0038,Petra Logistics,4963,GBP,DEBIT,SETTLED
B000781,2026-01-03,ACC0116,Kite Digital,3477,GBP,DEBIT,UNSETTLED
B000782,2026-02-12,ACC0011,Harrow Sports Club,2800,GBP,CREDIT,SETTLED
B000783,2026-02-17,ACC0101,Sandbrook Utilities,14789,GBP,DEBIT,UNSETTLED
B000784,2026-01-23,ACC0039,Corner Cafe,7889,GBP,CREDIT,RETURNED
B000785,2026-02-02,ACC0012,Corner Cafe,4013,GBP,CREDIT,UNSETTLED
B000786,2026-01-16,ACC0077,The Old Print Works,4612,GBP,CREDIT,SETTLED
B000787,2026-01-25,ACC0086,Corner Cafe,16142,GBP,CREDIT,UNSETTLED
B000788,2026-03-18,ACC0113,Kite Digital,9778,GBP,DEBIT,RETURNED
B000789,2026-03-21,ACC0007,Northline Freight,16558,GBP,CREDIT,SETTLED
B000790,2026-02-25,ACC0109,The Old Print Works,11156,GBP,CREDIT,UNSETTLED
B000791,2026-02-15,ACC0042,"Marlow ""Fine"" Foods",2544,GBP,DEBIT,SETTLED
B000792,2026-02-02,ACC0055,The Old Print Works,7660,GBP,DEBIT,RETURNED
B000793,2026-02-09,ACC0050,Kite Digital,2162,GBP,DEBIT,UNSETTLED
B000794,2026-02-05,ACC0044,"Marlow ""Fine"" Foods",11284,GBP,CREDIT,RETURNED
B000795,2026-02-19,ACC0029,"Wembley Tyres, Ltd",16390,GBP,DEBIT,SETTLED
B000796,2026-01-20,ACC0066,Harrow Sports Club,10791,GBP,DEBIT,RETURNED
B000797,2026-01-10,ACC0070,Northline Freight,1187,GBP,CREDIT,SETTLED
B000798,2026-03-09,ACC0010,Northline Freight,48753,GBP,CREDIT,RETURNED
B000799,2026-02-19,ACC0062,Sandbrook Utilities,3046,GBP,DEBIT,SETTLED
B000800,2026-01-04,ACC0112,Dhillon & Sons,7840,GBP,DEBIT,SETTLED
B000801,2026-02-02,ACC0054,Kite Digital,6758,GBP,DEBIT,RETURNED
B000802,2026-03-23,ACC0079,Northline Freight,,GBP,CREDIT,RETURNED
B000803,2026-02-19,ACC0076,Sandbrook Utilities,10558,GBP,DEBIT,SETTLED
B000804,2026-01-13,ACC0060,Bolt & Screw Ltd,2769,GBP,DEBIT,SETTLED
B000805,2026-02-25,ACC0034,Kite Digital,12346,GBP,DEBIT,SETTLED
B000806,2026-03-23,ACC0103,Bolt & Screw Ltd,3032,GBP,CREDIT,RETURNED
B000807,2026-01-05,ACC0115,Petra Logistics,2025,GBP,DEBIT,SETTLED
B000808,2026-01-08,ACC0036,Ashvale Clinic,7055,GBP,CREDIT,SETTLED
B000809,2026-03-05,ACC0116,Petra Logistics,4721,GBP,CREDIT,SETTLED
B000810,2026-01-15,ACC0043,Kite Digital,23806,GBP,DEBIT,RETURNED
B000811,2026-01-09,ACC0028,Sandbrook Utilities,3015,GBP,DEBIT,RETURNED
B000812,2026-01-05,ACC0014,The Old Print Works,8007,GBP,DEBIT,UNSETTLED
B000813,2026-03-21,ACC0018,The Old Print Works,69370,GBP,CREDIT,SETTLED
B000814,2026-03-05,ACC0031,Kite Digital,9201,GBP,DEBIT,SETTLED
B000815,2026-01-17,ACC0007,The Old Print Works,3950,GBP,CREDIT,UNSETTLED
B000816,2026-02-24,ACC0018,Sandbrook Utilities,12191,GBP,DEBIT,SETTLED
B000817,2026-01-03,ACC0096,"Wembley Tyres, Ltd",9404,GBP,CREDIT,RETURNED
B000818,2026-02-27,ACC0050,Harrow Sports Club,14474,GBP,DEBIT,UNSETTLED
B000819,2026-01-11,ACC0006,"Marlow ""Fine"" Foods",113723,GBP,DEBIT,RETURNED
B000820,2026-02-23,ACC0071,Sandbrook Utilities,2317,GBP,DEBIT,SETTLED
B000821,2026-01-27,ACC0037,"Wembley Tyres, Ltd",4598,GBP,DEBIT,UNSETTLED
B000822,2026-01-26,ACC0054,Corner Cafe,12928,GBP,DEBIT,UNSETTLED
B000823,2026-03-14,ACC0038,Harrow Sports Club,6924,GBP,CREDIT,SETTLED
B000824,2026-01-16,ACC0083,"Marlow ""Fine"" Foods",11430,GBP,DEBIT,SETTLED
B000825,2026-03-08,ACC0049,Bolt & Screw Ltd,3494,GBP,DEBIT,RETURNED
B000826,2026-03-12,ACC0011,Corner Cafe,6325,GBP,DEBIT,UNSETTLED
B000827,2026-02-26,ACC0033,"Marlow ""Fine"" Foods",22100,GBP,DEBIT,SETTLED
B000828,2026-02-25,ACC0065,Northline Freight,27598,GBP,CREDIT,UNSETTLED
B000829,2026-03-04,ACC0052,The Old Print Works,13531,GBP,DEBIT,RETURNED
B000830,2026-01-28,ACC0002,Sandbrook Utilities,5012,GBP,CREDIT,RETURNED
B000831,2026-03-13,ACC0025,Sandbrook Utilities,6500,GBP,DEBIT,RETURNED
B000832,2026-01-26,ACC0064,"Wembley Tyres, Ltd",8353,GBP,DEBIT,SETTLED
B000833,2026-01-29,ACC0002,Corner Cafe,2944,GBP,DEBIT,SETTLED
B000834,2026-02-06,ACC0029,"Wembley Tyres, Ltd",43852,GBP,CREDIT,SETTLED
B000835,2026-02-18,ACC0031,"Wembley Tyres, Ltd",66809,GBP,CREDIT,SETTLED
B000836,2026-03-22,ACC0025,"Marlow ""Fine"" Foods",7802,GBP,CREDIT,SETTLED
B000837,2026-02-08,ACC0036,Corner Cafe,11310,GBP,DEBIT,SETTLED
B000838,2026-01-19,ACC0016,"Wembley Tyres, Ltd",4178,GBP,DEBIT,RETURNED
B000839,2026-02-26,ACC0096,Petra Logistics,15281,GBP,DEBIT,SETTLED
B000840,2026-01-25,ACC0106,The Old Print Works,5671,GBP,CREDIT,SETTLED
B000841,2026-03-24,ACC0070,The Old Print Works,10870,GBP,DEBIT,SETTLED
B000842,2026-01-20,ACC0067,The Old Print Works,22029,GBP,DEBIT,SETTLED
B000843,2026-01-25,ACC0041,Dhillon & Sons,3383,GBP,DEBIT,RETURNED
B000844,2026-02-09,ACC0031,Harrow Sports Club,7558,GBP,CREDIT,SETTLED
B000845,2026-01-18,ACC0090,The Old Print Works,2217,GBP,CREDIT,SETTLED
B000846,2026-01-01,ACC0042,Sandbrook Utilities,606,GBP,DEBIT,SETTLED
B000847,2026-01-16,ACC0019,"Wembley Tyres, Ltd",2468,GBP,CREDIT,UNSETTLED
B000848,2026-02-23,ACC0042,"Wembley Tyres, Ltd",8478,GBP,DEBIT,UNSETTLED
B000849,2026-03-15,ACC0105,Petra Logistics,2845,GBP,DEBIT,UNSETTLED
B000850,2026-03-18,ACC0037,The Old Print Works,8193,GBP,DEBIT,SETTLED
B000851,2026-03-21,ACC0077,Ashvale Clinic,2010,GBP,DEBIT,RETURNED
B000852,2026-03-21,ACC0002,Harrow Sports Club,5026,GBP,CREDIT,UNSETTLED
B000853,2026-01-14,ACC0050,"Wembley Tyres, Ltd",10028,GBP,DEBIT,UNSETTLED
B000854,2026-02-28,ACC0095,Ashvale Clinic,5456,GBP,DEBIT,SETTLED
B000855,2026-02-21,ACC0075,Northline Freight,1975,GBP,DEBIT,RETURNED
B000856,2026-02-04,ACC0002,The Old Print Works,1974,GBP,DEBIT,UNSETTLED
B000857,2026-03-24,ACC0086,Dhillon & Sons,25424,GBP,DEBIT,SETTLED
B000858,2026-01-16,ACC0099,"Wembley Tyres, Ltd",998,GBP,CREDIT,SETTLED
B000859,2026-02-08,ACC0083,Kite Digital,2680,GBP,CREDIT,UNSETTLED
B000860,2026-03-13,ACC0037,Kite Digital,1990,GBP,DEBIT,UNSETTLED
B000861,2026-01-23,ACC0038,Sandbrook Utilities,153517,GBP,CREDIT,SETTLED
B000862,2026-02-21,ACC0099,Northline Freight,10195,GBP,DEBIT,SETTLED
B000863,2026-02-08,ACC0064,"Marlow ""Fine"" Foods",18555,GBP,DEBIT,SETTLED
B000864,2026-01-17,ACC0038,Corner Cafe,7115,GBP,DEBIT,RETURNED
B000865,2026-02-12,ACC0033,The Old Print Works,6946,GBP,DEBIT,SETTLED
B000866,2026-01-20,ACC0052,Kite Digital,18960,GBP,DEBIT,SETTLED
B000867,2026-01-27,ACC0022,Kite Digital,2585,GBP,DEBIT,RETURNED
B000868,2026-02-10,ACC0050,The Old Print Works,4228,GBP,DEBIT,RETURNED
B000869,2026-03-08,ACC0104,Corner Cafe,1207,GBP,DEBIT,UNSETTLED
B000870,2026-01-18,ACC0077,"Marlow ""Fine"" Foods",6368,GBP,CREDIT,SETTLED
B000871,2026-01-15,ACC0016,Harrow Sports Club,3193,GBP,DEBIT,RETURNED
B000872,2026-03-15,ACC0077,Bolt & Screw Ltd,10226,GBP,DEBIT,SETTLED
B000873,2026-03-24,ACC0011,Ashvale Clinic,2600,GBP,DEBIT,UNSETTLED
B000874,2026-02-23,ACC0105,Dhillon & Sons,8150,GBP,DEBIT,RETURNED
B000875,2026-03-15,ACC0109,Ashvale Clinic,8578,GBP,DEBIT,SETTLED
B000876,2026-01-20,ACC0020,Kite Digital,15844,GBP,DEBIT,RETURNED
B000877,2026-02-05,ACC0038,Petra Logistics,14320,GBP,DEBIT,SETTLED
B000878,2026-03-04,ACC0016,The Old Print Works,5368,GBP,DEBIT,UNSETTLED
B000879,2026-03-15,ACC0092,Corner Cafe,3013,GBP,CREDIT,UNSETTLED
B000880,2026-02-15,ACC0023,Petra Logistics,1316,GBP,DEBIT,RETURNED
B000881,2026-02-02,ACC0084,Ashvale Clinic,2071,GBP,DEBIT,UNSETTLED
B000882,2026-03-03,ACC0082,Petra Logistics,5059,GBP,DEBIT,SETTLED
B000883,2026-01-03,ACC0112,The Old Print Works,3422,GBP,DEBIT,SETTLED
B000884,2026-02-03,ACC0083,Corner Cafe,8496,GBP,DEBIT,UNSETTLED
B000885,2026-01-10,ACC0083,"Marlow ""Fine"" Foods",2297,GBP,DEBIT,RETURNED
B000886,2026-02-22,ACC0047,Northline Freight,9903,GBP,DEBIT,UNSETTLED
B000887,2026-02-07,ACC0084,Petra Logistics,1764,GBP,CREDIT,SETTLED
B000888,2026-03-31,ACC0054,Ashvale Clinic,11691,GBP,DEBIT,RETURNED
B000889,2026-01-26,ACC0077,"Marlow ""Fine"" Foods",16396,GBP,DEBIT,SETTLED
B000890,2026-01-04,ACC0111,Corner Cafe,2728,GBP,DEBIT,SETTLED
B000891,2026-02-23,ACC0032,Kite Digital,28812,GBP,DEBIT,RETURNED
B000892,2026-01-11,ACC0062,"Wembley Tyres, Ltd",5865,GBP,DEBIT,SETTLED
B000893,2026-01-09,ACC0042,Corner Cafe,4676,GBP,CREDIT,SETTLED
B000894,2026-02-18,ACC0030,Corner Cafe,8742,GBP,DEBIT,SETTLED
B000895,2026-02-20,ACC0081,"Wembley Tyres, Ltd",5254,GBP,DEBIT,RETURNED
B000896,2026-01-17,ACC0112,Corner Cafe,13269,GBP,CREDIT,SETTLED
B000897,2026-02-14,ACC0056,Bolt & Screw Ltd,3134,GBP,CREDIT,SETTLED
B000898,2026-03-04,ACC0048,Dhillon & Sons,5525,GBP,CREDIT,SETTLED
B000899,2026-03-09,ACC0056,"Marlow ""Fine"" Foods",19181,GBP,CREDIT,UNSETTLED
B000900,2026-03-20,ACC0058,Ashvale Clinic,7658,GBP,DEBIT,SETTLED
B000901,2026-01-10,ACC0114,Ashvale Clinic,3039,GBP,DEBIT,SETTLED
B000902,2026-01-17,ACC0041,"Wembley Tyres, Ltd",11610,GBP,DEBIT,SETTLED
B000903,2026-03-04,ACC0051,Bolt & Screw Ltd,1089,GBP,CREDIT,SETTLED
B000904,2026-03-11,ACC0094,Harrow Sports Club,3993,GBP,CREDIT,RETURNED
B000905,2026-03-07,ACC0012,Harrow Sports Club,4574,GBP,DEBIT,SETTLED
B000906,2026-02-07,ACC0044,Northline Freight,64248,GBP,CREDIT,UNSETTLED
B000907,2026-03-23,ACC0025,The Old Print Works,72591,GBP,CREDIT,RETURNED
B000908,2026-02-01,ACC0031,Ashvale Clinic,13997,GBP,DEBIT,RETURNED
B000909,2026-01-26,ACC0073,Petra Logistics,16423,GBP,DEBIT,RETURNED
B000910,2026-01-12,ACC0077,Dhillon & Sons,3147,GBP,CREDIT,RETURNED
B000911,2026-03-19,ACC0054,Dhillon & Sons,2123,GBP,DEBIT,UNSETTLED
B000912,2026-03-02,ACC0103,Kite Digital,8525,GBP,DEBIT,UNSETTLED
B000913,2026-02-09,ACC0033,Harrow Sports Club,19103,GBP,CREDIT,SETTLED
B000914,2026-03-10,ACC0022,Bolt & Screw Ltd,11882,GBP,DEBIT,UNSETTLED
B000915,2026-02-23,ACC0026,"Marlow ""Fine"" Foods",23275,GBP,CREDIT,SETTLED
B000916,2026-02-20,ACC0052,Harrow Sports Club,2699,GBP,CREDIT,UNSETTLED
B000917,2026-01-14,ACC0057,Kite Digital,14688,GBP,CREDIT,RETURNED
B000918,2026-01-10,ACC0058,Northline Freight,35125,GBP,DEBIT,UNSETTLED
B000919,2026-02-23,ACC0014,"Wembley Tyres, Ltd",13940,GBP,DEBIT,SETTLED
B000920,2026-03-27,ACC0116,"Marlow ""Fine"" Foods",1610,GBP,DEBIT,SETTLED
B000921,2026-01-24,ACC0029,Petra Logistics,21602,GBP,DEBIT,RETURNED
B000922,2026-02-22,ACC0015,Corner Cafe,23336,GBP,CREDIT,RETURNED
B000923,2026-02-14,ACC0060,Bolt & Screw Ltd,12568,GBP,DEBIT,RETURNED
B000924,2026-03-12,ACC0105,Kite Digital,1420,GBP,DEBIT,UNSETTLED
B000925,2026-01-23,ACC0001,Ashvale Clinic,12457,GBP,CREDIT,SETTLED
B000926,2026-01-23,ACC0019,"Marlow ""Fine"" Foods",16051,GBP,DEBIT,RETURNED
B000927,2026-01-18,ACC0044,Petra Logistics,29092,GBP,DEBIT,SETTLED
B000928,2026-03-19,ACC0031,Ashvale Clinic,5725,GBP,DEBIT,UNSETTLED
B000929,2026-02-24,ACC0066,Kite Digital,6385,GBP,DEBIT,SETTLED
B000930,2026-02-16,ACC0094,"Marlow ""Fine"" Foods",27342,GBP,CREDIT,SETTLED
B000931,2026-02-25,ACC0061,"Marlow ""Fine"" Foods",5674,GBP,DEBIT,RETURNED
B000932,2026-02-17,ACC0079,Northline Freight,13261,GBP,DEBIT,RETURNED
B000933,2026-03-07,ACC0111,The Old Print Works,12889,GBP,DEBIT,SETTLED
B000934,2026-01-23,ACC0104,Petra Logistics,13549,GBP,CREDIT,RETURNED
B000935,2026-03-11,ACC0051,Dhillon & Sons,28930,GBP,CREDIT,SETTLED
B000936,2026-01-11,ACC0107,The Old Print Works,12803,GBP,DEBIT,SETTLED
B000937,2026-03-22,ACC0084,"Wembley Tyres, Ltd",12280,GBP,CREDIT,SETTLED
B000938,2026-02-01,ACC0036,Petra Logistics,2640,GBP,CREDIT,SETTLED
B000939,2026-03-21,ACC0046,"Marlow ""Fine"" Foods",2895,GBP,DEBIT,RETURNED
B000940,2026-01-29,ACC0028,Sandbrook Utilities,35727,GBP,CREDIT,UNSETTLED
B000941,2026-01-14,ACC0070,"Wembley Tyres, Ltd",22827,GBP,CREDIT,SETTLED
B000942,2026-01-01,ACC0066,Bolt & Screw Ltd,3409,GBP,DEBIT,RETURNED
B000943,2026-02-10,ACC0011,Petra Logistics,14501,GBP,DEBIT,UNSETTLED
B000944,2026-01-30,ACC0028,Bolt & Screw Ltd,4130,GBP,CREDIT,RETURNED
B000945,2026-01-22,ACC0078,The Old Print Works,30219,GBP,DEBIT,SETTLED
B000946,2026-03-01,ACC0062,Petra Logistics,1201,GBP,CREDIT,UNSETTLED
B000947,2026-01-10,ACC0036,Harrow Sports Club,9357,GBP,DEBIT,SETTLED
B000948,2026-01-18,ACC0026,Kite Digital,18807,GBP,CREDIT,UNSETTLED
B000949,2026-02-02,ACC0106,Corner Cafe,8584,GBP,DEBIT,SETTLED
B000950,2026-03-13,ACC0032,Dhillon & Sons,6612,GBP,DEBIT,SETTLED
B000951,2026-02-04,ACC0036,The Old Print Works,3598,GBP,DEBIT,UNSETTLED
B000952,2026-01-17,ACC0071,Ashvale Clinic,6251,GBP,DEBIT,UNSETTLED
B000953,2026-01-26,ACC0053,"Marlow ""Fine"" Foods",42516,GBP,CREDIT,UNSETTLED
B000954,2026-02-27,ACC0057,Sandbrook Utilities,20865,GBP,DEBIT,SETTLED
B000955,2026-03-20,ACC0043,The Old Print Works,2948,GBP,CREDIT,UNSETTLED
B000956,2026-02-09,ACC0068,Sandbrook Utilities,3531,GBP,DEBIT,UNSETTLED
B000957,2026-02-23,ACC0104,Kite Digital,11790,GBP,DEBIT,SETTLED
B000958,2026-03-05,ACC0040,"Wembley Tyres, Ltd",2190,GBP,DEBIT,UNSETTLED
B000959,2026-03-23,ACC0089,Harrow Sports Club,1111,GBP,DEBIT,RETURNED
B000960,2026-02-13,ACC0048,Petra Logistics,3598,GBP,DEBIT,UNSETTLED
B000961,2026-01-29,ACC0028,"Marlow ""Fine"" Foods",5501,GBP,DEBIT,SETTLED
B000962,2026-03-22,ACC0053,Northline Freight,921,GBP,DEBIT,UNSETTLED
B000963,2026-02-04,ACC0089,Northline Freight,1023,GBP,CREDIT,SETTLED
B000964,2026-02-01,ACC0092,Bolt & Screw Ltd,3401,GBP,DEBIT,UNSETTLED
B000965,2026-02-24,ACC0015,Harrow Sports Club,7173,GBP,DEBIT,RETURNED
B000966,2026-02-03,ACC0014,Petra Logistics,69405,GBP,CREDIT,UNSETTLED
B000967,2026-03-14,ACC0108,Corner Cafe,1101,GBP,DEBIT,UNSETTLED
B000968,2026-03-23,ACC0084,"Wembley Tyres, Ltd",3768,GBP,DEBIT,RETURNED
B000969,2026-03-24,ACC0108,Dhillon & Sons,13009,GBP,CREDIT,UNSETTLED
B000970,2026-03-20,ACC0094,Sandbrook Utilities,5925,GBP,DEBIT,SETTLED
B000971,2026-03-11,ACC0015,Bolt & Screw Ltd,702,GBP,DEBIT,SETTLED
B000972,2026-03-30,ACC0020,Ashvale Clinic,6769,GBP,DEBIT,UNSETTLED
B000973,2026-01-23,ACC0030,Ashvale Clinic,4775,GBP,CREDIT,SETTLED
B000974,2026-03-01,ACC0085,Ashvale Clinic,19496,GBP,CREDIT,RETURNED
B000975,2026-02-05,ACC0112,"Wembley Tyres, Ltd",15778,GBP,CREDIT,UNSETTLED
B000976,2026-02-12,ACC0033,"Wembley Tyres, Ltd",12516,GBP,DEBIT,SETTLED
B000977,2026-02-04,ACC0038,"Wembley Tyres, Ltd",739,GBP,DEBIT,RETURNED
B000978,2026-03-17,ACC0056,Kite Digital,4701,GBP,DEBIT,UNSETTLED
B000979,2026-01-05,ACC0075,Corner Cafe,5504,GBP,DEBIT,SETTLED
B000980,2026-01-02,ACC0101,Northline Freight,14481,GBP,CREDIT,RETURNED
B000981,2026-01-28,ACC0015,"Wembley Tyres, Ltd",13700,GBP,DEBIT,RETURNED
B000982,2026-02-26,ACC0083,Dhillon & Sons,5067,GBP,DEBIT,UNSETTLED
B000983,2026-03-10,ACC0119,"Marlow ""Fine"" Foods",1280,GBP,DEBIT,SETTLED
B000984,2026-02-26,ACC0114,Northline Freight,3796,GBP,DEBIT,SETTLED
B000985,2026-02-20,ACC0079,"Marlow ""Fine"" Foods",4923,GBP,DEBIT,UNSETTLED
B000986,2026-03-18,ACC0065,Petra Logistics,3731,GBP,DEBIT,RETURNED
B000987,2026-01-11,ACC0097,"Wembley Tyres, Ltd",10967,GBP,DEBIT,UNSETTLED
B000988,2026-02-03,ACC0032,"Marlow ""Fine"" Foods",5035,GBP,DEBIT,SETTLED
B000989,2026-01-03,ACC0068,Bolt & Screw Ltd,12515,GBP,DEBIT,RETURNED
B000990,2026-03-17,ACC0049,Ashvale Clinic,7662,GBP,DEBIT,RETURNED
B000991,2026-02-05,ACC0072,Sandbrook Utilities,7600,GBP,CREDIT,UNSETTLED
B000992,2026-03-17,ACC0059,The Old Print Works,1318,GBP,DEBIT,SETTLED
B000993,2026-02-06,ACC0078,Ashvale Clinic,11359,GBP,CREDIT,UNSETTLED
B000994,2026-03-31,ACC0101,Bolt & Screw Ltd,7442,GBP,DEBIT,SETTLED
B000995,2026-02-03,ACC0086,Corner Cafe,2798,GBP,DEBIT,SETTLED
B000996,2026-02-10,ACC0119,"Wembley Tyres, Ltd",5226,GBP,CREDIT,RETURNED
B000997,2026-02-27,ACC0082,Kite Digital,9162,GBP,CREDIT,UNSETTLED
B000998,2026-02-01,ACC0099,Ashvale Clinic,5087,GBP,CREDIT,UNSETTLED
B000999,2026-02-03,ACC0063,Kite Digital,2105,GBP,CREDIT,SETTLED
B001000,2026-02-18,ACC0067,Dhillon & Sons,2533,GBP,DEBIT,SETTLED
B001001,2026-03-16,ACC0113,Petra Logistics,6595,GBP,CREDIT,UNSETTLED
B001002,2026-01-07,ACC0040,Dhillon & Sons,7120,GBP,CREDIT,RETURNED
B001003,2026-03-02,ACC0083,Northline Freight,22620,GBP,DEBIT,SETTLED
B001004,2026-01-23,ACC0088,"Wembley Tyres, Ltd",3688,GBP,DEBIT,SETTLED
B001005,2026-02-28,ACC0079,"Marlow ""Fine"" Foods",2234,GBP,DEBIT,RETURNED
B001006,2026-01-03,ACC0006,"Marlow ""Fine"" Foods",13985,GBP,DEBIT,SETTLED
B001007,2026-01-13,ACC0068,The Old Print Works,4288,GBP,DEBIT,UNSETTLED
B001008,2026-03-04,ACC0047,Harrow Sports Club,13974,GBP,DEBIT,RETURNED
B001009,2026-01-11,ACC0033,"Wembley Tyres, Ltd",5607,GBP,DEBIT,UNSETTLED
B001010,2026-03-15,ACC0018,Sandbrook Utilities,8037,GBP,CREDIT,SETTLED
B001011,2026-03-22,ACC0107,Northline Freight,1722,GBP,DEBIT,SETTLED
B001012,2026-02-22,ACC0090,Dhillon & Sons,21488,GBP,DEBIT,SETTLED
B001013,2026-02-05,ACC0028,Ashvale Clinic,5818,GBP,DEBIT,UNSETTLED
B001014,2026-02-28,ACC0077,Dhillon & Sons,10883,GBP,DEBIT,SETTLED
B001015,2026-03-12,ACC0071,Corner Cafe,13428,GBP,CREDIT,SETTLED
B001016,2026-01-01,ACC0109,Bolt & Screw Ltd,5474,GBP,CREDIT,RETURNED
B001017,2026-02-16,ACC0009,"Wembley Tyres, Ltd",7896,GBP,DEBIT,RETURNED
B001018,2026-01-05,ACC0017,Northline Freight,2534,GBP,CREDIT,RETURNED
B001019,2026-01-16,ACC0008,Bolt & Screw Ltd,6257,GBP,CREDIT,UNSETTLED
B001020,2026-03-31,ACC0117,Harrow Sports Club,1530,GBP,DEBIT,SETTLED
B001021,2026-03-31,ACC0100,Northline Freight,10136,GBP,DEBIT,UNSETTLED
B001022,2026-01-25,ACC0007,Petra Logistics,16271,GBP,CREDIT,RETURNED
B001023,2026-01-23,ACC0067,Petra Logistics,10304,GBP,DEBIT,SETTLED
B001024,2026-02-19,ACC0059,Sandbrook Utilities,6144,GBP,DEBIT,SETTLED
B001025,2026-03-27,ACC0087,Dhillon & Sons,7578,GBP,CREDIT,UNSETTLED
B001026,2026-01-27,ACC0057,Corner Cafe,2846,GBP,DEBIT,RETURNED
B001027,2026-01-28,ACC0096,Northline Freight,2000,GBP,CREDIT,SETTLED
B001028,2026-02-22,ACC0107,The Old Print Works,3448,GBP,DEBIT,RETURNED
B001029,2026-01-10,ACC0009,Petra Logistics,27520,GBP,DEBIT,SETTLED
B001030,2026-01-26,ACC0047,Harrow Sports Club,3933,GBP,CREDIT,SETTLED
B001031,2026-03-08,ACC0087,Dhillon & Sons,2300,GBP,DEBIT,SETTLED
B001032,2026-03-30,ACC0057,Petra Logistics,2831,GBP,CREDIT,UNSETTLED
B001033,2026-02-08,ACC0101,Corner Cafe,7632,GBP,DEBIT,UNSETTLED
B001034,2026-03-14,ACC0028,Sandbrook Utilities,1319,GBP,DEBIT,SETTLED
B001035,2026-01-06,ACC0106,Harrow Sports Club,12386,GBP,DEBIT,UNSETTLED
B001036,2026-02-07,ACC0015,The Old Print Works,4613,GBP,CREDIT,SETTLED
B001037,2026-02-01,ACC0030,The Old Print Works,5157,GBP,DEBIT,UNSETTLED
B001038,2026-01-09,ACC0035,Dhillon & Sons,1084,GBP,DEBIT,UNSETTLED
B001039,2026-02-03,ACC0071,Sandbrook Utilities,10866,GBP,CREDIT,UNSETTLED
B001040,2026-03-12,ACC0080,Ashvale Clinic,5452,GBP,CREDIT,UNSETTLED
B001041,2026-02-12,ACC0069,"Wembley Tyres, Ltd",34561,GBP,DEBIT,UNSETTLED
B001042,2026-01-02,ACC0022,Sandbrook Utilities,4523,GBP,DEBIT,RETURNED
B001043,2026-03-17,ACC0011,Harrow Sports Club,3324,GBP,DEBIT,UNSETTLED
B001044,2026-03-14,ACC0047,Ashvale Clinic,11315,GBP,DEBIT,RETURNED
B001045,2026-03-12,ACC0058,Kite Digital,4644,GBP,DEBIT,SETTLED
B001046,2026-02-12,ACC0067,"Wembley Tyres, Ltd",2697,GBP,CREDIT,RETURNED
B001047,2026-01-27,ACC0056,Northline Freight,3181,GBP,DEBIT,UNSETTLED
B001048,2026-01-14,ACC0120,Bolt & Screw Ltd,1943,GBP,DEBIT,SETTLED
B001049,2026-02-14,ACC0107,Northline Freight,4377,GBP,DEBIT,SETTLED
B001050,2026-01-31,ACC0107,Ashvale Clinic,2505,GBP,DEBIT,UNSETTLED
B001051,2026-01-01,ACC0055,Ashvale Clinic,74242,GBP,CREDIT,SETTLED
B001052,2026-03-14,ACC0070,Ashvale Clinic,11262,GBP,DEBIT,RETURNED
B001053,2026-02-17,ACC0111,The Old Print Works,5605,GBP,DEBIT,RETURNED
B001054,2026-01-25,ACC0072,Bolt & Screw Ltd,1686,GBP,DEBIT,SETTLED
B001055,2026-03-28,ACC0104,Harrow Sports Club,7259,GBP,CREDIT,UNSETTLED
B001056,2026-01-15,ACC0017,Ashvale Clinic,4909,GBP,CREDIT,SETTLED
B001057,2026-03-19,ACC0116,Corner Cafe,4800,GBP,DEBIT,UNSETTLED
B001058,2026-03-21,ACC0041,Bolt & Screw Ltd,1922,GBP,DEBIT,UNSETTLED
B001059,2026-03-15,ACC0072,Petra Logistics,15307,GBP,DEBIT,UNSETTLED
B001060,2026-01-04,ACC0063,Bolt & Screw Ltd,12624,GBP,DEBIT,RETURNED
B001061,2026-02-11,ACC0105,Kite Digital,9990,GBP,DEBIT,SETTLED
B001062,2026-03-30,ACC0116,"Wembley Tyres, Ltd",14815,GBP,CREDIT,RETURNED
B001063,2026-03-18,ACC0094,Dhillon & Sons,4364,GBP,DEBIT,UNSETTLED
B001064,2026-02-24,ACC0113,Sandbrook Utilities,12420,GBP,DEBIT,SETTLED
B001065,2026-03-06,ACC0057,Kite Digital,7346,GBP,DEBIT,SETTLED
B001066,2026-01-25,ACC0086,Sandbrook Utilities,2313,GBP,DEBIT,SETTLED
B001067,2026-02-12,ACC0038,Ashvale Clinic,4640,GBP,CREDIT,SETTLED
B001068,2026-01-27,ACC0022,"Marlow ""Fine"" Foods",4248,GBP,DEBIT,RETURNED
B001069,2026-02-23,ACC0037,Ashvale Clinic,1995,GBP,CREDIT,UNSETTLED
B001070,2026-03-23,ACC0096,Harrow Sports Club,8983,GBP,CREDIT,SETTLED
B001071,2026-01-07,ACC0080,Ashvale Clinic,5435,GBP,DEBIT,RETURNED
B001072,2026-03-03,ACC0083,"Wembley Tyres, Ltd",2668,GBP,DEBIT,RETURNED
B001073,2026-01-26,ACC0119,"Wembley Tyres, Ltd",7071,GBP,DEBIT,SETTLED
B001074,2026-02-14,ACC0081,Dhillon & Sons,4146,GBP,CREDIT,SETTLED
B001075,2026-03-17,ACC0103,Kite Digital,3958,GBP,CREDIT,SETTLED
B001076,2026-01-31,ACC0011,Northline Freight,14713,GBP,CREDIT,RETURNED
B001077,2026-03-07,ACC0023,The Old Print Works,5513,GBP,CREDIT,SETTLED
B001078,2026-03-28,ACC0033,Northline Freight,74858,GBP,DEBIT,SETTLED
B001079,2026-01-25,ACC0072,"Marlow ""Fine"" Foods",5108,GBP,DEBIT,SETTLED
B001080,2026-02-09,ACC0063,"Marlow ""Fine"" Foods",15556,GBP,DEBIT,SETTLED
B001081,2026-01-10,ACC0088,Harrow Sports Club,3902,GBP,CREDIT,SETTLED
B001082,2026-01-14,ACC0089,Dhillon & Sons,6011,GBP,DEBIT,SETTLED
B001083,2026-01-26,ACC0078,"Marlow ""Fine"" Foods",5269,GBP,DEBIT,UNSETTLED
B001084,2026-03-21,ACC0096,The Old Print Works,19237,GBP,CREDIT,SETTLED
B001085,2026-02-25,ACC0106,Kite Digital,9513,GBP,DEBIT,SETTLED
B001086,2026-03-09,ACC0095,Northline Freight,5947,GBP,DEBIT,RETURNED
B001087,2026-03-25,ACC0088,"Wembley Tyres, Ltd",14458,GBP,CREDIT,SETTLED
B001088,2026-01-06,ACC0114,Bolt & Screw Ltd,1745,GBP,DEBIT,SETTLED
B001089,2026-02-05,ACC0079,Northline Freight,23033,GBP,DEBIT,SETTLED
B001090,2026-03-15,ACC0003,Ashvale Clinic,5258,GBP,CREDIT,RETURNED
B001091,2026-01-06,ACC0112,Kite Digital,1561,GBP,CREDIT,UNSETTLED
B001092,2026-02-10,ACC0079,"Marlow ""Fine"" Foods",11901,GBP,CREDIT,SETTLED
B001093,2026-03-27,ACC0002,"Marlow ""Fine"" Foods",5731,GBP,DEBIT,SETTLED
B001094,2026-03-18,ACC0033,Northline Freight,5626,GBP,DEBIT,SETTLED
B001095,2026-01-21,ACC0015,Northline Freight,2404,GBP,DEBIT,UNSETTLED
B001096,2026-03-07,ACC0001,"Wembley Tyres, Ltd",2165,GBP,CREDIT,SETTLED
B001097,2026-02-24,ACC0058,Kite Digital,10233,GBP,DEBIT,SETTLED
B001098,2026-02-05,ACC0098,Sandbrook Utilities,2848,GBP,CREDIT,UNSETTLED
B001099,2026-03-26,ACC0048,"Wembley Tyres, Ltd",24448,GBP,DEBIT,UNSETTLED
B001100,2026-02-16,ACC0010,Dhillon & Sons,12824,GBP,CREDIT,UNSETTLED
B001101,2026-03-29,ACC0012,Corner Cafe,5341,GBP,CREDIT,UNSETTLED
B001102,2026-02-07,ACC0006,"Wembley Tyres, Ltd",2495,GBP,DEBIT,UNSETTLED
B001103,2026-01-24,ACC0006,Ashvale Clinic,29638,GBP,CREDIT,UNSETTLED
B001104,2026-01-30,ACC0104,Harrow Sports Club,3424,GBP,DEBIT,RETURNED
B001105,2026-03-06,ACC0120,Ashvale Clinic,4925,GBP,DEBIT,UNSETTLED
B001106,2026-01-27,ACC0061,"Wembley Tyres, Ltd",49179,GBP,CREDIT,SETTLED
B001107,2026-01-13,ACC0026,Dhillon & Sons,2524,GBP,DEBIT,SETTLED
B001108,2026-01-13,ACC0018,Petra Logistics,36520,GBP,DEBIT,SETTLED
B001109,2026-01-23,ACC0089,Petra Logistics,2856,GBP,DEBIT,RETURNED
B001110,2026-01-01,ACC0082,Bolt & Screw Ltd,7288,GBP,DEBIT,SETTLED
B001111,2026-01-19,ACC0010,Kite Digital,35408,GBP,CREDIT,RETURNED
B001112,2026-03-11,ACC0110,Sandbrook Utilities,10759,GBP,DEBIT,RETURNED
B001113,2026-02-07,ACC0050,Corner Cafe,36429,GBP,DEBIT,RETURNED
B001114,2026-02-11,ACC0048,Harrow Sports Club,600,GBP,DEBIT,SETTLED
B001115,2026-03-23,ACC0035,Petra Logistics,12397,GBP,DEBIT,SETTLED
B001116,2026-01-28,ACC0020,Bolt & Screw Ltd,10543,GBP,DEBIT,SETTLED
B001117,2026-03-30,ACC0030,Dhillon & Sons,3703,GBP,DEBIT,UNSETTLED
B001118,2026-01-12,ACC0040,Dhillon & Sons,7152,GBP,DEBIT,RETURNED
B001119,2026-02-26,ACC0031,Northline Freight,1419,GBP,CREDIT,SETTLED
B001120,2026-02-13,ACC0061,Kite Digital,48843,GBP,DEBIT,SETTLED
B001121,2026-01-23,ACC0053,Northline Freight,13744,GBP,CREDIT,UNSETTLED
B001122,2026-01-29,ACC0100,Petra Logistics,2711,GBP,CREDIT,UNSETTLED
B001123,2026-01-01,ACC0033,"Wembley Tyres, Ltd",7365,GBP,DEBIT,RETURNED
B001124,2026-01-07,ACC0004,Northline Freight,3521,GBP,DEBIT,UNSETTLED
B001125,2026-02-04,ACC0054,"Marlow ""Fine"" Foods",10804,GBP,CREDIT,SETTLED
B001126,2026-02-22,ACC0088,Petra Logistics,3494,GBP,DEBIT,SETTLED
B001127,2026-02-20,ACC0105,Bolt & Screw Ltd,,GBP,CREDIT,RETURNED
B001128,2026-03-10,ACC0103,Ashvale Clinic,9995,GBP,DEBIT,SETTLED
B001129,2026-02-10,ACC0044,Kite Digital,,GBP,DEBIT,RETURNED
B001130,2026-01-03,ACC0040,Sandbrook Utilities,1991,GBP,DEBIT,RETURNED
B001131,2026-02-05,ACC0073,Northline Freight,3321,GBP,DEBIT,RETURNED
B001132,2026-03-08,ACC0063,Bolt & Screw Ltd,1060,GBP,CREDIT,UNSETTLED
B001133,2026-01-05,ACC0070,"Wembley Tyres, Ltd",673,GBP,CREDIT,SETTLED
B001134,2026-03-21,ACC0090,"Marlow ""Fine"" Foods",2144,GBP,DEBIT,SETTLED
B001135,2026-02-03,ACC0118,Ashvale Clinic,6727,GBP,DEBIT,UNSETTLED
B001136,2026-02-16,ACC0046,"Wembley Tyres, Ltd",588,GBP,CREDIT,SETTLED
B001137,2026-01-02,ACC0005,Corner Cafe,3921,GBP,DEBIT,SETTLED
B001138,2026-03-14,ACC0026,Ashvale Clinic,2535,GBP,DEBIT,RETURNED
B001139,2026-03-03,ACC0096,"Wembley Tyres, Ltd",1009,GBP,DEBIT,RETURNED
B001140,2026-02-03,ACC0079,Harrow Sports Club,2234,GBP,DEBIT,SETTLED
B001141,2026-01-23,ACC0057,Petra Logistics,4546,GBP,DEBIT,UNSETTLED
B001142,2026-01-28,ACC0033,Kite Digital,13604,GBP,CREDIT,SETTLED
B001143,2026-02-07,ACC0093,Northline Freight,7141,GBP,CREDIT,RETURNED
B001144,2026-02-13,ACC0119,Ashvale Clinic,7911,GBP,DEBIT,RETURNED
B001145,2026-02-11,ACC0004,Kite Digital,45133,GBP,DEBIT,SETTLED
B001146,2026-03-18,ACC0098,Corner Cafe,17840,GBP,DEBIT,SETTLED
B001147,2026-01-06,ACC0059,Bolt & Screw Ltd,34349,GBP,CREDIT,SETTLED
B001148,2026-03-30,ACC0033,The Old Print Works,2000,GBP,CREDIT,SETTLED
B001149,2026-02-04,ACC0113,Corner Cafe,7087,GBP,CREDIT,UNSETTLED
B001150,2026-02-05,ACC0013,The Old Print Works,9039,GBP,CREDIT,UNSETTLED
B001151,2026-03-12,ACC0056,Bolt & Screw Ltd,4542,GBP,CREDIT,SETTLED
B001152,2026-01-07,ACC0054,Northline Freight,7322,GBP,DEBIT,UNSETTLED
B001153,2026-01-02,ACC0055,Ashvale Clinic,4210,GBP,CREDIT,SETTLED
B001154,2026-02-12,ACC0117,"Wembley Tyres, Ltd",6370,GBP,DEBIT,SETTLED
B001155,2026-02-06,ACC0002,"Wembley Tyres, Ltd",95394,GBP,CREDIT,UNSETTLED
B001156,2026-03-16,ACC0107,The Old Print Works,7702,GBP,CREDIT,SETTLED
B001157,2026-02-06,ACC0056,Sandbrook Utilities,6045,GBP,DEBIT,SETTLED
B001158,2026-01-12,ACC0085,"Marlow ""Fine"" Foods",5002,GBP,CREDIT,RETURNED
B001159,2026-02-19,ACC0119,Ashvale Clinic,5056,GBP,DEBIT,RETURNED
B001160,2026-03-13,ACC0085,Dhillon & Sons,5513,GBP,DEBIT,UNSETTLED
B001161,2026-02-22,ACC0082,"Wembley Tyres, Ltd",5911,GBP,DEBIT,RETURNED
B001162,2026-02-27,ACC0094,The Old Print Works,16721,GBP,DEBIT,RETURNED
B001163,2026-02-08,ACC0029,Dhillon & Sons,4726,GBP,DEBIT,SETTLED
B001164,2026-03-10,ACC0112,Kite Digital,2677,GBP,CREDIT,SETTLED
B001165,2026-01-31,ACC0104,Harrow Sports Club,12135,GBP,DEBIT,SETTLED
B001166,2026-02-21,ACC0006,The Old Print Works,13292,GBP,DEBIT,RETURNED
B001167,2026-03-12,ACC0094,Corner Cafe,10171,GBP,DEBIT,SETTLED
B001168,2026-01-11,ACC0021,Ashvale Clinic,10780,GBP,DEBIT,SETTLED
B001169,2026-03-15,ACC0064,Bolt & Screw Ltd,3329,GBP,CREDIT,RETURNED
B001170,2026-03-08,ACC0019,Northline Freight,6540,GBP,DEBIT,SETTLED
B001171,2026-03-16,ACC0094,Ashvale Clinic,7487,GBP,DEBIT,RETURNED
B001172,2026-02-27,ACC0062,Petra Logistics,10361,GBP,DEBIT,UNSETTLED
B001173,2026-01-02,ACC0034,"Wembley Tyres, Ltd",7108,GBP,CREDIT,SETTLED
B001174,2026-01-18,ACC0091,Dhillon & Sons,429,GBP,CREDIT,UNSETTLED
B001175,2026-02-11,ACC0074,Dhillon & Sons,8273,GBP,DEBIT,SETTLED
B001176,2026-03-09,ACC0085,Harrow Sports Club,2116,GBP,CREDIT,RETURNED
B001177,2026-02-25,ACC0003,Corner Cafe,5408,GBP,CREDIT,SETTLED
B001178,2026-02-28,ACC0006,Sandbrook Utilities,3516,GBP,DEBIT,RETURNED
B001179,2026-02-08,ACC0039,Harrow Sports Club,11556,GBP,CREDIT,RETURNED
B001180,2026-01-25,ACC0057,Kite Digital,4969,GBP,DEBIT,RETURNED
B001181,2026-02-16,ACC0013,Corner Cafe,972,GBP,DEBIT,SETTLED
B001182,2026-02-16,ACC0106,"Marlow ""Fine"" Foods",4291,GBP,DEBIT,SETTLED
B001183,2026-03-25,ACC0099,Ashvale Clinic,98928,GBP,CREDIT,UNSETTLED
B001184,2026-02-18,ACC0085,Petra Logistics,7186,GBP,DEBIT,SETTLED
B001185,2026-03-13,ACC0022,Kite Digital,7731,GBP,DEBIT,RETURNED
B001186,2026-01-25,ACC0025,Sandbrook Utilities,3846,GBP,CREDIT,SETTLED
B001187,2026-03-28,ACC0105,"Marlow ""Fine"" Foods",9144,GBP,DEBIT,RETURNED
B001188,2026-02-20,ACC0018,Bolt & Screw Ltd,1746,GBP,CREDIT,SETTLED
B001189,2026-01-31,ACC0049,Dhillon & Sons,13882,GBP,CREDIT,SETTLED
B001190,2026-03-13,ACC0109,Kite Digital,7752,GBP,DEBIT,SETTLED
B001191,2026-03-26,ACC0051,Corner Cafe,3976,GBP,DEBIT,SETTLED
B001192,2026-02-21,ACC0033,"Wembley Tyres, Ltd",3025,GBP,CREDIT,SETTLED
B001193,2026-03-08,ACC0074,The Old Print Works,9698,GBP,CREDIT,SETTLED
B001194,2026-03-17,ACC0054,Sandbrook Utilities,8183,GBP,DEBIT,SETTLED
B001195,2026-01-07,ACC0101,The Old Print Works,3930,GBP,CREDIT,UNSETTLED
B001196,2026-01-01,ACC0001,Corner Cafe,9437,GBP,DEBIT,SETTLED
B001197,2026-03-25,ACC0042,Ashvale Clinic,36383,GBP,DEBIT,SETTLED
B001198,2026-02-19,ACC0101,Dhillon & Sons,15937,GBP,DEBIT,SETTLED
B001199,2026-01-27,ACC0044,Dhillon & Sons,24360,GBP,DEBIT,RETURNED
B001200,2026-02-22,ACC0063,"Wembley Tyres, Ltd",18469,GBP,DEBIT,RETURNED
B001201,2026-01-08,ACC0084,Northline Freight,44416,GBP,DEBIT,SETTLED
B001202,2026-03-10,ACC0093,"Marlow ""Fine"" Foods",9704,GBP,DEBIT,SETTLED
B001203,2026-03-19,ACC0102,Dhillon & Sons,11962,GBP,CREDIT,UNSETTLED
B001204,2026-02-07,ACC0034,Kite Digital,11167,GBP,DEBIT,SETTLED
B001205,2026-01-09,ACC0029,Bolt & Screw Ltd,14173,GBP,CREDIT,UNSETTLED
B001206,2026-01-21,ACC0081,"Wembley Tyres, Ltd",18161,GBP,DEBIT,RETURNED
B001207,2026-03-22,ACC0066,Corner Cafe,1609,GBP,CREDIT,UNSETTLED
B001208,2026-02-26,ACC0008,Northline Freight,1566,GBP,CREDIT,RETURNED
B001209,2026-01-18,ACC0038,Bolt & Screw Ltd,20528,GBP,DEBIT,SETTLED
B001210,2026-01-20,ACC0005,Corner Cafe,9689,GBP,DEBIT,SETTLED
B001211,2026-02-26,ACC0076,"Wembley Tyres, Ltd",4702,GBP,DEBIT,SETTLED
B001212,2026-02-02,ACC0102,Kite Digital,4252,GBP,CREDIT,SETTLED
B001213,2026-01-27,ACC0003,Harrow Sports Club,14728,GBP,DEBIT,SETTLED
B001214,2026-01-07,ACC0029,Sandbrook Utilities,11240,GBP,DEBIT,UNSETTLED
B001215,2026-01-21,ACC0086,Kite Digital,9254,GBP,CREDIT,SETTLED
B001216,2026-02-12,ACC0057,Northline Freight,4881,GBP,CREDIT,UNSETTLED
B001217,2026-02-05,ACC0005,Kite Digital,10580,GBP,DEBIT,SETTLED
B001218,2026-03-22,ACC0074,Petra Logistics,24265,GBP,DEBIT,SETTLED
B001219,2026-03-29,ACC0073,Kite Digital,26139,GBP,DEBIT,SETTLED
B001220,2026-02-02,ACC0119,Harrow Sports Club,2339,GBP,DEBIT,SETTLED
B001221,2026-03-17,ACC0019,"Wembley Tyres, Ltd",2194,GBP,CREDIT,SETTLED
B001222,2026-01-14,ACC0042,"Wembley Tyres, Ltd",18163,GBP,DEBIT,SETTLED
B001223,2026-02-15,ACC0110,Ashvale Clinic,1476,GBP,CREDIT,SETTLED
B001224,2026-01-15,ACC0056,"Wembley Tyres, Ltd",10266,GBP,DEBIT,SETTLED
B001225,2026-03-24,ACC0039,The Old Print Works,2575,GBP,DEBIT,SETTLED
B001226,2026-02-07,ACC0118,Dhillon & Sons,8035,GBP,CREDIT,SETTLED
B001227,2026-02-20,ACC0118,Dhillon & Sons,2837,GBP,CREDIT,RETURNED
B001228,2026-02-23,ACC0063,Ashvale Clinic,4163,GBP,CREDIT,SETTLED
B001229,2026-03-11,ACC0107,Kite Digital,11030,GBP,DEBIT,RETURNED
B001230,2026-03-01,ACC0064,"Wembley Tyres, Ltd",1955,GBP,CREDIT,RETURNED
B001231,2026-01-02,ACC0041,Northline Freight,5249,GBP,DEBIT,SETTLED
B001232,2026-01-27,ACC0007,Corner Cafe,11500,GBP,CREDIT,SETTLED
B001233,2026-02-01,ACC0083,Bolt & Screw Ltd,5688,GBP,CREDIT,UNSETTLED
B001234,2026-01-09,ACC0092,"Marlow ""Fine"" Foods",7422,GBP,DEBIT,RETURNED
B001235,2026-01-15,ACC0054,"Wembley Tyres, Ltd",9288,GBP,CREDIT,RETURNED
B001236,2026-02-28,ACC0110,Kite Digital,2095,GBP,DEBIT,SETTLED
B001237,2026-03-19,ACC0078,The Old Print Works,13770,GBP,CREDIT,RETURNED
B001238,2026-01-21,ACC0110,"Wembley Tyres, Ltd",9530,GBP,DEBIT,UNSETTLED
B001239,2026-01-11,ACC0040,Bolt & Screw Ltd,6996,GBP,DEBIT,SETTLED
B001240,2026-01-12,ACC0037,"Wembley Tyres, Ltd",32331,GBP,DEBIT,SETTLED
B001241,2026-02-06,ACC0085,"Marlow ""Fine"" Foods",6987,GBP,DEBIT,UNSETTLED
B001242,2026-01-15,ACC0101,Ashvale Clinic,772,GBP,DEBIT,RETURNED
B001243,2026-03-14,ACC0075,Corner Cafe,21399,GBP,CREDIT,RETURNED
B001244,2026-01-21,ACC0048,Ashvale Clinic,10396,GBP,CREDIT,UNSETTLED
B001245,2026-03-18,ACC0076,Bolt & Screw Ltd,2326,GBP,DEBIT,UNSETTLED
B001246,2026-01-04,ACC0050,Kite Digital,13373,GBP,CREDIT,RETURNED
B001247,2026-01-27,ACC0067,Bolt & Screw Ltd,2438,GBP,DEBIT,UNSETTLED
B001248,2026-02-06,ACC0062,Dhillon & Sons,1417,GBP,CREDIT,SETTLED
B001249,2026-02-10,ACC0106,"Marlow ""Fine"" Foods",41158,GBP,DEBIT,UNSETTLED
B001250,2026-02-27,ACC0011,Ashvale Clinic,14550,GBP,DEBIT,RETURNED
B001251,2026-03-19,ACC0087,Petra Logistics,4038,GBP,DEBIT,SETTLED
B001252,2026-01-10,ACC0042,Northline Freight,8012,GBP,DEBIT,SETTLED
B001253,2026-03-31,ACC0020,"Wembley Tyres, Ltd",3611,GBP,CREDIT,SETTLED
B001254,2026-01-08,ACC0049,Northline Freight,2913,GBP,CREDIT,SETTLED
B001255,2026-02-23,ACC0028,Petra Logistics,4281,GBP,DEBIT,UNSETTLED
B001256,2026-01-14,ACC0084,Petra Logistics,7566,GBP,DEBIT,UNSETTLED
B001257,2026-01-01,ACC0074,Corner Cafe,23941,GBP,CREDIT,UNSETTLED
B001258,2026-03-20,ACC0085,Sandbrook Utilities,25193,GBP,DEBIT,UNSETTLED
B001259,2026-01-10,ACC0024,Northline Freight,10176,GBP,DEBIT,RETURNED
B001260,2026-03-15,ACC0068,Sandbrook Utilities,9780,GBP,DEBIT,SETTLED
B001261,2026-03-13,ACC0025,Harrow Sports Club,111234,GBP,DEBIT,UNSETTLED
B001262,2026-02-14,ACC0014,Dhillon & Sons,3428,GBP,DEBIT,UNSETTLED
B001263,2026-01-08,ACC0072,Northline Freight,119603,GBP,CREDIT,RETURNED
B001264,2026-01-20,ACC0061,The Old Print Works,6134,GBP,DEBIT,SETTLED
B001265,2026-01-25,ACC0002,Ashvale Clinic,3660,GBP,DEBIT,SETTLED
B001266,2026-01-18,ACC0076,Petra Logistics,6931,GBP,DEBIT,SETTLED
B001267,2026-02-28,ACC0113,Kite Digital,19603,GBP,DEBIT,RETURNED
B001268,2026-03-22,ACC0014,Kite Digital,5481,GBP,CREDIT,SETTLED
B001269,2026-02-16,ACC0082,Ashvale Clinic,1003,GBP,DEBIT,RETURNED
B001270,2026-02-18,ACC0109,The Old Print Works,29342,GBP,DEBIT,SETTLED
B001271,2026-03-02,ACC0074,Harrow Sports Club,3017,GBP,CREDIT,SETTLED
B001272,2026-03-17,ACC0104,Dhillon & Sons,3961,GBP,CREDIT,SETTLED
B001273,2026-03-14,ACC0034,Kite Digital,2019,GBP,DEBIT,RETURNED
B001274,2026-01-31,ACC0053,Sandbrook Utilities,5973,GBP,DEBIT,SETTLED
B001275,2026-01-02,ACC0114,The Old Print Works,19239,GBP,DEBIT,SETTLED
B001276,2026-01-24,ACC0067,Petra Logistics,5230,GBP,CREDIT,SETTLED
B001277,2026-01-09,ACC0097,Kite Digital,3397,GBP,DEBIT,SETTLED
B001278,2026-01-15,ACC0034,Corner Cafe,8910,GBP,CREDIT,RETURNED
B001279,2026-03-03,ACC0040,Ashvale Clinic,17101,GBP,CREDIT,UNSETTLED
B001280,2026-03-18,ACC0017,Ashvale Clinic,4517,GBP,CREDIT,SETTLED
B001281,2026-02-14,ACC0033,Dhillon & Sons,815,GBP,DEBIT,SETTLED
B001282,2026-03-27,ACC0035,Ashvale Clinic,8670,GBP,DEBIT,RETURNED
B001283,2026-02-11,ACC0073,"Wembley Tyres, Ltd",3131,GBP,DEBIT,RETURNED
B001284,2026-01-20,ACC0057,"Wembley Tyres, Ltd",9420,GBP,DEBIT,UNSETTLED
B001285,2026-01-24,ACC0003,"Wembley Tyres, Ltd",4844,GBP,CREDIT,RETURNED
B001286,2026-01-23,ACC0067,Corner Cafe,3075,GBP,DEBIT,RETURNED
B001287,2026-01-06,ACC0116,Petra Logistics,4174,GBP,DEBIT,SETTLED
B001288,2026-03-09,ACC0021,Bolt & Screw Ltd,3782,GBP,DEBIT,SETTLED
B001289,2026-02-16,ACC0063,Harrow Sports Club,17102,GBP,DEBIT,RETURNED
B001290,2026-02-04,ACC0093,Northline Freight,26317,GBP,DEBIT,UNSETTLED
B001291,2026-01-09,ACC0088,Ashvale Clinic,6603,GBP,DEBIT,SETTLED
B001292,2026-03-01,ACC0042,Kite Digital,21029,GBP,DEBIT,SETTLED
B001293,2026-02-16,ACC0054,"Marlow ""Fine"" Foods",14950,GBP,DEBIT,SETTLED
B001294,2026-03-29,ACC0018,Bolt & Screw Ltd,2631,GBP,CREDIT,SETTLED
B001295,2026-02-11,ACC0015,"Marlow ""Fine"" Foods",11274,GBP,DEBIT,SETTLED
B001296,2026-01-14,ACC0119,"Wembley Tyres, Ltd",23635,GBP,DEBIT,UNSETTLED
B001297,2026-01-07,ACC0071,Northline Freight,17230,GBP,DEBIT,SETTLED
B001298,2026-01-27,ACC0045,"Marlow ""Fine"" Foods",22790,GBP,CREDIT,SETTLED
B001299,2026-03-15,ACC0060,Dhillon & Sons,453,GBP,DEBIT,SETTLED
B001300,2026-02-03,ACC0051,"Marlow ""Fine"" Foods",19691,GBP,DEBIT,UNSETTLED
B001301,2026-01-04,ACC0025,Petra Logistics,,GBP,DEBIT,RETURNED
B001302,2026-03-07,ACC0071,Harrow Sports Club,10146,GBP,DEBIT,UNSETTLED
B001303,2026-03-03,ACC0100,"Marlow ""Fine"" Foods",11297,GBP,DEBIT,SETTLED
B001304,2026-01-18,ACC0114,Harrow Sports Club,5951,GBP,DEBIT,SETTLED
B001305,2026-02-17,ACC0038,"Wembley Tyres, Ltd",13618,GBP,DEBIT,UNSETTLED
B001306,2026-01-21,ACC0025,Sandbrook Utilities,1648,GBP,DEBIT,RETURNED
B001307,2026-01-29,ACC0113,Bolt & Screw Ltd,12964,GBP,DEBIT,RETURNED
B001308,2026-02-06,ACC0068,Northline Freight,5200,GBP,DEBIT,SETTLED
B001309,2026-02-20,ACC0001,Sandbrook Utilities,8500,GBP,DEBIT,RETURNED
B001310,2026-03-18,ACC0073,Corner Cafe,55132,GBP,DEBIT,UNSETTLED
B001311,2026-03-05,ACC0106,"Marlow ""Fine"" Foods",8277,GBP,DEBIT,RETURNED
B001312,2026-02-28,ACC0019,Kite Digital,4692,GBP,CREDIT,SETTLED
B001313,2026-03-23,ACC0039,Northline Freight,16996,GBP,DEBIT,UNSETTLED
B001314,2026-02-22,ACC0094,Sandbrook Utilities,1923,GBP,CREDIT,UNSETTLED
B001315,2026-03-27,ACC0072,"Marlow ""Fine"" Foods",10584,GBP,DEBIT,RETURNED
B001316,2026-02-25,ACC0006,Harrow Sports Club,6584,GBP,DEBIT,SETTLED
B001317,2026-02-18,ACC0079,Sandbrook Utilities,14424,GBP,DEBIT,SETTLED
B001318,2026-03-13,ACC0051,Petra Logistics,10288,GBP,CREDIT,SETTLED
B001319,2026-01-18,ACC0030,Sandbrook Utilities,8895,GBP,CREDIT,UNSETTLED
B001320,2026-02-01,ACC0085,Bolt & Screw Ltd,4683,GBP,DEBIT,SETTLED
B001321,2026-03-02,ACC0109,The Old Print Works,1636,GBP,CREDIT,RETURNED
B001322,2026-03-30,ACC0067,Dhillon & Sons,9962,GBP,DEBIT,RETURNED
B001323,2026-01-04,ACC0117,Corner Cafe,13038,GBP,DEBIT,SETTLED
B001324,2026-02-28,ACC0069,Bolt & Screw Ltd,3499,GBP,DEBIT,SETTLED
B001325,2026-01-04,ACC0009,Harrow Sports Club,16675,GBP,CREDIT,SETTLED
B001326,2026-01-15,ACC0016,Corner Cafe,5577,GBP,DEBIT,UNSETTLED
B001327,2026-01-04,ACC0004,Sandbrook Utilities,1057,GBP,DEBIT,SETTLED
B001328,2026-01-16,ACC0114,Bolt & Screw Ltd,2310,GBP,CREDIT,SETTLED
B001329,2026-01-17,ACC0004,"Marlow ""Fine"" Foods",15728,GBP,DEBIT,SETTLED
B001330,2026-03-14,ACC0068,Ashvale Clinic,45123,GBP,CREDIT,RETURNED
B001331,2026-03-27,ACC0028,Corner Cafe,30567,GBP,CREDIT,RETURNED
B001332,2026-03-01,ACC0027,Corner Cafe,6309,GBP,DEBIT,UNSETTLED
B001333,2026-02-23,ACC0093,Kite Digital,5235,GBP,CREDIT,SETTLED
B001334,2026-02-01,ACC0096,Ashvale Clinic,4444,GBP,CREDIT,SETTLED
B001335,2026-03-24,ACC0038,The Old Print Works,651,GBP,CREDIT,RETURNED
B001336,2026-02-03,ACC0113,Corner Cafe,16114,GBP,DEBIT,RETURNED
B001337,2026-01-13,ACC0052,"Marlow ""Fine"" Foods",1839,GBP,DEBIT,RETURNED
B001338,2026-01-05,ACC0094,Corner Cafe,3389,GBP,CREDIT,UNSETTLED
B001339,2026-01-08,ACC0078,Dhillon & Sons,5553,GBP,CREDIT,SETTLED
B001340,2026-03-22,ACC0102,Sandbrook Utilities,1426,GBP,DEBIT,SETTLED
B001341,2026-01-06,ACC0083,Sandbrook Utilities,13748,GBP,DEBIT,SETTLED
B001342,2026-01-27,ACC0086,Ashvale Clinic,3927,GBP,DEBIT,UNSETTLED
B001343,2026-02-06,ACC0095,Corner Cafe,5686,GBP,CREDIT,RETURNED
B001344,2026-02-01,ACC0039,The Old Print Works,3090,GBP,DEBIT,UNSETTLED
B001345,2026-02-02,ACC0026,Kite Digital,25730,GBP,CREDIT,SETTLED
B001346,2026-03-25,ACC0102,Northline Freight,4692,GBP,DEBIT,SETTLED
B001347,2026-01-11,ACC0034,Bolt & Screw Ltd,2374,GBP,DEBIT,SETTLED
B001348,2026-01-15,ACC0021,Dhillon & Sons,5279,GBP,DEBIT,SETTLED
B001349,2026-01-18,ACC0003,Sandbrook Utilities,5954,GBP,CREDIT,SETTLED
B001350,2026-03-05,ACC0106,Ashvale Clinic,5563,GBP,DEBIT,SETTLED
B001351,2026-02-15,ACC0095,The Old Print Works,24065,GBP,DEBIT,UNSETTLED
B001352,2026-02-05,ACC0030,Corner Cafe,23071,GBP,DEBIT,SETTLED
B001353,2026-03-19,ACC0010,Kite Digital,9697,GBP,DEBIT,UNSETTLED
B001354,2026-02-15,ACC0098,Corner Cafe,5641,GBP,DEBIT,SETTLED
B001355,2026-01-01,ACC0097,Ashvale Clinic,6802,GBP,DEBIT,UNSETTLED
B001356,2026-01-24,ACC0050,"Wembley Tyres, Ltd",1220,GBP,CREDIT,RETURNED
B001357,2026-03-15,ACC0005,"Marlow ""Fine"" Foods",7074,GBP,DEBIT,SETTLED
B001358,2026-02-28,ACC0043,"Wembley Tyres, Ltd",5832,GBP,DEBIT,UNSETTLED
B001359,2026-03-11,ACC0014,Petra Logistics,27308,GBP,CREDIT,SETTLED
B001360,2026-02-15,ACC0070,Northline Freight,27254,GBP,DEBIT,UNSETTLED
B001361,2026-01-24,ACC0035,Kite Digital,18597,GBP,DEBIT,RETURNED
B001362,2026-01-26,ACC0024,Kite Digital,7795,GBP,DEBIT,SETTLED
B001363,2026-02-13,ACC0028,Ashvale Clinic,7803,GBP,DEBIT,UNSETTLED
B001364,2026-02-09,ACC0084,Dhillon & Sons,8683,GBP,DEBIT,RETURNED
B001365,2026-03-16,ACC0112,The Old Print Works,9026,GBP,CREDIT,UNSETTLED
B001366,2026-02-13,ACC0048,Petra Logistics,3603,GBP,DEBIT,SETTLED
B001367,2026-03-29,ACC0022,Dhillon & Sons,2288,GBP,DEBIT,SETTLED
B001368,2026-03-27,ACC0115,Ashvale Clinic,5798,GBP,DEBIT,RETURNED
B001369,2026-02-04,ACC0017,Harrow Sports Club,7960,GBP,CREDIT,SETTLED
B001370,2026-03-28,ACC0057,Northline Freight,16740,GBP,DEBIT,SETTLED
B001371,2026-03-24,ACC0104,Bolt & Screw Ltd,13984,GBP,CREDIT,UNSETTLED
B001372,2026-01-27,ACC0038,Sandbrook Utilities,11037,GBP,DEBIT,SETTLED
B001373,2026-02-05,ACC0100,Dhillon & Sons,6043,GBP,DEBIT,SETTLED
B001374,2026-03-05,ACC0015,The Old Print Works,2853,GBP,DEBIT,RETURNED
B001375,2026-03-22,ACC0068,Petra Logistics,27199,GBP,CREDIT,RETURNED
B001376,2026-01-06,ACC0100,Corner Cafe,7145,GBP,DEBIT,RETURNED
B001377,2026-01-29,ACC0006,Harrow Sports Club,1062,GBP,CREDIT,RETURNED
B001378,2026-01-15,ACC0056,Kite Digital,28284,GBP,DEBIT,SETTLED
B001379,2026-03-03,ACC0078,Corner Cafe,28975,GBP,DEBIT,SETTLED
B001380,2026-03-24,ACC0006,Dhillon & Sons,5644,GBP,DEBIT,RETURNED
B001381,2026-03-20,ACC0086,Corner Cafe,,GBP,DEBIT,UNSETTLED
B001382,2026-01-10,ACC0119,"Wembley Tyres, Ltd",3467,GBP,DEBIT,UNSETTLED
B001383,2026-03-12,ACC0020,Petra Logistics,9350,GBP,DEBIT,SETTLED
B001384,2026-03-29,ACC0052,Sandbrook Utilities,6124,GBP,DEBIT,SETTLED
B001385,2026-03-18,ACC0009,Ashvale Clinic,11623,GBP,DEBIT,UNSETTLED
B001386,2026-02-25,ACC0090,Northline Freight,4451,GBP,CREDIT,RETURNED
B001387,2026-03-02,ACC0024,Petra Logistics,4010,GBP,DEBIT,SETTLED
B001388,2026-02-16,ACC0011,The Old Print Works,14368,GBP,DEBIT,UNSETTLED
B001389,2026-01-05,ACC0056,Kite Digital,10063,GBP,DEBIT,SETTLED
B001390,2026-02-14,ACC0055,Harrow Sports Club,1469,GBP,DEBIT,SETTLED
B001391,2026-01-28,ACC0031,Ashvale Clinic,30167,GBP,DEBIT,UNSETTLED
B001392,2026-02-22,ACC0042,The Old Print Works,16092,GBP,DEBIT,SETTLED
B001393,2026-03-30,ACC0048,Kite Digital,4430,GBP,DEBIT,SETTLED
B001394,2026-03-06,ACC0055,"Marlow ""Fine"" Foods",3850,GBP,DEBIT,RETURNED
B001395,2026-02-06,ACC0112,Bolt & Screw Ltd,5552,GBP,DEBIT,SETTLED
B001396,2026-01-13,ACC0002,"Wembley Tyres, Ltd",1563,GBP,CREDIT,UNSETTLED
B001397,2026-02-04,ACC0011,Kite Digital,8889,GBP,CREDIT,RETURNED
B001398,2026-01-13,ACC0059,"Wembley Tyres, Ltd",90331,GBP,CREDIT,SETTLED
B001399,2026-01-14,ACC0044,Northline Freight,3661,GBP,DEBIT,SETTLED
B001400,2026-01-12,ACC0065,"Wembley Tyres, Ltd",3955,GBP,DEBIT,UNSETTLED
B001401,2026-03-16,ACC0073,Harrow Sports Club,18018,GBP,DEBIT,SETTLED
B001402,2026-02-10,ACC0053,Petra Logistics,8626,GBP,DEBIT,SETTLED
B001403,2026-03-18,ACC0033,Bolt & Screw Ltd,9010,GBP,CREDIT,RETURNED
B001404,2026-02-28,ACC0088,Sandbrook Utilities,4380,GBP,DEBIT,UNSETTLED
B001405,2026-01-20,ACC0098,Northline Freight,1332,GBP,DEBIT,RETURNED
B001406,2026-03-13,ACC0030,"Marlow ""Fine"" Foods",7961,GBP,CREDIT,SETTLED
B001407,2026-03-24,ACC0050,"Marlow ""Fine"" Foods",932,GBP,DEBIT,RETURNED
B001408,2026-02-20,ACC0013,"Wembley Tyres, Ltd",28825,GBP,CREDIT,SETTLED
B001409,2026-01-26,ACC0104,Corner Cafe,7586,GBP,DEBIT,UNSETTLED
B001410,2026-01-28,ACC0081,Harrow Sports Club,1940,GBP,DEBIT,SETTLED
B001411,2026-03-01,ACC0009,"Wembley Tyres, Ltd",24714,GBP,DEBIT,SETTLED
B001412,2026-03-19,ACC0031,"Wembley Tyres, Ltd",7563,GBP,DEBIT,SETTLED
B001413,2026-03-02,ACC0118,"Wembley Tyres, Ltd",17227,GBP,DEBIT,SETTLED
B001414,2026-01-06,ACC0057,"Marlow ""Fine"" Foods",5921,GBP,CREDIT,SETTLED
B001415,2026-02-21,ACC0029,Dhillon & Sons,11358,GBP,DEBIT,SETTLED
B001416,2026-03-03,ACC0058,Kite Digital,6130,GBP,DEBIT,SETTLED
B001417,2026-02-05,ACC0102,Bolt & Screw Ltd,2501,GBP,DEBIT,RETURNED
B001418,2026-03-29,ACC0074,Corner Cafe,2949,GBP,DEBIT,RETURNED
B001419,2026-01-28,ACC0083,Petra Logistics,1249,GBP,DEBIT,SETTLED
B001420,2026-02-09,ACC0071,"Marlow ""Fine"" Foods",35200,GBP,DEBIT,SETTLED
B001421,2026-01-09,ACC0006,Corner Cafe,17229,GBP,DEBIT,UNSETTLED
B001422,2026-03-15,ACC0023,Dhillon & Sons,16186,GBP,CREDIT,UNSETTLED
B001423,2026-02-08,ACC0038,Petra Logistics,3923,GBP,CREDIT,RETURNED
B001424,2026-01-18,ACC0049,Harrow Sports Club,44230,GBP,DEBIT,RETURNED
B001425,2026-03-22,ACC0003,Ashvale Clinic,27644,GBP,CREDIT,SETTLED
B001426,2026-03-05,ACC0090,Harrow Sports Club,2256,GBP,DEBIT,RETURNED
B001427,2026-03-10,ACC0087,"Marlow ""Fine"" Foods",34028,GBP,DEBIT,SETTLED
B001428,2026-03-12,ACC0028,Dhillon & Sons,,GBP,DEBIT,UNSETTLED
B001429,2026-02-23,ACC0020,Sandbrook Utilities,2184,GBP,DEBIT,SETTLED
B001430,2026-02-08,ACC0004,"Wembley Tyres, Ltd",16316,GBP,DEBIT,RETURNED
B001431,2026-03-25,ACC0044,Northline Freight,2572,GBP,CREDIT,UNSETTLED
B001432,2026-01-17,ACC0088,Ashvale Clinic,1309,GBP,DEBIT,SETTLED
B001433,2026-03-13,ACC0035,Petra Logistics,1382,GBP,CREDIT,SETTLED
B001434,2026-01-27,ACC0103,Harrow Sports Club,1779,GBP,DEBIT,SETTLED
B001435,2026-01-27,ACC0081,"Wembley Tyres, Ltd",2129,GBP,DEBIT,SETTLED
B001436,2026-03-29,ACC0100,The Old Print Works,4408,GBP,DEBIT,SETTLED
B001437,2026-02-22,ACC0065,"Wembley Tyres, Ltd",8301,GBP,CREDIT,SETTLED
B001438,2026-03-29,ACC0062,Harrow Sports Club,3079,GBP,CREDIT,RETURNED
B001439,2026-02-05,ACC0050,Petra Logistics,3414,GBP,DEBIT,SETTLED
B001440,2026-01-30,ACC0104,Corner Cafe,5467,GBP,DEBIT,UNSETTLED
B001441,2026-01-22,ACC0021,"Marlow ""Fine"" Foods",3700,GBP,DEBIT,UNSETTLED
B001442,2026-03-13,ACC0062,Harrow Sports Club,4727,GBP,CREDIT,SETTLED
B001443,2026-02-07,ACC0068,"Wembley Tyres, Ltd",6014,GBP,CREDIT,SETTLED
B001444,2026-03-30,ACC0110,Kite Digital,9955,GBP,DEBIT,RETURNED
B001445,2026-02-19,ACC0048,Sandbrook Utilities,8924,GBP,DEBIT,SETTLED
B001446,2026-02-09,ACC0098,Kite Digital,12837,GBP,DEBIT,SETTLED
B001447,2026-03-13,ACC0099,The Old Print Works,26136,GBP,DEBIT,SETTLED
B001448,2026-03-23,ACC0001,"Marlow ""Fine"" Foods",4383,GBP,CREDIT,SETTLED
B001449,2026-02-23,ACC0080,Northline Freight,2456,GBP,DEBIT,SETTLED
B001450,2026-01-11,ACC0024,Ashvale Clinic,10614,GBP,DEBIT,SETTLED
B001451,2026-01-09,ACC0071,Ashvale Clinic,3403,GBP,CREDIT,UNSETTLED
B001452,2026-03-01,ACC0048,Kite Digital,19763,GBP,CREDIT,RETURNED
B001453,2026-03-25,ACC0002,"Wembley Tyres, Ltd",15306,GBP,CREDIT,UNSETTLED
B001454,2026-03-01,ACC0086,Kite Digital,3471,GBP,DEBIT,UNSETTLED
B001455,2026-03-18,ACC0108,Kite Digital,8890,GBP,DEBIT,RETURNED
B001456,2026-03-18,ACC0002,Harrow Sports Club,6674,GBP,CREDIT,RETURNED
B001457,2026-03-14,ACC0040,Corner Cafe,13149,GBP,CREDIT,SETTLED
B001458,2026-03-13,ACC0119,"Marlow ""Fine"" Foods",3649,GBP,CREDIT,UNSETTLED
B001459,2026-01-01,ACC0085,"Marlow ""Fine"" Foods",12967,GBP,DEBIT,RETURNED
B001460,2026-02-03,ACC0036,Harrow Sports Club,7131,GBP,DEBIT,SETTLED
B001461,2026-03-12,ACC0082,Dhillon & Sons,2977,GBP,DEBIT,RETURNED
B001462,2026-01-03,ACC0063,Bolt & Screw Ltd,2994,GBP,CREDIT,UNSETTLED
B001463,2026-03-15,ACC0001,Petra Logistics,16703,GBP,DEBIT,UNSETTLED
B001464,2026-01-26,ACC0116,Harrow Sports Club,28203,GBP,CREDIT,UNSETTLED
B001465,2026-03-12,ACC0101,Ashvale Clinic,9090,GBP,DEBIT,RETURNED
B001466,2026-03-15,ACC0033,"Marlow ""Fine"" Foods",11449,GBP,DEBIT,UNSETTLED
B001467,2026-01-29,ACC0102,Petra Logistics,17497,GBP,DEBIT,UNSETTLED
B001468,2026-01-07,ACC0115,Northline Freight,2485,GBP,DEBIT,SETTLED
B001469,2026-03-18,ACC0043,Harrow Sports Club,2580,GBP,DEBIT,SETTLED
B001470,2026-03-06,ACC0095,Sandbrook Utilities,3263,GBP,CREDIT,RETURNED
B001471,2026-03-23,ACC0009,Sandbrook Utilities,4764,GBP,CREDIT,RETURNED
B001472,2026-01-11,ACC0079,Corner Cafe,1652,GBP,DEBIT,RETURNED
B001473,2026-03-10,ACC0060,Dhillon & Sons,26037,GBP,CREDIT,SETTLED
B001474,2026-03-21,ACC0046,"Marlow ""Fine"" Foods",15420,GBP,CREDIT,SETTLED
B001475,2026-01-03,ACC0108,The Old Print Works,38652,GBP,DEBIT,RETURNED
B001476,2026-01-06,ACC0048,Harrow Sports Club,10218,GBP,DEBIT,SETTLED
B001477,2026-03-22,ACC0044,Bolt & Screw Ltd,5281,GBP,CREDIT,SETTLED
B001478,2026-01-07,ACC0080,Harrow Sports Club,1890,GBP,DEBIT,SETTLED
B001479,2026-03-12,ACC0090,The Old Print Works,9167,GBP,CREDIT,RETURNED
B001480,2026-01-18,ACC0101,Harrow Sports Club,12346,GBP,CREDIT,SETTLED
B001481,2026-03-18,ACC0069,Petra Logistics,4062,GBP,CREDIT,SETTLED
B001482,2026-03-25,ACC0068,"Wembley Tyres, Ltd",3544,GBP,DEBIT,RETURNED
B001483,2026-03-02,ACC0046,Dhillon & Sons,22044,GBP,DEBIT,RETURNED
B001484,2026-03-26,ACC0093,Northline Freight,3596,GBP,DEBIT,SETTLED
B001485,2026-03-11,ACC0104,"Marlow ""Fine"" Foods",5583,GBP,DEBIT,RETURNED
B001486,2026-03-19,ACC0020,Sandbrook Utilities,22967,GBP,CREDIT,SETTLED
B001487,2026-01-26,ACC0079,Ashvale Clinic,8779,GBP,CREDIT,SETTLED
B001488,2026-03-06,ACC0105,Petra Logistics,1253,GBP,DEBIT,RETURNED
B001489,2026-01-06,ACC0081,Ashvale Clinic,5979,GBP,DEBIT,SETTLED
B001490,2026-03-08,ACC0011,Sandbrook Utilities,6933,GBP,CREDIT,SETTLED
B001491,2026-01-18,ACC0058,Kite Digital,2043,GBP,DEBIT,SETTLED
B001492,2026-03-13,ACC0028,Harrow Sports Club,7153,GBP,DEBIT,UNSETTLED
B001493,2026-03-12,ACC0028,"Wembley Tyres, Ltd",4778,GBP,CREDIT,SETTLED
B001494,2026-03-31,ACC0081,The Old Print Works,7021,GBP,DEBIT,UNSETTLED
B001495,2026-03-01,ACC0066,Harrow Sports Club,11571,GBP,DEBIT,UNSETTLED
B001496,2026-03-04,ACC0071,Sandbrook Utilities,2645,GBP,DEBIT,UNSETTLED
B001497,2026-02-11,ACC0033,Sandbrook Utilities,23785,GBP,CREDIT,RETURNED
B001498,2026-02-28,ACC0029,Sandbrook Utilities,2753,GBP,DEBIT,RETURNED
B001499,2026-01-10,ACC0013,Bolt & Screw Ltd,16537,GBP,CREDIT,SETTLED
B001500,2026-03-04,ACC0012,"Marlow ""Fine"" Foods",5942,GBP,CREDIT,UNSETTLED
B001501,2026-02-16,ACC0112,Harrow Sports Club,12686,GBP,CREDIT,UNSETTLED
B001502,2026-03-09,ACC0111,Kite Digital,10963,GBP,DEBIT,SETTLED
B001503,2026-02-04,ACC0079,"Marlow ""Fine"" Foods",16713,GBP,DEBIT,RETURNED
B001504,2026-03-21,ACC0029,"Wembley Tyres, Ltd",1384,GBP,CREDIT,SETTLED
B001505,2026-02-24,ACC0107,Dhillon & Sons,50819,GBP,CREDIT,SETTLED
B001506,2026-03-25,ACC0054,The Old Print Works,14240,GBP,DEBIT,SETTLED
B001507,2026-02-11,ACC0101,The Old Print Works,3080,GBP,DEBIT,SETTLED
B001508,2026-01-31,ACC0080,"Marlow ""Fine"" Foods",6777,GBP,DEBIT,RETURNED
B001509,2026-03-10,ACC0063,"Wembley Tyres, Ltd",683,GBP,CREDIT,SETTLED
B001510,2026-01-16,ACC0060,Ashvale Clinic,5174,GBP,DEBIT,RETURNED
B001511,2026-02-08,ACC0082,Ashvale Clinic,5063,GBP,CREDIT,RETURNED
B001512,2026-01-02,ACC0026,The Old Print Works,3550,GBP,DEBIT,SETTLED
B001513,2026-01-25,ACC0119,The Old Print Works,6931,GBP,DEBIT,RETURNED
B001514,2026-01-31,ACC0064,The Old Print Works,6821,GBP,CREDIT,RETURNED
B001515,2026-03-16,ACC0036,Harrow Sports Club,28046,GBP,CREDIT,SETTLED
B001516,2026-03-28,ACC0081,The Old Print Works,7813,GBP,DEBIT,RETURNED
B001517,2026-01-11,ACC0052,The Old Print Works,8176,GBP,DEBIT,UNSETTLED
B001518,2026-01-26,ACC0039,Dhillon & Sons,12146,GBP,CREDIT,SETTLED
B001519,2026-01-05,ACC0018,Ashvale Clinic,2902,GBP,DEBIT,UNSETTLED
B001520,2026-02-04,ACC0115,Ashvale Clinic,7125,GBP,DEBIT,UNSETTLED
B001521,2026-03-13,ACC0026,Petra Logistics,7609,GBP,CREDIT,UNSETTLED
B001522,2026-03-01,ACC0071,The Old Print Works,2338,GBP,DEBIT,RETURNED
B001523,2026-01-01,ACC0015,The Old Print Works,4966,GBP,CREDIT,RETURNED
B001524,2026-02-21,ACC0032,Harrow Sports Club,3903,GBP,DEBIT,SETTLED
B001525,2026-01-16,ACC0119,Northline Freight,9053,GBP,DEBIT,UNSETTLED
B001526,2026-01-30,ACC0057,Ashvale Clinic,8573,GBP,DEBIT,RETURNED
B001527,2026-03-05,ACC0025,Harrow Sports Club,443,GBP,DEBIT,UNSETTLED
B001528,2026-02-04,ACC0075,"Marlow ""Fine"" Foods",4381,GBP,DEBIT,SETTLED
B001529,2026-01-11,ACC0014,Petra Logistics,6391,GBP,DEBIT,SETTLED
B001530,2026-01-06,ACC0079,"Marlow ""Fine"" Foods",5646,GBP,CREDIT,UNSETTLED
B001531,2026-01-10,ACC0012,Sandbrook Utilities,19034,GBP,CREDIT,RETURNED
B001532,2026-02-03,ACC0102,"Wembley Tyres, Ltd",4974,GBP,DEBIT,RETURNED
B001533,2026-01-18,ACC0062,Northline Freight,4442,GBP,DEBIT,RETURNED
B001534,2026-02-22,ACC0070,"Marlow ""Fine"" Foods",10968,GBP,CREDIT,SETTLED
B001535,2026-03-08,ACC0042,Petra Logistics,944,GBP,DEBIT,UNSETTLED
B001536,2026-01-06,ACC0120,"Marlow ""Fine"" Foods",9886,GBP,DEBIT,UNSETTLED
B001537,2026-01-03,ACC0104,Bolt & Screw Ltd,6824,GBP,DEBIT,SETTLED
B001538,2026-02-26,ACC0022,Ashvale Clinic,3272,GBP,DEBIT,SETTLED
B001539,2026-03-03,ACC0082,Dhillon & Sons,13239,GBP,CREDIT,SETTLED
B001540,2026-01-06,ACC0017,Kite Digital,3650,GBP,CREDIT,UNSETTLED
B001541,2026-03-08,ACC0015,Kite Digital,3667,GBP,CREDIT,SETTLED
B001542,2026-01-19,ACC0070,Kite Digital,3396,GBP,DEBIT,RETURNED
B001543,2026-03-04,ACC0033,The Old Print Works,6146,GBP,CREDIT,UNSETTLED
B001544,2026-02-17,ACC0102,Harrow Sports Club,14984,GBP,DEBIT,SETTLED
B001545,2026-01-19,ACC0063,Bolt & Screw Ltd,5978,GBP,CREDIT,UNSETTLED
B001546,2026-03-11,ACC0076,Bolt & Screw Ltd,3519,GBP,DEBIT,RETURNED
B001547,2026-01-15,ACC0120,Sandbrook Utilities,24324,GBP,DEBIT,UNSETTLED
B001548,2026-03-02,ACC0109,Corner Cafe,1762,GBP,DEBIT,SETTLED
B001549,2026-02-01,ACC0091,Kite Digital,1296,GBP,DEBIT,SETTLED
B001550,2026-01-23,ACC0081,Kite Digital,10959,GBP,DEBIT,UNSETTLED
B001551,2026-02-14,ACC0016,Northline Freight,4660,GBP,DEBIT,UNSETTLED
B001552,2026-01-02,ACC0050,"Marlow ""Fine"" Foods",5415,GBP,DEBIT,RETURNED
B001553,2026-03-17,ACC0017,Northline Freight,6093,GBP,DEBIT,UNSETTLED
B001554,2026-03-30,ACC0057,Harrow Sports Club,21212,GBP,DEBIT,UNSETTLED
B001555,2026-02-14,ACC0039,The Old Print Works,9429,GBP,CREDIT,RETURNED
B001556,2026-03-19,ACC0027,Kite Digital,2258,GBP,CREDIT,SETTLED
B001557,2026-03-20,ACC0120,Kite Digital,6022,GBP,DEBIT,SETTLED
B001558,2026-03-25,ACC0044,Ashvale Clinic,5375,GBP,DEBIT,UNSETTLED
B001559,2026-03-16,ACC0020,Ashvale Clinic,3256,GBP,DEBIT,RETURNED
B001560,2026-02-02,ACC0033,Sandbrook Utilities,7194,GBP,CREDIT,SETTLED
B001561,2026-02-25,ACC0049,"Wembley Tyres, Ltd",23186,GBP,DEBIT,SETTLED
B001562,2026-01-25,ACC0037,Kite Digital,8800,GBP,DEBIT,UNSETTLED
B001563,2026-01-13,ACC0051,Harrow Sports Club,6344,GBP,DEBIT,RETURNED
B001564,2026-03-11,ACC0030,"Wembley Tyres, Ltd",28547,GBP,DEBIT,SETTLED
B001565,2026-01-10,ACC0090,Corner Cafe,7520,GBP,DEBIT,SETTLED
B001566,2026-03-13,ACC0082,Dhillon & Sons,8743,GBP,DEBIT,SETTLED
B001567,2026-02-13,ACC0040,Dhillon & Sons,21257,GBP,CREDIT,SETTLED
B001568,2026-01-22,ACC0108,"Marlow ""Fine"" Foods",3923,GBP,DEBIT,SETTLED
B001569,2026-02-11,ACC0082,"Marlow ""Fine"" Foods",13192,GBP,CREDIT,SETTLED
B001570,2026-02-08,ACC0110,Sandbrook Utilities,1017,GBP,CREDIT,SETTLED
B001571,2026-01-19,ACC0089,Corner Cafe,10581,GBP,CREDIT,SETTLED
B001572,2026-03-17,ACC0057,Petra Logistics,11592,GBP,CREDIT,UNSETTLED
B001573,2026-03-02,ACC0110,Sandbrook Utilities,5856,GBP,CREDIT,UNSETTLED
B001574,2026-01-30,ACC0066,"Wembley Tyres, Ltd",9464,GBP,DEBIT,RETURNED
B001575,2026-02-06,ACC0045,Kite Digital,18691,GBP,DEBIT,RETURNED
B001576,2026-03-04,ACC0103,Bolt & Screw Ltd,25814,GBP,CREDIT,RETURNED
B001577,2026-02-21,ACC0084,Kite Digital,2352,GBP,CREDIT,UNSETTLED
B001578,2026-01-08,ACC0048,Ashvale Clinic,62310,GBP,CREDIT,RETURNED
B001579,2026-03-17,ACC0074,Sandbrook Utilities,18947,GBP,DEBIT,SETTLED
B001580,2026-01-01,ACC0057,Dhillon & Sons,4368,GBP,DEBIT,SETTLED
B001581,2026-02-20,ACC0110,Northline Freight,6112,GBP,CREDIT,SETTLED
B001582,2026-01-04,ACC0001,Northline Freight,6192,GBP,DEBIT,RETURNED
B001583,2026-02-06,ACC0020,Harrow Sports Club,7063,GBP,DEBIT,SETTLED
B001584,2026-03-31,ACC0013,Ashvale Clinic,22899,GBP,CREDIT,RETURNED
B001585,2026-01-11,ACC0105,Bolt & Screw Ltd,,GBP,DEBIT,SETTLED
B001586,2026-03-19,ACC0101,Dhillon & Sons,21088,GBP,DEBIT,SETTLED
B001587,2026-01-12,ACC0020,Harrow Sports Club,2584,GBP,CREDIT,SETTLED
B001588,2026-03-09,ACC0027,Ashvale Clinic,16333,GBP,DEBIT,UNSETTLED
B001589,2026-03-19,ACC0020,Harrow Sports Club,2480,GBP,CREDIT,SETTLED
B001590,2026-02-06,ACC0068,Dhillon & Sons,10843,GBP,CREDIT,SETTLED
B001591,2026-02-16,ACC0026,Northline Freight,2489,GBP,DEBIT,SETTLED
B001592,2026-01-19,ACC0113,Sandbrook Utilities,10366,GBP,DEBIT,SETTLED
B001593,2026-02-27,ACC0109,The Old Print Works,4974,GBP,DEBIT,UNSETTLED
B001594,2026-03-15,ACC0049,"Wembley Tyres, Ltd",3482,GBP,CREDIT,RETURNED
B001595,2026-02-18,ACC0079,Dhillon & Sons,7579,GBP,DEBIT,SETTLED
B001596,2026-02-02,ACC0073,"Marlow ""Fine"" Foods",13201,GBP,DEBIT,RETURNED
B001597,2026-01-16,ACC0033,Ashvale Clinic,3840,GBP,DEBIT,RETURNED
B001598,2026-03-08,ACC0011,Ashvale Clinic,13082,GBP,CREDIT,UNSETTLED
B001599,2026-02-20,ACC0030,Ashvale Clinic,3160,GBP,DEBIT,SETTLED
B001600,2026-01-30,ACC0005,Bolt & Screw Ltd,5561,GBP,DEBIT,UNSETTLED
B001601,2026-02-20,ACC0089,The Old Print Works,22257,GBP,CREDIT,UNSETTLED
B001602,2026-01-11,ACC0100,Petra Logistics,13688,GBP,DEBIT,RETURNED
B001603,2026-01-11,ACC0118,Ashvale Clinic,877,GBP,CREDIT,SETTLED
B001604,2026-03-03,ACC0047,Corner Cafe,28531,GBP,DEBIT,SETTLED
B001605,2026-03-16,ACC0077,Bolt & Screw Ltd,10989,GBP,DEBIT,UNSETTLED
B001606,2026-03-12,ACC0077,Kite Digital,2034,GBP,CREDIT,SETTLED
B001607,2026-03-20,ACC0113,Northline Freight,2145,GBP,CREDIT,RETURNED
B001608,2026-01-21,ACC0073,Kite Digital,22336,GBP,DEBIT,SETTLED
B001609,2026-02-08,ACC0095,"Wembley Tyres, Ltd",2524,GBP,CREDIT,UNSETTLED
B001610,2026-02-05,ACC0030,"Wembley Tyres, Ltd",34033,GBP,CREDIT,UNSETTLED
B001611,2026-01-14,ACC0061,"Marlow ""Fine"" Foods",20334,GBP,DEBIT,RETURNED
B001612,2026-01-23,ACC0050,Ashvale Clinic,2092,GBP,DEBIT,SETTLED
B001613,2026-01-10,ACC0032,Sandbrook Utilities,15862,GBP,DEBIT,SETTLED
B001614,2026-03-21,ACC0067,Harrow Sports Club,8897,GBP,CREDIT,UNSETTLED
B001615,2026-03-29,ACC0116,Corner Cafe,31785,GBP,DEBIT,SETTLED
B001616,2026-03-24,ACC0001,Bolt & Screw Ltd,10092,GBP,DEBIT,SETTLED
B001617,2026-02-09,ACC0086,Northline Freight,1802,GBP,DEBIT,RETURNED
B001618,2026-01-19,ACC0078,Dhillon & Sons,6750,GBP,DEBIT,UNSETTLED
B001619,2026-03-17,ACC0064,Kite Digital,4386,GBP,DEBIT,RETURNED
B001620,2026-01-29,ACC0086,Ashvale Clinic,9360,GBP,CREDIT,SETTLED
B001621,2026-03-06,ACC0013,Harrow Sports Club,1230,GBP,CREDIT,UNSETTLED
B001622,2026-02-20,ACC0103,The Old Print Works,7430,GBP,DEBIT,SETTLED
B001623,2026-01-11,ACC0093,Harrow Sports Club,3690,GBP,DEBIT,SETTLED
B001624,2026-03-27,ACC0089,Corner Cafe,9795,GBP,DEBIT,UNSETTLED
B001625,2026-02-09,ACC0039,Northline Freight,1451,GBP,DEBIT,SETTLED
B001626,2026-01-19,ACC0020,Sandbrook Utilities,8377,GBP,CREDIT,UNSETTLED
B001627,2026-02-03,ACC0060,Sandbrook Utilities,4151,GBP,DEBIT,UNSETTLED
B001628,2026-03-10,ACC0027,Dhillon & Sons,5601,GBP,DEBIT,SETTLED
B001629,2026-02-23,ACC0116,"Marlow ""Fine"" Foods",10837,GBP,CREDIT,SETTLED
B001630,2026-03-12,ACC0072,Sandbrook Utilities,5846,GBP,DEBIT,UNSETTLED
B001631,2026-03-12,ACC0097,Harrow Sports Club,4316,GBP,CREDIT,SETTLED
B001632,2026-02-15,ACC0076,Petra Logistics,19198,GBP,CREDIT,UNSETTLED
B001633,2026-03-13,ACC0049,"Wembley Tyres, Ltd",8742,GBP,CREDIT,SETTLED
B001634,2026-02-06,ACC0047,Harrow Sports Club,22113,GBP,CREDIT,SETTLED
B001635,2026-03-21,ACC0069,Kite Digital,4842,GBP,DEBIT,SETTLED
B001636,2026-01-06,ACC0059,Corner Cafe,4318,GBP,DEBIT,RETURNED
B001637,2026-03-07,ACC0002,Northline Freight,4060,GBP,DEBIT,UNSETTLED
B001638,2026-02-19,ACC0034,Ashvale Clinic,2500,GBP,DEBIT,RETURNED
B001639,2026-01-04,ACC0111,Kite Digital,15577,GBP,DEBIT,RETURNED
B001640,2026-02-08,ACC0034,Harrow Sports Club,1414,GBP,CREDIT,SETTLED
B001641,2026-02-05,ACC0065,Harrow Sports Club,13938,GBP,DEBIT,SETTLED
B001642,2026-02-16,ACC0042,The Old Print Works,499,GBP,DEBIT,SETTLED
B001643,2026-02-28,ACC0087,Northline Freight,14588,GBP,CREDIT,UNSETTLED
B001644,2026-03-22,ACC0006,Bolt & Screw Ltd,23876,GBP,DEBIT,UNSETTLED
B001645,2026-03-02,ACC0040,Kite Digital,4770,GBP,DEBIT,RETURNED
B001646,2026-02-27,ACC0043,Northline Freight,1116,GBP,DEBIT,SETTLED
B001647,2026-02-10,ACC0007,"Wembley Tyres, Ltd",6447,GBP,DEBIT,SETTLED
B001648,2026-01-12,ACC0041,Dhillon & Sons,1231,GBP,CREDIT,SETTLED
B001649,2026-02-14,ACC0082,Bolt & Screw Ltd,4291,GBP,DEBIT,UNSETTLED
B001650,2026-01-22,ACC0037,"Marlow ""Fine"" Foods",7900,GBP,CREDIT,SETTLED
B001651,2026-03-31,ACC0117,"Wembley Tyres, Ltd",8120,GBP,CREDIT,RETURNED
B001652,2026-01-01,ACC0080,"Wembley Tyres, Ltd",34162,GBP,DEBIT,SETTLED
B001653,2026-01-08,ACC0069,Bolt & Screw Ltd,21685,GBP,DEBIT,SETTLED
B001654,2026-01-15,ACC0026,"Wembley Tyres, Ltd",7707,GBP,CREDIT,UNSETTLED
B001655,2026-02-09,ACC0077,Ashvale Clinic,8714,GBP,DEBIT,SETTLED
B001656,2026-01-17,ACC0085,Northline Freight,2139,GBP,DEBIT,UNSETTLED
B001657,2026-03-30,ACC0057,Kite Digital,2944,GBP,DEBIT,UNSETTLED
B001658,2026-01-27,ACC0068,"Wembley Tyres, Ltd",1531,GBP,CREDIT,SETTLED
B001659,2026-02-26,ACC0062,"Marlow ""Fine"" Foods",7334,GBP,CREDIT,SETTLED
B001660,2026-01-06,ACC0073,"Wembley Tyres, Ltd",6500,GBP,CREDIT,UNSETTLED
B001661,2026-03-09,ACC0057,Northline Freight,24679,GBP,DEBIT,UNSETTLED
B001662,2026-01-18,ACC0008,Bolt & Screw Ltd,5915,GBP,CREDIT,RETURNED
B001663,2026-03-16,ACC0114,Petra Logistics,7320,GBP,CREDIT,UNSETTLED
B001664,2026-01-20,ACC0112,"Wembley Tyres, Ltd",1118,GBP,DEBIT,UNSETTLED
B001665,2026-03-23,ACC0053,Kite Digital,18841,GBP,DEBIT,UNSETTLED
B001666,2026-01-06,ACC0084,Ashvale Clinic,1944,GBP,DEBIT,SETTLED
B001667,2026-01-18,ACC0106,Bolt & Screw Ltd,3164,GBP,DEBIT,RETURNED
B001668,2026-02-10,ACC0046,Petra Logistics,6241,GBP,CREDIT,UNSETTLED
B001669,2026-02-07,ACC0111,Petra Logistics,1887,GBP,DEBIT,SETTLED
B001670,2026-01-14,ACC0115,The Old Print Works,682,GBP,DEBIT,RETURNED
B001671,2026-02-19,ACC0100,Corner Cafe,37878,GBP,DEBIT,SETTLED
B001672,2026-03-15,ACC0075,Northline Freight,7433,GBP,DEBIT,UNSETTLED
B001673,2026-02-28,ACC0064,Harrow Sports Club,20761,GBP,DEBIT,SETTLED
B001674,2026-01-14,ACC0052,Ashvale Clinic,5458,GBP,DEBIT,SETTLED
B001675,2026-02-07,ACC0059,Harrow Sports Club,6381,GBP,DEBIT,RETURNED
B001676,2026-03-22,ACC0087,Harrow Sports Club,2243,GBP,CREDIT,UNSETTLED
B001677,2026-01-03,ACC0067,Dhillon & Sons,2995,GBP,CREDIT,UNSETTLED
B001678,2026-01-23,ACC0029,Harrow Sports Club,18673,GBP,DEBIT,UNSETTLED
B001679,2026-03-31,ACC0023,Harrow Sports Club,3185,GBP,CREDIT,SETTLED
B001680,2026-03-02,ACC0010,Kite Digital,3578,GBP,DEBIT,SETTLED
B001681,2026-02-26,ACC0106,Sandbrook Utilities,7154,GBP,DEBIT,SETTLED
B001682,2026-02-07,ACC0044,Bolt & Screw Ltd,12548,GBP,DEBIT,UNSETTLED
B001683,2026-01-02,ACC0023,Sandbrook Utilities,26164,GBP,DEBIT,SETTLED
B001684,2026-02-08,ACC0097,Sandbrook Utilities,31777,GBP,DEBIT,UNSETTLED
B001685,2026-03-09,ACC0012,Dhillon & Sons,11612,GBP,CREDIT,SETTLED
B001686,2026-01-16,ACC0119,Petra Logistics,5318,GBP,DEBIT,UNSETTLED
B001687,2026-03-06,ACC0081,"Wembley Tyres, Ltd",5694,GBP,DEBIT,SETTLED
B001688,2026-01-15,ACC0019,Ashvale Clinic,4394,GBP,DEBIT,SETTLED
B001689,2026-01-25,ACC0117,Northline Freight,9463,GBP,DEBIT,SETTLED
B001690,2026-01-04,ACC0079,The Old Print Works,3903,GBP,DEBIT,SETTLED
B001691,2026-02-01,ACC0077,"Marlow ""Fine"" Foods",13416,GBP,CREDIT,RETURNED
B001692,2026-02-15,ACC0108,Corner Cafe,3555,GBP,DEBIT,SETTLED
B001693,2026-01-21,ACC0070,Kite Digital,3102,GBP,CREDIT,RETURNED
B001694,2026-01-03,ACC0005,Harrow Sports Club,34224,GBP,CREDIT,SETTLED
B001695,2026-01-08,ACC0002,Ashvale Clinic,5328,GBP,CREDIT,UNSETTLED
B001696,2026-03-17,ACC0115,Corner Cafe,1550,GBP,DEBIT,SETTLED
B001697,2026-02-03,ACC0117,Sandbrook Utilities,16621,GBP,DEBIT,UNSETTLED
B001698,2026-01-18,ACC0027,"Marlow ""Fine"" Foods",32847,GBP,DEBIT,RETURNED
B001699,2026-01-02,ACC0035,Northline Freight,3689,GBP,DEBIT,RETURNED
B001700,2026-02-14,ACC0025,Ashvale Clinic,2958,GBP,DEBIT,SETTLED
B001701,2026-02-26,ACC0113,Bolt & Screw Ltd,5616,GBP,DEBIT,SETTLED
B001702,2026-03-03,ACC0053,Ashvale Clinic,9684,GBP,DEBIT,SETTLED
B001703,2026-01-13,ACC0038,"Marlow ""Fine"" Foods",14381,GBP,DEBIT,SETTLED
B001704,2026-01-02,ACC0020,Bolt & Screw Ltd,7484,GBP,CREDIT,RETURNED
B001705,2026-01-04,ACC0085,Northline Freight,3635,GBP,DEBIT,RETURNED
B001706,2026-01-11,ACC0002,Corner Cafe,6980,GBP,CREDIT,RETURNED
B001707,2026-02-23,ACC0094,Ashvale Clinic,10870,GBP,DEBIT,SETTLED
B001708,2026-03-18,ACC0041,Northline Freight,8465,GBP,DEBIT,SETTLED
B001709,2026-02-27,ACC0040,Harrow Sports Club,13385,GBP,DEBIT,UNSETTLED
B001710,2026-03-17,ACC0047,"Marlow ""Fine"" Foods",20250,GBP,DEBIT,SETTLED
B001711,2026-01-25,ACC0113,Kite Digital,8328,GBP,DEBIT,SETTLED
B001712,2026-02-09,ACC0106,Corner Cafe,2552,GBP,DEBIT,UNSETTLED
B001713,2026-03-16,ACC0047,Ashvale Clinic,1505,GBP,DEBIT,RETURNED
B001714,2026-02-15,ACC0103,"Marlow ""Fine"" Foods",2480,GBP,CREDIT,RETURNED
B001715,2026-03-22,ACC0029,Corner Cafe,21198,GBP,DEBIT,SETTLED
B001716,2026-03-31,ACC0080,"Marlow ""Fine"" Foods",6885,GBP,DEBIT,SETTLED
B001717,2026-03-25,ACC0113,Bolt & Screw Ltd,6619,GBP,DEBIT,UNSETTLED
B001718,2026-02-01,ACC0090,The Old Print Works,55961,GBP,DEBIT,UNSETTLED
B001719,2026-02-20,ACC0102,Northline Freight,5675,GBP,DEBIT,UNSETTLED
B001720,2026-02-17,ACC0078,Corner Cafe,10685,GBP,DEBIT,RETURNED
B001721,2026-01-17,ACC0014,Petra Logistics,45596,GBP,CREDIT,UNSETTLED
B001722,2026-02-26,ACC0025,The Old Print Works,4235,GBP,CREDIT,UNSETTLED
B001723,2026-02-07,ACC0054,Sandbrook Utilities,9133,GBP,DEBIT,UNSETTLED
B001724,2026-01-01,ACC0071,The Old Print Works,16998,GBP,DEBIT,SETTLED
B001725,2026-02-12,ACC0031,"Marlow ""Fine"" Foods",9624,GBP,DEBIT,RETURNED
B001726,2026-03-26,ACC0091,Corner Cafe,6948,GBP,CREDIT,RETURNED
B001727,2026-01-01,ACC0090,The Old Print Works,17183,GBP,DEBIT,SETTLED
B001728,2026-02-24,ACC0055,The Old Print Works,6246,GBP,DEBIT,SETTLED
B001729,2026-03-10,ACC0030,"Marlow ""Fine"" Foods",9941,GBP,DEBIT,UNSETTLED
B001730,2026-01-15,ACC0115,Sandbrook Utilities,11711,GBP,DEBIT,RETURNED
B001731,2026-02-18,ACC0020,Corner Cafe,4530,GBP,DEBIT,UNSETTLED
B001732,2026-02-01,ACC0014,Dhillon & Sons,14552,GBP,DEBIT,SETTLED
B001733,2026-03-16,ACC0024,Sandbrook Utilities,5482,GBP,DEBIT,SETTLED
B001734,2026-01-30,ACC0035,"Marlow ""Fine"" Foods",3196,GBP,CREDIT,SETTLED
B001735,2026-03-31,ACC0039,"Marlow ""Fine"" Foods",25619,GBP,DEBIT,SETTLED
B001736,2026-03-22,ACC0023,Bolt & Screw Ltd,9247,GBP,DEBIT,RETURNED
B001737,2026-02-23,ACC0118,Corner Cafe,6946,GBP,CREDIT,SETTLED
B001738,2026-01-24,ACC0083,Bolt & Screw Ltd,6313,GBP,DEBIT,UNSETTLED
B001739,2026-01-22,ACC0013,Northline Freight,4966,GBP,DEBIT,SETTLED
B001740,2026-03-07,ACC0093,Northline Freight,11724,GBP,DEBIT,UNSETTLED
B001741,2026-01-06,ACC0112,Kite Digital,4871,GBP,CREDIT,RETURNED
B001742,2026-01-01,ACC0048,Northline Freight,6710,GBP,DEBIT,SETTLED
B001743,2026-01-19,ACC0023,Corner Cafe,6632,GBP,CREDIT,UNSETTLED
B001744,2026-02-21,ACC0112,Dhillon & Sons,4829,GBP,CREDIT,UNSETTLED
B001745,2026-02-11,ACC0044,"Marlow ""Fine"" Foods",1864,GBP,DEBIT,SETTLED
B001746,2026-01-27,ACC0042,Sandbrook Utilities,6646,GBP,DEBIT,UNSETTLED
B001747,2026-03-11,ACC0094,Bolt & Screw Ltd,27079,GBP,DEBIT,UNSETTLED
B001748,2026-02-17,ACC0033,"Wembley Tyres, Ltd",5558,GBP,DEBIT,SETTLED
B001749,2026-02-25,ACC0053,Dhillon & Sons,19656,GBP,DEBIT,SETTLED
B001750,2026-01-15,ACC0112,The Old Print Works,11231,GBP,DEBIT,UNSETTLED
B001751,2026-01-25,ACC0082,"Marlow ""Fine"" Foods",2498,GBP,CREDIT,SETTLED
B001752,2026-03-30,ACC0044,Dhillon & Sons,22161,GBP,DEBIT,UNSETTLED
B001753,2026-01-09,ACC0089,Harrow Sports Club,19738,GBP,DEBIT,UNSETTLED
B001754,2026-02-19,ACC0020,"Marlow ""Fine"" Foods",2744,GBP,DEBIT,RETURNED
B001755,2026-01-27,ACC0035,Bolt & Screw Ltd,7161,GBP,CREDIT,SETTLED
B001756,2026-01-01,ACC0008,Corner Cafe,4996,GBP,DEBIT,RETURNED
B001757,2026-01-04,ACC0104,Sandbrook Utilities,6733,GBP,DEBIT,SETTLED
B001758,2026-03-03,ACC0021,"Wembley Tyres, Ltd",4831,GBP,DEBIT,SETTLED
B001759,2026-03-15,ACC0023,Northline Freight,13053,GBP,DEBIT,SETTLED
B001760,2026-01-24,ACC0032,The Old Print Works,5390,GBP,CREDIT,UNSETTLED
B001761,2026-01-29,ACC0093,Dhillon & Sons,1578,GBP,CREDIT,SETTLED
B001762,2026-02-26,ACC0097,Dhillon & Sons,1482,GBP,DEBIT,RETURNED
B001763,2026-02-25,ACC0013,The Old Print Works,3604,GBP,DEBIT,SETTLED
B001764,2026-02-12,ACC0010,Harrow Sports Club,3976,GBP,DEBIT,SETTLED
B001765,2026-01-01,ACC0001,Kite Digital,3550,GBP,DEBIT,SETTLED
B001766,2026-02-03,ACC0049,Corner Cafe,2525,GBP,DEBIT,SETTLED
B001767,2026-03-09,ACC0005,Dhillon & Sons,16803,GBP,DEBIT,SETTLED
B001768,2026-03-23,ACC0059,Dhillon & Sons,2261,GBP,CREDIT,SETTLED
B001769,2026-03-18,ACC0105,Petra Logistics,12510,GBP,DEBIT,SETTLED
B001770,2026-03-19,ACC0120,"Marlow ""Fine"" Foods",7794,GBP,DEBIT,UNSETTLED
B001771,2026-01-29,ACC0092,Corner Cafe,16152,GBP,DEBIT,SETTLED
B001772,2026-02-07,ACC0022,Kite Digital,5607,GBP,DEBIT,RETURNED
B001773,2026-01-03,ACC0017,Bolt & Screw Ltd,2178,GBP,DEBIT,UNSETTLED
B001774,2026-01-31,ACC0112,The Old Print Works,32373,GBP,DEBIT,SETTLED
B001775,2026-01-20,ACC0070,Kite Digital,17690,GBP,DEBIT,UNSETTLED
B001776,2026-01-05,ACC0031,Kite Digital,32596,GBP,CREDIT,UNSETTLED
B001777,2026-02-27,ACC0023,Petra Logistics,4180,GBP,CREDIT,UNSETTLED
B001778,2026-02-17,ACC0050,Ashvale Clinic,3329,GBP,DEBIT,RETURNED
B001779,2026-03-02,ACC0064,Harrow Sports Club,6012,GBP,DEBIT,UNSETTLED
B001780,2026-03-02,ACC0115,"Wembley Tyres, Ltd",1123,GBP,CREDIT,SETTLED
B001781,2026-02-10,ACC0042,The Old Print Works,12080,GBP,DEBIT,SETTLED
B001782,2026-02-17,ACC0108,Sandbrook Utilities,7393,GBP,CREDIT,SETTLED
B001783,2026-03-27,ACC0004,"Wembley Tyres, Ltd",5279,GBP,DEBIT,SETTLED
B001784,2026-01-30,ACC0049,Petra Logistics,17035,GBP,DEBIT,SETTLED
B001785,2026-01-13,ACC0001,The Old Print Works,3077,GBP,DEBIT,RETURNED
B001786,2026-01-15,ACC0080,Northline Freight,4002,GBP,DEBIT,SETTLED
B001787,2026-01-07,ACC0101,Sandbrook Utilities,20560,GBP,DEBIT,RETURNED
B001788,2026-03-09,ACC0099,Bolt & Screw Ltd,8104,GBP,DEBIT,SETTLED
B001789,2026-01-09,ACC0044,Northline Freight,817,GBP,CREDIT,UNSETTLED
B001790,2026-02-16,ACC0096,Dhillon & Sons,6211,GBP,DEBIT,SETTLED
B001791,2026-02-07,ACC0097,Bolt & Screw Ltd,14618,GBP,CREDIT,SETTLED
B001792,2026-03-23,ACC0060,Dhillon & Sons,13001,GBP,DEBIT,SETTLED
B001793,2026-03-25,ACC0062,Northline Freight,11467,GBP,CREDIT,RETURNED
B001794,2026-01-20,ACC0024,Ashvale Clinic,3482,GBP,CREDIT,SETTLED
B001795,2026-03-21,ACC0067,Bolt & Screw Ltd,1845,GBP,DEBIT,SETTLED
B001796,2026-02-01,ACC0089,Sandbrook Utilities,20100,GBP,DEBIT,RETURNED
B001797,2026-03-04,ACC0048,Harrow Sports Club,11539,GBP,DEBIT,UNSETTLED
B001798,2026-01-12,ACC0059,Corner Cafe,2485,GBP,CREDIT,RETURNED
B001799,2026-03-11,ACC0038,Harrow Sports Club,5442,GBP,DEBIT,SETTLED
B001800,2026-03-21,ACC0055,Corner Cafe,12210,GBP,CREDIT,UNSETTLED
B001801,2026-03-16,ACC0016,Northline Freight,10413,GBP,CREDIT,RETURNED
B001802,2026-03-19,ACC0050,Bolt & Screw Ltd,2299,GBP,CREDIT,SETTLED
B001803,2026-01-17,ACC0072,Harrow Sports Club,7852,GBP,DEBIT,RETURNED
B001804,2026-03-21,ACC0080,"Marlow ""Fine"" Foods",1368,GBP,DEBIT,SETTLED
B001805,2026-01-16,ACC0028,Harrow Sports Club,28768,GBP,CREDIT,UNSETTLED
B001806,2026-01-30,ACC0106,Northline Freight,1996,GBP,CREDIT,RETURNED
B001807,2026-02-02,ACC0110,"Wembley Tyres, Ltd",2083,GBP,DEBIT,RETURNED
B001808,2026-01-06,ACC0046,Corner Cafe,22262,GBP,DEBIT,SETTLED
B001809,2026-01-01,ACC0068,Petra Logistics,8979,GBP,CREDIT,SETTLED
B001810,2026-01-07,ACC0012,Northline Freight,22957,GBP,DEBIT,SETTLED
B001811,2026-01-27,ACC0029,Dhillon & Sons,9158,GBP,CREDIT,RETURNED
B001812,2026-03-03,ACC0071,Northline Freight,5210,GBP,CREDIT,SETTLED
B001813,2026-01-17,ACC0037,Dhillon & Sons,2161,GBP,CREDIT,SETTLED
B001814,2026-03-25,ACC0007,Petra Logistics,20535,GBP,DEBIT,UNSETTLED
B001815,2026-01-16,ACC0096,Ashvale Clinic,11619,GBP,DEBIT,SETTLED
B001816,2026-03-12,ACC0015,Petra Logistics,4275,GBP,DEBIT,SETTLED
B001817,2026-03-31,ACC0094,Corner Cafe,2967,GBP,DEBIT,SETTLED
B001818,2026-01-30,ACC0092,Ashvale Clinic,8670,GBP,DEBIT,SETTLED
B001819,2026-03-28,ACC0083,"Marlow ""Fine"" Foods",13597,GBP,DEBIT,RETURNED
B001820,2026-03-14,ACC0097,Dhillon & Sons,4178,GBP,DEBIT,RETURNED
B001821,2026-01-17,ACC0018,Sandbrook Utilities,10548,GBP,CREDIT,UNSETTLED
B001822,2026-03-06,ACC0067,Ashvale Clinic,1161,GBP,CREDIT,SETTLED
B001823,2026-01-17,ACC0114,The Old Print Works,3279,GBP,CREDIT,RETURNED
B001824,2026-03-10,ACC0037,The Old Print Works,13854,GBP,DEBIT,SETTLED
B001825,2026-03-18,ACC0006,Bolt & Screw Ltd,10193,GBP,CREDIT,RETURNED
B001826,2026-02-06,ACC0057,Ashvale Clinic,3679,GBP,CREDIT,SETTLED
B001827,2026-03-14,ACC0120,Ashvale Clinic,17467,GBP,CREDIT,SETTLED
B001828,2026-01-17,ACC0116,Ashvale Clinic,5966,GBP,CREDIT,SETTLED
B001829,2026-01-17,ACC0061,"Marlow ""Fine"" Foods",6524,GBP,DEBIT,RETURNED
B001830,2026-02-12,ACC0072,Kite Digital,56269,GBP,DEBIT,SETTLED
B001831,2026-03-02,ACC0013,Bolt & Screw Ltd,38824,GBP,DEBIT,UNSETTLED
B001832,2026-02-10,ACC0060,"Wembley Tyres, Ltd",9051,GBP,CREDIT,UNSETTLED
B001833,2026-02-22,ACC0058,Northline Freight,15361,GBP,DEBIT,SETTLED
B001834,2026-01-12,ACC0077,Harrow Sports Club,2151,GBP,DEBIT,SETTLED
B001835,2026-01-02,ACC0045,Ashvale Clinic,11724,GBP,DEBIT,SETTLED
B001836,2026-01-17,ACC0089,Ashvale Clinic,2214,GBP,CREDIT,SETTLED
B001837,2026-02-10,ACC0115,Corner Cafe,1385,GBP,DEBIT,RETURNED
B001838,2026-02-15,ACC0097,Bolt & Screw Ltd,3849,GBP,CREDIT,UNSETTLED
B001839,2026-02-07,ACC0107,The Old Print Works,5378,GBP,CREDIT,SETTLED
B001840,2026-01-01,ACC0041,"Marlow ""Fine"" Foods",2435,GBP,DEBIT,UNSETTLED
B001841,2026-02-28,ACC0023,The Old Print Works,20631,GBP,DEBIT,SETTLED
B001842,2026-03-01,ACC0016,Kite Digital,4607,GBP,CREDIT,SETTLED
B001843,2026-02-11,ACC0080,Bolt & Screw Ltd,3212,GBP,DEBIT,SETTLED
B001844,2026-01-06,ACC0086,"Marlow ""Fine"" Foods",10571,GBP,DEBIT,SETTLED
B001845,2026-01-30,ACC0057,The Old Print Works,28876,GBP,CREDIT,UNSETTLED
B001846,2026-03-18,ACC0040,Bolt & Screw Ltd,9929,GBP,DEBIT,RETURNED
B001847,2026-02-09,ACC0076,Northline Freight,56070,GBP,CREDIT,RETURNED
B001848,2026-02-13,ACC0098,Kite Digital,2942,GBP,DEBIT,SETTLED
B001849,2026-03-03,ACC0100,Dhillon & Sons,1641,GBP,CREDIT,SETTLED
B001850,2026-02-11,ACC0033,Dhillon & Sons,12342,GBP,DEBIT,RETURNED
B001851,2026-02-10,ACC0060,Bolt & Screw Ltd,2662,GBP,DEBIT,SETTLED
B001852,2026-02-18,ACC0002,The Old Print Works,5316,GBP,DEBIT,SETTLED
B001853,2026-02-19,ACC0065,Sandbrook Utilities,2670,GBP,DEBIT,RETURNED
B001854,2026-01-10,ACC0071,Sandbrook Utilities,10392,GBP,CREDIT,RETURNED
B001855,2026-01-17,ACC0072,Ashvale Clinic,17423,GBP,DEBIT,UNSETTLED
B001856,2026-03-08,ACC0042,Sandbrook Utilities,6289,GBP,DEBIT,SETTLED
B001857,2026-03-06,ACC0085,"Marlow ""Fine"" Foods",16446,GBP,DEBIT,SETTLED
B001858,2026-03-04,ACC0101,Northline Freight,57015,GBP,DEBIT,SETTLED
B001859,2026-02-10,ACC0014,Bolt & Screw Ltd,6481,GBP,CREDIT,RETURNED
B001860,2026-02-27,ACC0076,"Wembley Tyres, Ltd",15716,GBP,DEBIT,UNSETTLED
B001861,2026-01-25,ACC0063,Dhillon & Sons,9237,GBP,CREDIT,RETURNED
B001862,2026-03-31,ACC0103,Kite Digital,6044,GBP,CREDIT,RETURNED
B001863,2026-01-11,ACC0069,"Marlow ""Fine"" Foods",8828,GBP,CREDIT,SETTLED
B001864,2026-03-28,ACC0031,The Old Print Works,3723,GBP,DEBIT,RETURNED
B001865,2026-02-26,ACC0085,"Marlow ""Fine"" Foods",4265,GBP,CREDIT,UNSETTLED
B001866,2026-02-15,ACC0008,Petra Logistics,3733,GBP,CREDIT,SETTLED
B001867,2026-02-11,ACC0024,Ashvale Clinic,12564,GBP,CREDIT,SETTLED
B001868,2026-03-03,ACC0099,Corner Cafe,20424,GBP,DEBIT,SETTLED
B001869,2026-03-07,ACC0080,Northline Freight,6924,GBP,DEBIT,SETTLED
B001870,2026-01-22,ACC0101,"Marlow ""Fine"" Foods",3649,GBP,DEBIT,UNSETTLED
B001871,2026-03-29,ACC0095,Harrow Sports Club,22830,GBP,CREDIT,UNSETTLED
B001872,2026-01-23,ACC0021,Northline Freight,6707,GBP,DEBIT,SETTLED
B001873,2026-03-13,ACC0064,"Wembley Tyres, Ltd",8748,GBP,DEBIT,UNSETTLED
B001874,2026-02-08,ACC0033,Dhillon & Sons,12210,GBP,DEBIT,UNSETTLED
B001875,2026-02-08,ACC0105,Sandbrook Utilities,3962,GBP,DEBIT,RETURNED
B001876,2026-03-22,ACC0069,Dhillon & Sons,11068,GBP,CREDIT,SETTLED
B001877,2026-03-27,ACC0110,Ashvale Clinic,60281,GBP,DEBIT,SETTLED
B001878,2026-01-15,ACC0050,Dhillon & Sons,5606,GBP,DEBIT,RETURNED
B001879,2026-02-18,ACC0014,Kite Digital,8872,GBP,DEBIT,SETTLED
B001880,2026-03-25,ACC0108,Sandbrook Utilities,7361,GBP,DEBIT,RETURNED
B001881,2026-02-11,ACC0103,"Wembley Tyres, Ltd",29655,GBP,CREDIT,RETURNED
B001882,2026-02-03,ACC0111,Kite Digital,6611,GBP,DEBIT,UNSETTLED
B001883,2026-03-20,ACC0109,Harrow Sports Club,1898,GBP,CREDIT,SETTLED
B001884,2026-02-25,ACC0065,"Marlow ""Fine"" Foods",5851,GBP,DEBIT,UNSETTLED
B001885,2026-02-27,ACC0028,Bolt & Screw Ltd,11707,GBP,DEBIT,SETTLED
B001886,2026-01-31,ACC0092,"Marlow ""Fine"" Foods",6331,GBP,DEBIT,SETTLED
B001887,2026-03-02,ACC0099,Ashvale Clinic,3386,GBP,CREDIT,SETTLED
B001888,2026-03-02,ACC0069,Ashvale Clinic,1015,GBP,CREDIT,RETURNED
B001889,2026-01-15,ACC0054,Harrow Sports Club,9707,GBP,DEBIT,SETTLED
B001890,2026-02-15,ACC0031,Northline Freight,3564,GBP,CREDIT,UNSETTLED
B001891,2026-02-25,ACC0097,Sandbrook Utilities,2031,GBP,CREDIT,RETURNED
B001892,2026-02-20,ACC0082,Kite Digital,10604,GBP,DEBIT,RETURNED
B001893,2026-02-28,ACC0068,"Marlow ""Fine"" Foods",,GBP,CREDIT,SETTLED
B001894,2026-03-09,ACC0057,Bolt & Screw Ltd,2742,GBP,CREDIT,SETTLED
B001895,2026-03-31,ACC0107,Ashvale Clinic,5694,GBP,DEBIT,UNSETTLED
B001896,2026-02-28,ACC0028,The Old Print Works,7176,GBP,CREDIT,UNSETTLED
B001897,2026-02-13,ACC0075,"Marlow ""Fine"" Foods",4562,GBP,DEBIT,UNSETTLED
B001898,2026-01-11,ACC0062,Ashvale Clinic,27706,GBP,CREDIT,SETTLED
B001899,2026-01-22,ACC0096,Petra Logistics,43619,GBP,CREDIT,RETURNED
B001900,2026-03-20,ACC0117,Bolt & Screw Ltd,6813,GBP,DEBIT,RETURNED
B001901,2026-01-08,ACC0105,Kite Digital,,GBP,CREDIT,RETURNED
B001902,2026-03-02,ACC0059,Kite Digital,5037,GBP,DEBIT,UNSETTLED
B001903,2026-01-20,ACC0072,Corner Cafe,13719,GBP,CREDIT,RETURNED
B001904,2026-02-20,ACC0090,"Marlow ""Fine"" Foods",11466,GBP,DEBIT,UNSETTLED
B001905,2026-02-19,ACC0105,The Old Print Works,5164,GBP,DEBIT,SETTLED
B001906,2026-02-23,ACC0048,Corner Cafe,30728,GBP,DEBIT,SETTLED
B001907,2026-01-30,ACC0014,Kite Digital,12786,GBP,DEBIT,RETURNED
B001908,2026-02-20,ACC0120,Corner Cafe,2719,GBP,CREDIT,SETTLED
B001909,2026-01-27,ACC0023,Petra Logistics,20562,GBP,CREDIT,SETTLED
B001910,2026-03-25,ACC0057,Bolt & Screw Ltd,368,GBP,DEBIT,UNSETTLED
B001911,2026-02-04,ACC0003,Northline Freight,578,GBP,CREDIT,UNSETTLED
B001912,2026-03-16,ACC0001,Ashvale Clinic,1479,GBP,DEBIT,SETTLED
B001913,2026-02-24,ACC0026,Sandbrook Utilities,23622,GBP,DEBIT,SETTLED
B001914,2026-02-12,ACC0006,Harrow Sports Club,10401,GBP,DEBIT,UNSETTLED
B001915,2026-02-11,ACC0080,The Old Print Works,10881,GBP,CREDIT,UNSETTLED
B001916,2026-03-08,ACC0016,"Wembley Tyres, Ltd",28261,GBP,DEBIT,SETTLED
B001917,2026-01-02,ACC0110,Northline Freight,29929,GBP,CREDIT,RETURNED
B001918,2026-02-21,ACC0079,Northline Freight,24493,GBP,DEBIT,SETTLED
B001919,2026-03-02,ACC0042,Ashvale Clinic,4702,GBP,DEBIT,RETURNED
B001920,2026-02-28,ACC0049,"Marlow ""Fine"" Foods",9462,GBP,CREDIT,UNSETTLED
B001921,2026-02-16,ACC0084,Northline Freight,13710,GBP,CREDIT,SETTLED
B001922,2026-01-15,ACC0024,Kite Digital,3842,GBP,DEBIT,RETURNED
B001923,2026-02-23,ACC0090,Petra Logistics,5948,GBP,DEBIT,SETTLED
B001924,2026-01-15,ACC0115,Ashvale Clinic,68269,GBP,CREDIT,UNSETTLED
B001925,2026-01-17,ACC0105,Petra Logistics,3145,GBP,DEBIT,SETTLED
B001926,2026-01-13,ACC0103,Corner Cafe,57133,GBP,CREDIT,SETTLED
B001927,2026-03-17,ACC0015,Ashvale Clinic,5754,GBP,CREDIT,RETURNED
B001928,2026-01-24,ACC0050,Corner Cafe,16293,GBP,CREDIT,UNSETTLED
B001929,2026-03-04,ACC0002,Northline Freight,2764,GBP,CREDIT,RETURNED
B001930,2026-02-26,ACC0020,Kite Digital,15413,GBP,CREDIT,UNSETTLED
B001931,2026-03-28,ACC0057,"Wembley Tyres, Ltd",5049,GBP,DEBIT,UNSETTLED
B001932,2026-01-12,ACC0034,"Marlow ""Fine"" Foods",1416,GBP,CREDIT,SETTLED
B001933,2026-01-23,ACC0006,Northline Freight,18762,GBP,DEBIT,RETURNED
B001934,2026-01-09,ACC0077,Sandbrook Utilities,37097,GBP,DEBIT,SETTLED
B001935,2026-01-10,ACC0011,Petra Logistics,35201,GBP,DEBIT,RETURNED
B001936,2026-03-24,ACC0065,Ashvale Clinic,2582,GBP,DEBIT,UNSETTLED
B001937,2026-03-23,ACC0090,The Old Print Works,21377,GBP,DEBIT,SETTLED
B001938,2026-01-24,ACC0116,Sandbrook Utilities,1548,GBP,DEBIT,SETTLED
B001939,2026-03-07,ACC0047,Petra Logistics,77669,GBP,DEBIT,SETTLED
B001940,2026-01-23,ACC0082,Bolt & Screw Ltd,9170,GBP,CREDIT,SETTLED
B001941,2026-01-26,ACC0015,Sandbrook Utilities,9419,GBP,DEBIT,RETURNED
B001942,2026-03-09,ACC0104,"Marlow ""Fine"" Foods",7771,GBP,CREDIT,UNSETTLED
B001943,2026-03-30,ACC0120,Harrow Sports Club,7170,GBP,CREDIT,SETTLED
B001944,2026-01-23,ACC0009,Ashvale Clinic,6387,GBP,CREDIT,RETURNED
B001945,2026-01-04,ACC0084,The Old Print Works,10897,GBP,DEBIT,RETURNED
B001946,2026-03-30,ACC0100,Corner Cafe,1809,GBP,DEBIT,SETTLED
B001947,2026-02-23,ACC0105,The Old Print Works,5683,GBP,DEBIT,UNSETTLED
B001948,2026-03-20,ACC0096,Petra Logistics,17106,GBP,DEBIT,SETTLED
B001949,2026-01-02,ACC0063,Bolt & Screw Ltd,1192,GBP,DEBIT,UNSETTLED
B001950,2026-01-12,ACC0070,"Marlow ""Fine"" Foods",2567,GBP,CREDIT,SETTLED
B001951,2026-03-28,ACC0011,Ashvale Clinic,14330,GBP,DEBIT,SETTLED
B001952,2026-02-01,ACC0042,"Wembley Tyres, Ltd",2239,GBP,DEBIT,SETTLED
B001953,2026-01-12,ACC0073,"Wembley Tyres, Ltd",9489,GBP,DEBIT,RETURNED
B001954,2026-03-29,ACC0021,Harrow Sports Club,10698,GBP,CREDIT,RETURNED
B001955,2026-03-25,ACC0039,Petra Logistics,6543,GBP,CREDIT,RETURNED
B001956,2026-01-01,ACC0075,Kite Digital,4227,GBP,DEBIT,RETURNED
B001957,2026-03-05,ACC0018,Corner Cafe,7418,GBP,DEBIT,UNSETTLED
B001958,2026-02-15,ACC0010,Kite Digital,10528,GBP,CREDIT,RETURNED
B001959,2026-02-26,ACC0082,The Old Print Works,4334,GBP,DEBIT,SETTLED
B001960,2026-02-20,ACC0110,"Marlow ""Fine"" Foods",12874,GBP,DEBIT,UNSETTLED
B001961,2026-03-21,ACC0077,Harrow Sports Club,2666,GBP,CREDIT,SETTLED
B001962,2026-01-12,ACC0065,Corner Cafe,12989,GBP,DEBIT,SETTLED
B001963,2026-01-20,ACC0022,Corner Cafe,20070,GBP,DEBIT,SETTLED
B001964,2026-03-17,ACC0043,Sandbrook Utilities,36509,GBP,CREDIT,SETTLED
B001965,2026-02-01,ACC0015,Petra Logistics,7821,GBP,DEBIT,SETTLED
B001966,2026-03-06,ACC0012,Northline Freight,7839,GBP,DEBIT,SETTLED
B001967,2026-03-11,ACC0005,Sandbrook Utilities,2207,GBP,DEBIT,UNSETTLED
B001968,2026-02-19,ACC0059,Petra Logistics,6802,GBP,DEBIT,SETTLED
B001969,2026-01-17,ACC0011,"Wembley Tyres, Ltd",9297,GBP,DEBIT,RETURNED
B001970,2026-02-19,ACC0095,Ashvale Clinic,13121,GBP,DEBIT,SETTLED
B001971,2026-03-09,ACC0105,Corner Cafe,6406,GBP,CREDIT,SETTLED
B001972,2026-03-06,ACC0087,Dhillon & Sons,4149,GBP,CREDIT,SETTLED
B001973,2026-02-08,ACC0102,Ashvale Clinic,6054,GBP,CREDIT,UNSETTLED
B001974,2026-02-14,ACC0097,Kite Digital,1038,GBP,CREDIT,SETTLED
B001975,2026-01-08,ACC0096,"Wembley Tyres, Ltd",11897,GBP,CREDIT,SETTLED
B001976,2026-02-20,ACC0012,Northline Freight,6790,GBP,DEBIT,SETTLED
B001977,2026-01-06,ACC0076,"Marlow ""Fine"" Foods",6945,GBP,CREDIT,UNSETTLED
B001978,2026-03-04,ACC0099,"Marlow ""Fine"" Foods",6329,GBP,CREDIT,SETTLED
B001979,2026-02-05,ACC0105,Northline Freight,16350,GBP,CREDIT,UNSETTLED
B001980,2026-02-18,ACC0029,Kite Digital,1614,GBP,CREDIT,UNSETTLED
B001981,2026-03-11,ACC0101,Dhillon & Sons,15053,GBP,DEBIT,RETURNED
B001982,2026-01-08,ACC0011,Ashvale Clinic,12916,GBP,DEBIT,SETTLED
B001983,2026-01-09,ACC0039,"Wembley Tyres, Ltd",6564,GBP,DEBIT,RETURNED
B001984,2026-01-06,ACC0072,"Marlow ""Fine"" Foods",3854,GBP,DEBIT,SETTLED
B001985,2026-02-22,ACC0059,"Marlow ""Fine"" Foods",2326,GBP,DEBIT,UNSETTLED
B001986,2026-02-04,ACC0030,The Old Print Works,1591,GBP,DEBIT,SETTLED
B001987,2026-03-06,ACC0072,Bolt & Screw Ltd,858,GBP,DEBIT,SETTLED
B001988,2026-02-16,ACC0101,Corner Cafe,13514,GBP,DEBIT,SETTLED
B001989,2026-01-24,ACC0105,Petra Logistics,16698,GBP,DEBIT,SETTLED
B001990,2026-01-29,ACC0005,Northline Freight,5277,GBP,DEBIT,RETURNED
B001991,2026-03-27,ACC0081,"Wembley Tyres, Ltd",21368,GBP,DEBIT,SETTLED
B001992,2026-02-04,ACC0101,"Wembley Tyres, Ltd",17197,GBP,DEBIT,RETURNED
B001993,2026-01-20,ACC0044,Harrow Sports Club,8965,GBP,DEBIT,SETTLED
B001994,2026-01-21,ACC0081,The Old Print Works,14949,GBP,CREDIT,SETTLED
B001995,2026-02-03,ACC0021,"Marlow ""Fine"" Foods",9042,GBP,CREDIT,UNSETTLED
B001996,2026-01-14,ACC0036,Dhillon & Sons,3125,GBP,CREDIT,UNSETTLED
B001997,2026-02-22,ACC0068,Petra Logistics,4141,GBP,DEBIT,RETURNED
B001998,2026-03-24,ACC0081,Harrow Sports Club,3901,GBP,CREDIT,SETTLED
B001999,2026-01-04,ACC0019,Bolt & Screw Ltd,1716,GBP,DEBIT,UNSETTLED
B002000,2026-02-13,ACC0001,"Wembley Tyres, Ltd",3877,GBP,DEBIT,SETTLED
B002001,2026-01-13,ACC0053,Sandbrook Utilities,22745,GBP,DEBIT,UNSETTLED
B002002,2026-01-13,ACC0028,Kite Digital,7157,GBP,CREDIT,SETTLED
B002003,2026-01-02,ACC0056,Kite Digital,22892,GBP,CREDIT,RETURNED
B002004,2026-03-31,ACC0092,Harrow Sports Club,3908,GBP,DEBIT,SETTLED
B002005,2026-01-25,ACC0012,Petra Logistics,3196,GBP,DEBIT,UNSETTLED
B002006,2026-03-13,ACC0032,Dhillon & Sons,10070,GBP,CREDIT,RETURNED
B002007,2026-01-25,ACC0060,Kite Digital,4335,GBP,DEBIT,SETTLED
B002008,2026-03-22,ACC0040,Dhillon & Sons,1723,GBP,DEBIT,RETURNED
B002009,2026-03-12,ACC0105,The Old Print Works,10420,GBP,DEBIT,UNSETTLED
B002010,2026-02-04,ACC0031,Ashvale Clinic,26366,GBP,CREDIT,RETURNED
B002011,2026-01-22,ACC0114,The Old Print Works,5025,GBP,CREDIT,UNSETTLED
B002012,2026-02-18,ACC0011,"Marlow ""Fine"" Foods",10974,GBP,CREDIT,RETURNED
B002013,2026-01-01,ACC0042,Petra Logistics,34467,GBP,CREDIT,SETTLED
B002014,2026-01-13,ACC0048,Dhillon & Sons,8694,GBP,CREDIT,SETTLED
B002015,2026-03-14,ACC0108,Corner Cafe,8195,GBP,DEBIT,SETTLED
B002016,2026-01-24,ACC0061,Petra Logistics,3795,GBP,CREDIT,SETTLED
B002017,2026-01-24,ACC0053,Northline Freight,7436,GBP,DEBIT,SETTLED
B002018,2026-03-17,ACC0061,"Wembley Tyres, Ltd",7049,GBP,DEBIT,UNSETTLED
B002019,2026-02-17,ACC0086,Corner Cafe,7567,GBP,DEBIT,SETTLED
B002020,2026-02-02,ACC0109,Dhillon & Sons,17640,GBP,DEBIT,UNSETTLED
B002021,2026-01-09,ACC0111,"Wembley Tyres, Ltd",2014,GBP,DEBIT,SETTLED
B002022,2026-01-27,ACC0042,Corner Cafe,21611,GBP,CREDIT,SETTLED
B002023,2026-01-12,ACC0060,Bolt & Screw Ltd,24254,GBP,DEBIT,SETTLED
B002024,2026-03-20,ACC0054,Ashvale Clinic,4211,GBP,DEBIT,SETTLED
B002025,2026-02-01,ACC0030,"Marlow ""Fine"" Foods",10401,GBP,DEBIT,UNSETTLED
B002026,2026-01-24,ACC0068,Northline Freight,4402,GBP,DEBIT,SETTLED
B002027,2026-01-12,ACC0076,Ashvale Clinic,7955,GBP,DEBIT,SETTLED
B002028,2026-01-08,ACC0118,Petra Logistics,4587,GBP,CREDIT,SETTLED
B002029,2026-03-19,ACC0004,Kite Digital,4082,GBP,CREDIT,SETTLED
B002030,2026-02-22,ACC0101,Petra Logistics,13055,GBP,DEBIT,RETURNED
B002031,2026-01-07,ACC0058,Ashvale Clinic,7024,GBP,DEBIT,RETURNED
B002032,2026-03-19,ACC0108,Bolt & Screw Ltd,2758,GBP,CREDIT,SETTLED
B002033,2026-03-22,ACC0007,"Wembley Tyres, Ltd",1744,GBP,DEBIT,UNSETTLED
B002034,2026-03-12,ACC0045,Northline Freight,7216,GBP,DEBIT,SETTLED
B002035,2026-01-09,ACC0068,The Old Print Works,14014,GBP,CREDIT,UNSETTLED
B002036,2026-01-25,ACC0062,"Wembley Tyres, Ltd",1043,GBP,CREDIT,SETTLED
B002037,2026-03-26,ACC0053,Dhillon & Sons,8955,GBP,DEBIT,RETURNED
B002038,2026-02-23,ACC0053,The Old Print Works,22839,GBP,DEBIT,SETTLED
B002039,2026-01-16,ACC0041,Dhillon & Sons,4458,GBP,DEBIT,UNSETTLED
B002040,2026-01-30,ACC0035,Dhillon & Sons,3010,GBP,DEBIT,RETURNED
B002041,2026-02-01,ACC0120,Harrow Sports Club,44030,GBP,DEBIT,RETURNED
B002042,2026-03-05,ACC0067,"Wembley Tyres, Ltd",6365,GBP,CREDIT,UNSETTLED
B002043,2026-02-04,ACC0079,Petra Logistics,5652,GBP,CREDIT,RETURNED
B002044,2026-02-05,ACC0086,The Old Print Works,43859,GBP,CREDIT,RETURNED
B002045,2026-02-27,ACC0086,"Marlow ""Fine"" Foods",21021,GBP,DEBIT,SETTLED
B002046,2026-01-24,ACC0018,Kite Digital,6346,GBP,DEBIT,SETTLED
B002047,2026-02-14,ACC0104,Kite Digital,979,GBP,CREDIT,UNSETTLED
B002048,2026-02-11,ACC0079,Sandbrook Utilities,11939,GBP,DEBIT,UNSETTLED
B002049,2026-02-19,ACC0026,The Old Print Works,4031,GBP,DEBIT,SETTLED
B002050,2026-01-22,ACC0084,"Wembley Tyres, Ltd",1629,GBP,DEBIT,SETTLED
B002051,2026-01-04,ACC0037,Northline Freight,8340,GBP,CREDIT,UNSETTLED
B002052,2026-01-05,ACC0021,Northline Freight,9728,GBP,DEBIT,RETURNED
B002053,2026-03-30,ACC0015,The Old Print Works,2852,GBP,CREDIT,UNSETTLED
B002054,2026-01-15,ACC0033,Corner Cafe,2246,GBP,DEBIT,RETURNED
B002055,2026-01-13,ACC0025,"Marlow ""Fine"" Foods",9474,GBP,DEBIT,UNSETTLED
B002056,2026-03-22,ACC0059,Petra Logistics,10248,GBP,DEBIT,SETTLED
B002057,2026-03-11,ACC0109,Corner Cafe,31581,GBP,CREDIT,RETURNED
B002058,2026-01-09,ACC0044,Sandbrook Utilities,5974,GBP,DEBIT,RETURNED
B002059,2026-01-04,ACC0057,Dhillon & Sons,19542,GBP,CREDIT,RETURNED
B002060,2026-01-25,ACC0032,"Wembley Tyres, Ltd",6366,GBP,CREDIT,RETURNED
B002061,2026-03-19,ACC0102,Dhillon & Sons,8058,GBP,DEBIT,RETURNED
B002062,2026-01-22,ACC0040,Sandbrook Utilities,3419,GBP,DEBIT,SETTLED
B002063,2026-03-27,ACC0062,Kite Digital,8097,GBP,DEBIT,SETTLED
B002064,2026-02-25,ACC0095,Dhillon & Sons,1712,GBP,DEBIT,RETURNED
B002065,2026-03-21,ACC0057,Corner Cafe,32417,GBP,DEBIT,UNSETTLED
B002066,2026-02-03,ACC0016,Corner Cafe,4820,GBP,CREDIT,RETURNED
B002067,2026-01-29,ACC0063,"Wembley Tyres, Ltd",1270,GBP,DEBIT,SETTLED
B002068,2026-01-27,ACC0068,"Marlow ""Fine"" Foods",2233,GBP,CREDIT,RETURNED
B002069,2026-01-31,ACC0028,"Marlow ""Fine"" Foods",4753,GBP,CREDIT,RETURNED
B002070,2026-02-05,ACC0007,Ashvale Clinic,1711,GBP,DEBIT,UNSETTLED
B002071,2026-01-21,ACC0038,Ashvale Clinic,2856,GBP,CREDIT,SETTLED
B002072,2026-03-14,ACC0026,Dhillon & Sons,3159,GBP,DEBIT,SETTLED
B002073,2026-01-02,ACC0021,Harrow Sports Club,13459,GBP,DEBIT,SETTLED
B002074,2026-02-04,ACC0068,"Wembley Tyres, Ltd",4832,GBP,DEBIT,SETTLED
B002075,2026-01-07,ACC0114,Bolt & Screw Ltd,7173,GBP,DEBIT,RETURNED
B002076,2026-02-02,ACC0029,Northline Freight,1213,GBP,DEBIT,SETTLED
B002077,2026-03-25,ACC0098,Harrow Sports Club,3093,GBP,CREDIT,RETURNED
B002078,2026-03-02,ACC0022,The Old Print Works,10622,GBP,DEBIT,SETTLED
B002079,2026-01-03,ACC0091,Bolt & Screw Ltd,2130,GBP,CREDIT,SETTLED
B002080,2026-01-13,ACC0028,"Wembley Tyres, Ltd",1844,GBP,DEBIT,UNSETTLED
B002081,2026-03-29,ACC0076,"Marlow ""Fine"" Foods",1631,GBP,CREDIT,RETURNED
B002082,2026-01-23,ACC0067,Dhillon & Sons,7462,GBP,DEBIT,RETURNED
B002083,2026-03-18,ACC0002,Ashvale Clinic,4175,GBP,CREDIT,RETURNED
B002084,2026-01-13,ACC0117,Dhillon & Sons,6256,GBP,DEBIT,SETTLED
B002085,2026-02-04,ACC0070,Corner Cafe,1357,GBP,CREDIT,RETURNED
B002086,2026-03-07,ACC0107,Dhillon & Sons,1383,GBP,DEBIT,SETTLED
B002087,2026-03-21,ACC0065,Harrow Sports Club,21456,GBP,DEBIT,SETTLED
B002088,2026-03-26,ACC0063,Sandbrook Utilities,7756,GBP,DEBIT,SETTLED
B002089,2026-01-07,ACC0004,Dhillon & Sons,2125,GBP,DEBIT,UNSETTLED
B002090,2026-02-24,ACC0059,Ashvale Clinic,11600,GBP,DEBIT,UNSETTLED
B002091,2026-03-20,ACC0044,Dhillon & Sons,6270,GBP,CREDIT,SETTLED
B002092,2026-03-09,ACC0002,Bolt & Screw Ltd,8297,GBP,DEBIT,UNSETTLED
B002093,2026-01-11,ACC0077,"Wembley Tyres, Ltd",6258,GBP,CREDIT,SETTLED
B002094,2026-03-06,ACC0013,Harrow Sports Club,591,GBP,DEBIT,UNSETTLED
B002095,2026-03-21,ACC0012,"Marlow ""Fine"" Foods",12200,GBP,DEBIT,SETTLED
B002096,2026-02-15,ACC0060,Corner Cafe,9622,GBP,DEBIT,SETTLED
B002097,2026-01-25,ACC0066,"Wembley Tyres, Ltd",629,GBP,DEBIT,SETTLED
B002098,2026-02-07,ACC0060,"Wembley Tyres, Ltd",8741,GBP,DEBIT,RETURNED
B002099,2026-03-17,ACC0052,Petra Logistics,11612,GBP,DEBIT,UNSETTLED
B002100,2026-01-05,ACC0027,Ashvale Clinic,25058,GBP,CREDIT,UNSETTLED
B002101,2026-03-13,ACC0082,Kite Digital,37105,GBP,DEBIT,SETTLED
B002102,2026-01-23,ACC0018,"Wembley Tyres, Ltd",13804,GBP,DEBIT,SETTLED
B002103,2026-02-28,ACC0033,Dhillon & Sons,10935,GBP,DEBIT,SETTLED
B002104,2026-02-13,ACC0029,Harrow Sports Club,18407,GBP,CREDIT,SETTLED
B002105,2026-01-04,ACC0070,"Marlow ""Fine"" Foods",2973,GBP,CREDIT,SETTLED
B002106,2026-03-12,ACC0010,Sandbrook Utilities,6458,GBP,CREDIT,UNSETTLED
B002107,2026-03-10,ACC0056,Northline Freight,7575,GBP,DEBIT,UNSETTLED
B002108,2026-01-13,ACC0013,Northline Freight,3254,GBP,DEBIT,SETTLED
B002109,2026-01-21,ACC0104,"Marlow ""Fine"" Foods",2299,GBP,DEBIT,SETTLED
B002110,2026-03-05,ACC0001,Northline Freight,4862,GBP,DEBIT,SETTLED
B002111,2026-03-17,ACC0029,Ashvale Clinic,4736,GBP,DEBIT,RETURNED
B002112,2026-02-24,ACC0069,Petra Logistics,25304,GBP,DEBIT,SETTLED
B002113,2026-01-20,ACC0058,Sandbrook Utilities,10953,GBP,DEBIT,RETURNED
B002114,2026-03-01,ACC0050,Sandbrook Utilities,2574,GBP,DEBIT,UNSETTLED
B002115,2026-01-01,ACC0105,"Marlow ""Fine"" Foods",7482,GBP,DEBIT,UNSETTLED
B002116,2026-03-25,ACC0112,Sandbrook Utilities,1864,GBP,DEBIT,SETTLED
B002117,2026-02-18,ACC0004,"Wembley Tyres, Ltd",10762,GBP,CREDIT,SETTLED
B002118,2026-03-27,ACC0064,"Wembley Tyres, Ltd",5475,GBP,CREDIT,UNSETTLED
B002119,2026-03-05,ACC0026,The Old Print Works,4696,GBP,DEBIT,SETTLED
B002120,2026-02-10,ACC0007,The Old Print Works,4174,GBP,CREDIT,SETTLED
B002121,2026-01-25,ACC0033,Bolt & Screw Ltd,16010,GBP,DEBIT,SETTLED
B002122,2026-03-05,ACC0073,Sandbrook Utilities,22065,GBP,CREDIT,UNSETTLED
B002123,2026-01-30,ACC0060,Dhillon & Sons,14933,GBP,DEBIT,SETTLED
B002124,2026-02-22,ACC0036,Corner Cafe,13772,GBP,DEBIT,SETTLED
B002125,2026-03-20,ACC0114,Ashvale Clinic,72051,GBP,CREDIT,SETTLED
B002126,2026-02-13,ACC0099,"Wembley Tyres, Ltd",26602,GBP,DEBIT,SETTLED
B002127,2026-02-26,ACC0049,Harrow Sports Club,1463,GBP,DEBIT,RETURNED
B002128,2026-01-07,ACC0082,Kite Digital,487,GBP,DEBIT,RETURNED
B002129,2026-01-29,ACC0070,The Old Print Works,1219,GBP,DEBIT,SETTLED
B002130,2026-03-01,ACC0109,Dhillon & Sons,6572,GBP,CREDIT,SETTLED
B002131,2026-02-23,ACC0021,"Marlow ""Fine"" Foods",7679,GBP,DEBIT,SETTLED
B002132,2026-02-08,ACC0078,Ashvale Clinic,8021,GBP,DEBIT,SETTLED
B002133,2026-02-23,ACC0029,"Marlow ""Fine"" Foods",20975,GBP,DEBIT,SETTLED
B002134,2026-02-21,ACC0061,Harrow Sports Club,10204,GBP,DEBIT,SETTLED
B002135,2026-03-17,ACC0031,"Marlow ""Fine"" Foods",4697,GBP,DEBIT,RETURNED
B002136,2026-01-25,ACC0019,"Wembley Tyres, Ltd",1979,GBP,CREDIT,UNSETTLED
B002137,2026-01-11,ACC0061,"Marlow ""Fine"" Foods",3755,GBP,CREDIT,UNSETTLED
B002138,2026-01-12,ACC0039,Ashvale Clinic,966,GBP,CREDIT,SETTLED
B002139,2026-01-10,ACC0119,Corner Cafe,1533,GBP,DEBIT,RETURNED
B002140,2026-02-15,ACC0078,Northline Freight,7144,GBP,DEBIT,UNSETTLED
B002141,2026-03-15,ACC0110,Dhillon & Sons,2348,GBP,DEBIT,RETURNED
B002142,2026-02-08,ACC0037,Petra Logistics,15924,GBP,DEBIT,SETTLED
B002143,2026-02-20,ACC0111,Ashvale Clinic,20373,GBP,DEBIT,SETTLED
B002144,2026-02-26,ACC0037,Harrow Sports Club,17422,GBP,DEBIT,UNSETTLED
B002145,2026-02-05,ACC0052,Sandbrook Utilities,8306,GBP,DEBIT,UNSETTLED
B002146,2026-01-27,ACC0072,Ashvale Clinic,22689,GBP,DEBIT,SETTLED
B002147,2026-01-01,ACC0056,Corner Cafe,18024,GBP,DEBIT,RETURNED
B002148,2026-03-12,ACC0021,Bolt & Screw Ltd,15121,GBP,CREDIT,UNSETTLED
B002149,2026-03-26,ACC0113,Petra Logistics,13420,GBP,DEBIT,SETTLED
B002150,2026-03-19,ACC0030,Corner Cafe,6352,GBP,DEBIT,SETTLED
B002151,2026-02-09,ACC0111,Dhillon & Sons,5299,GBP,DEBIT,SETTLED
B002152,2026-01-28,ACC0066,"Marlow ""Fine"" Foods",2188,GBP,DEBIT,UNSETTLED
B002153,2026-01-30,ACC0091,The Old Print Works,1516,GBP,DEBIT,SETTLED
B002154,2026-02-01,ACC0108,Dhillon & Sons,5385,GBP,CREDIT,UNSETTLED
B002155,2026-02-22,ACC0029,Corner Cafe,22309,GBP,DEBIT,SETTLED
B002156,2026-01-21,ACC0073,Sandbrook Utilities,6026,GBP,DEBIT,UNSETTLED
B002157,2026-02-04,ACC0100,Kite Digital,12296,GBP,DEBIT,RETURNED
B002158,2026-02-23,ACC0087,Ashvale Clinic,11521,GBP,DEBIT,RETURNED
B002159,2026-01-23,ACC0001,Bolt & Screw Ltd,30520,GBP,DEBIT,UNSETTLED
B002160,2026-02-13,ACC0013,The Old Print Works,1976,GBP,DEBIT,SETTLED
B002161,2026-02-19,ACC0065,Ashvale Clinic,4059,GBP,DEBIT,SETTLED
B002162,2026-02-26,ACC0064,Dhillon & Sons,2489,GBP,DEBIT,SETTLED
B002163,2026-03-18,ACC0050,Harrow Sports Club,2925,GBP,DEBIT,SETTLED
B002164,2026-01-27,ACC0073,Ashvale Clinic,1946,GBP,CREDIT,SETTLED
B002165,2026-03-26,ACC0002,"Marlow ""Fine"" Foods",,GBP,DEBIT,UNSETTLED
B002166,2026-01-22,ACC0033,Bolt & Screw Ltd,16493,GBP,DEBIT,RETURNED
B002167,2026-01-19,ACC0039,Harrow Sports Club,18192,GBP,DEBIT,SETTLED
B002168,2026-03-27,ACC0060,Bolt & Screw Ltd,25652,GBP,DEBIT,SETTLED
B002169,2026-03-19,ACC0073,Kite Digital,2639,GBP,CREDIT,SETTLED
B002170,2026-01-30,ACC0043,Bolt & Screw Ltd,2194,GBP,DEBIT,SETTLED
B002171,2026-02-15,ACC0061,Northline Freight,15690,GBP,CREDIT,SETTLED
B002172,2026-02-03,ACC0041,Ashvale Clinic,6764,GBP,DEBIT,UNSETTLED
B002173,2026-01-05,ACC0087,Petra Logistics,18470,GBP,DEBIT,RETURNED
B002174,2026-03-01,ACC0026,Corner Cafe,3428,GBP,CREDIT,RETURNED
B002175,2026-02-03,ACC0011,Petra Logistics,7705,GBP,DEBIT,RETURNED
B002176,2026-03-13,ACC0115,Northline Freight,19022,GBP,CREDIT,RETURNED
B002177,2026-03-10,ACC0021,Ashvale Clinic,378,GBP,CREDIT,RETURNED
B002178,2026-01-15,ACC0118,"Marlow ""Fine"" Foods",3393,GBP,CREDIT,SETTLED
B002179,2026-03-12,ACC0040,The Old Print Works,4081,GBP,CREDIT,UNSETTLED
B002180,2026-03-30,ACC0090,Dhillon & Sons,8101,GBP,CREDIT,UNSETTLED
B002181,2026-03-20,ACC0111,Corner Cafe,1262,GBP,CREDIT,SETTLED
B002182,2026-02-26,ACC0112,"Wembley Tyres, Ltd",4775,GBP,DEBIT,SETTLED
B002183,2026-02-13,ACC0098,Kite Digital,33290,GBP,DEBIT,UNSETTLED
B002184,2026-03-17,ACC0079,Kite Digital,412,GBP,DEBIT,UNSETTLED
B002185,2026-01-03,ACC0034,Bolt & Screw Ltd,6174,GBP,DEBIT,RETURNED
B002186,2026-01-29,ACC0075,Bolt & Screw Ltd,3428,GBP,DEBIT,SETTLED
B002187,2026-02-02,ACC0046,Harrow Sports Club,4304,GBP,DEBIT,UNSETTLED
B002188,2026-01-27,ACC0107,Petra Logistics,1609,GBP,DEBIT,RETURNED
B002189,2026-01-29,ACC0103,Corner Cafe,113780,GBP,CREDIT,SETTLED
B002190,2026-03-17,ACC0075,Harrow Sports Club,13536,GBP,DEBIT,SETTLED
B002191,2026-01-07,ACC0043,Bolt & Screw Ltd,1341,GBP,CREDIT,RETURNED
B002192,2026-01-23,ACC0021,Dhillon & Sons,2819,GBP,CREDIT,SETTLED
B002193,2026-01-18,ACC0002,Dhillon & Sons,12133,GBP,CREDIT,RETURNED
B002194,2026-01-07,ACC0116,Corner Cafe,2910,GBP,CREDIT,SETTLED
B002195,2026-02-17,ACC0090,The Old Print Works,2363,GBP,DEBIT,UNSETTLED
B002196,2026-02-03,ACC0061,Corner Cafe,7143,GBP,DEBIT,UNSETTLED
B002197,2026-03-07,ACC0031,Kite Digital,4451,GBP,CREDIT,RETURNED
B002198,2026-03-03,ACC0070,Dhillon & Sons,20359,GBP,CREDIT,SETTLED
B002199,2026-01-08,ACC0118,"Marlow ""Fine"" Foods",6396,GBP,DEBIT,RETURNED
B002200,2026-02-15,ACC0010,Corner Cafe,2668,GBP,DEBIT,RETURNED
