txn_id,posted_date,account_id,merchant_name,gross_amount,currency,channel,status
A000001,03/02/2026,ACC0098,"Wembley Tyres, Ltd",32.77,EUR,direct_debit,failed
A000002,28/03/2026,ACC0003,Northline Freight,21.52,GBP,card,settled
A000003,06/03/2026,ACC0061,"Wembley Tyres, Ltd",61.49,USD,card,reversed
A000004,25/03/2026,ACC0107,The Old Print Works,42.38,GBP,card,reversed
A000005,28/01/2026,ACC0107,Ashvale Clinic,218.13,GBP,card,pending
A000006,14/02/2026,ACC0008,Bolt & Screw Ltd,192.33,GBP,direct_debit,failed
A000007,27/03/2026,ACC0024,Harrow Sports Club,79.91,EUR,direct_debit,settled
A000008,03/02/2026,ACC0071,Dhillon & Sons,37.26,gbp,card,settled
A000009,28/01/2026,ACC0065,Petra Logistics,35.69,gbp,card,failed
A000010,01/01/2026,ACC0051,Corner Cafe,10.74,EUR,card,reversed
A000011,30/01/2026,ACC0115,Ashvale Clinic,120.2,GBP,direct_debit,settled
A000012,05/03/2026,ACC0083,Harrow Sports Club,4.96,GBP,bank_transfer,reversed
A000013,24/02/2026,ACC0018,Sandbrook Utilities,572.53,GBP,bank_transfer,settled
A000014,29/03/2026,ACC0088,Ashvale Clinic,239.89,GBP,card,settled
A000015,04/01/2026,ACC0058,Sandbrook Utilities,219.43,GBP,card,reversed
A000016,10/03/2026,ACC0001,Kite Digital,106.44,GBP,bank_transfer,failed
A000017,12/01/2026,ACC0095,Kite Digital,75.33,EUR,card,settled
A000018,31/01/2026,ACC0095,Petra Logistics,94.12,USD,direct_debit,pending
A000019,10/01/2026,ACC0099,Corner Cafe,48.17,GBP,card,settled
A000020,18/03/2026,ACC0096,Ashvale Clinic,22.38,EUR,bank_transfer,failed
A000021,18/01/2026,ACC0089,"Wembley Tyres, Ltd",14.44,GBP,direct_debit,settled
A000022,08/03/2026,ACC0099,Bolt & Screw Ltd,25.59,GBP,card,settled
A000023,11/01/2026,ACC0058,Northline Freight,35.52,USD,card,settled
A000024,10/01/2026,ACC0068,Northline Freight,65.31,EUR,card,failed
A000025,22/03/2026,ACC0091,Dhillon & Sons,63.17,gbp,direct_debit,pending
A000026,20/02/2026,ACC0039,Ashvale Clinic,53.06,gbp,direct_debit,settled
A000027,18/02/2026,ACC0001,Dhillon & Sons,6.22,EUR,direct_debit,settled
A000028,26/01/2026,ACC0578,The Old Print Works,29.03,GBP,card,settled
A000029,24/02/2026,ACC0085,Northline Freight,35.29,GBP,card,settled
A000030,04/02/2026,ACC0099,Dhillon & Sons,45.8,USD,card,reversed
A000031,21/02/2026,ACC0007,Ashvale Clinic,76.04,USD,direct_debit,failed
A000032,18/01/2026,ACC0007,Sandbrook Utilities,80.0,gbp,card,pending
A000033,23/02/2026,ACC0095,Ashvale Clinic,35.87,GBP,card,pending
A000034,25/03/2026,ACC0086,The Old Print Works,21.03,GBP,card,reversed
A000035,21/01/2026,ACC0104,Kite Digital,10.96,GBP,card,pending
A000036,12/02/2026,ACC0012,Harrow Sports Club,23.52,EUR,bank_transfer,settled
A000037,10/02/2026,ACC0073,"Wembley Tyres, Ltd",28.11,GBP,direct_debit,pending
A000038,22/02/2026,ACC0035,Dhillon & Sons,98.22,GBP,direct_debit,settled
A000039,15/03/2026,ACC0111,"Wembley Tyres, Ltd",55.55,GBP,card,settled
A000040,19/02/2026,ACC0595,Corner Cafe,38.81,gbp,card,pending
A000041,02/03/2026,ACC0010,The Old Print Works,308.62,GBP,direct_debit,pending
A000042,01/02/2026,ACC0020,Sandbrook Utilities,108.67,GBP,card,reversed
A000043,31/03/2026,ACC0059,Bolt & Screw Ltd,178.08,GBP,card,settled
A000044,17/01/2026,ACC0017,Petra Logistics,81.0,EUR,bank_transfer,reversed
A000045,25/02/2026,ACC0010,Northline Freight,83.27,GBP,bank_transfer,settled
A000046,19/02/2026,ACC0001,Corner Cafe,6.34,GBP,card,pending
A000047,05/02/2026,ACC0031,Sandbrook Utilities,217.08,gbp,card,pending
A000048,25/03/2026,ACC0054,Bolt & Screw Ltd,54.07,EUR,card,reversed
A000049,24/02/2026,ACC0005,Ashvale Clinic,154.1,EUR,direct_debit,settled
A000050,29/03/2026,ACC0009,"Wembley Tyres, Ltd",4.33,USD,card,settled
A000051,25/01/2026,ACC0098,Northline Freight,28.43,GBP,bank_transfer,pending
A000052,20/03/2026,ACC0054,Petra Logistics,25.54,GBP,bank_transfer,settled
A000053,20/02/2026,ACC0091,Corner Cafe,74.46,gbp,direct_debit,pending
A000054,10/02/2026,  ACC0024 ,Petra Logistics,183.87,GBP,direct_debit,settled
A000055,09/02/2026,ACC0048,Dhillon & Sons,89.96,USD,card,settled
A000056,01/01/2026,ACC0072,"Wembley Tyres, Ltd",14.71,USD,card,settled
A000057,25/02/2026,ACC0058,"Wembley Tyres, Ltd",15.6,EUR,card,reversed
A000058,02/03/2026,ACC0104,Petra Logistics,12.13,USD,card,pending
A000059,05/01/2026,ACC0008,Northline Freight,38.67,gbp,card,failed
A000060,13/02/2026,ACC0079,Corner Cafe,37.01,EUR,card,settled
A000061,08/02/2026,ACC0009,Corner Cafe,467.37,gbp,card,pending
A000062,01/03/2026,ACC0033,The Old Print Works,220.57,USD,card,pending
A000063,24/01/2026,ACC0020,"Marlow ""Fine"" Foods",16.35,gbp,card,settled
A000064,28/02/2026,ACC0011,Sandbrook Utilities,16.49,gbp,direct_debit,settled
A000065,01/02/2026,ACC0062,Sandbrook Utilities,33.22,GBP,card,settled
A000066,24/02/2026,ACC0013,The Old Print Works,33.64,USD,direct_debit,settled
A000067,30/01/2026,ACC0115,Petra Logistics,15.11,gbp,bank_transfer,reversed
A000068,16/01/2026,ACC0036,"Marlow ""Fine"" Foods",115.32,EUR,card,settled
A000069,03/02/2026,ACC0032,"Wembley Tyres, Ltd",25.68,gbp,card,failed
A000070,25/01/2026,ACC0032,Sandbrook Utilities,31.73,GBP,card,reversed
A000071,13/01/2026,ACC0105,"Wembley Tyres, Ltd",13.08,USD,card,settled
A000072,03/08/2026,ACC0025,Bolt & Screw Ltd,164.36,EUR,bank_transfer,settled
A000073,27/02/2026,ACC0086,Corner Cafe,129.57,GBP,bank_transfer,reversed
A000074,21/03/2026,ACC0044,Harrow Sports Club,40.66,GBP,card,settled
A000075,05/01/2026,ACC0027,Corner Cafe,93.56,EUR,direct_debit,reversed
A000076,17/02/2026,ACC0027,Corner Cafe,23.02,USD,bank_transfer,pending
A000077,09/01/2026,ACC0085,Sandbrook Utilities,23.36,gbp,bank_transfer,settled
A000078,25/03/2026,ACC0053,Northline Freight,6.8,GBP,card,pending
A000079,07/01/2026,ACC0046,The Old Print Works,24.12,USD,card,settled
A000080,24/03/2026,ACC0027,Corner Cafe,6.68,USD,card,pending
A000081,15/01/2026,ACC0114,Dhillon & Sons,151.13,USD,card,settled
A000082,02/01/2026,ACC0074,"Marlow ""Fine"" Foods",142.4,EUR,bank_transfer,settled
A000083,19/01/2026,ACC0022,Bolt & Screw Ltd,38.77,GBP,direct_debit,pending
A000084,26/01/2026,ACC0006,Kite Digital,5.47,EUR,card,failed
A000085,23/03/2026,ACC0080,Ashvale Clinic,6.0,gbp,card,failed
A000086,21/02/2026,ACC0061,Harrow Sports Club,71.47,GBP,card,settled
A000087,21/02/2026,ACC0093,"Wembley Tyres, Ltd",39.95,GBP,bank_transfer,reversed
A000088,05/01/2026,ACC0050,"Marlow ""Fine"" Foods",87.25,USD,bank_transfer,reversed
A000089,09/02/2026,ACC0032,The Old Print Works,81.98,USD,card,pending
A000090,06/03/2026,ACC0080,Kite Digital,48.47,USD,card,pending
A000091,21/03/2026,ACC0023,Kite Digital,144.79,USD,card,settled
A000092,08/02/2026,ACC0103,Kite Digital,35.86,GBP,bank_transfer,reversed
A000093,06/01/2026,ACC0093,Sandbrook Utilities,174.29,GBP,card,failed
A000094,18/02/2026,ACC0004,Bolt & Screw Ltd,207.67,GBP,card,settled
A000095,17/01/2026,ACC0104,Harrow Sports Club,326.7,GBP,card,settled
A000096,14/02/2026,ACC0042,"Marlow ""Fine"" Foods",72.15,EUR,direct_debit,settled
A000097,02/02/2026,ACC0027,"Marlow ""Fine"" Foods",57.53,EUR,bank_transfer,failed
A000098,31/01/2026,ACC0024,The Old Print Works,38.3,gbp,card,reversed
A000099,11/02/2026,ACC0101,Northline Freight,133.97,GBP,bank_transfer,settled
A000100,23/03/2026,ACC0089,Bolt & Screw Ltd,45.37,EUR,bank_transfer,reversed
A000101,20/02/2026,ACC0049,Dhillon & Sons,111.53,GBP,card,settled
A000102,12/02/2026,ACC0023,"Marlow ""Fine"" Foods",133.68,GBP,card,settled
A000103,08/03/2026,ACC0112,"Marlow ""Fine"" Foods",15.05,GBP,card,reversed
A000104,01/01/2026,ACC0038,"Marlow ""Fine"" Foods",99.4,GBP,direct_debit,pending
A000105,04/03/2026,ACC0063,"Wembley Tyres, Ltd",41.71,GBP,card,settled
A000106,07/01/2026,ACC0014,Sandbrook Utilities,12.74,EUR,bank_transfer,settled
A000107,22/02/2026,ACC0027,Dhillon & Sons,80.15,GBP,direct_debit,settled
A000108,18/01/2026,ACC0009,Petra Logistics,111.38,gbp,card,pending
A000109,03/02/2026,ACC0078,Sandbrook Utilities,83.43,GBP,direct_debit,settled
A000110,22/01/2026,ACC0031,Harrow Sports Club,60.35,GBP,card,settled
A000111,20/03/2026,ACC0019,The Old Print Works,277.7,gbp,bank_transfer,failed
A000112,24/03/2026,ACC0105,"Marlow ""Fine"" Foods",56.63,gbp,bank_transfer,settled
A000113,09/01/2026,ACC0114,Ashvale Clinic,36.74,USD,bank_transfer,settled
A000114,18/02/2026,ACC0060,Bolt & Screw Ltd,699.79,GBP,direct_debit,settled
A000115,29/01/2026,ACC0115,Ashvale Clinic,74.44,GBP,card,reversed
A000116,07/01/2026,ACC0056,Petra Logistics,20.29,GBP,card,settled
A000117,24/03/2026,ACC0022,Northline Freight,11.15,gbp,card,settled
A000118,11/02/2026,ACC0077,"Wembley Tyres, Ltd",21.09,USD,bank_transfer,pending
A000119,02/03/2026,ACC0110,Corner Cafe,454.88,USD,card,failed
A000120,09/02/2026,ACC0075,Bolt & Screw Ltd,133.88,GBP,card,settled
A000121,05/01/2026,ACC0019,Ashvale Clinic,187.83,GBP,card,settled
A000122,18/01/2026,ACC0090,Bolt & Screw Ltd,147.35,GBP,card,settled
A000123,17/03/2026,ACC0105,Sandbrook Utilities,101.18,GBP,card,reversed
A000124,19/02/2026,ACC0015,Corner Cafe,21.47,GBP,card,reversed
A000125,22/03/2026,ACC0013,Petra Logistics,34.96,gbp,card,settled
A000126,13/02/2026,ACC0033,Northline Freight,47.14,GBP,card,settled
A000127,19/03/2026,ACC0080,Ashvale Clinic,57.25,GBP,direct_debit,settled
A000128,25/02/2026,ACC0061,Ashvale Clinic,56.77,GBP,bank_transfer,failed
A000129,28/01/2026,ACC0074,Northline Freight,572.4,gbp,direct_debit,settled
A000130,09/03/2026,ACC0007,Corner Cafe,5.13,EUR,direct_debit,settled
A000131,04/03/2026,ACC0064,"Marlow ""Fine"" Foods",449.93,EUR,bank_transfer,settled
A000132,15/03/2026,ACC0028,Ashvale Clinic,175.81,gbp,direct_debit,settled
A000133,15/01/2026,ACC0072,Bolt & Screw Ltd,6.94,GBP,card,settled
A000134,13/01/2026,ACC0114,Ashvale Clinic,40.14,GBP,direct_debit,reversed
A000135,04/01/2026,ACC0055,Sandbrook Utilities,38.6,GBP,card,pending
A000136,22/03/2026,ACC0069,"Marlow ""Fine"" Foods",21.49,GBP,bank_transfer,reversed
A000137,05/01/2026,ACC0020,Kite Digital,35.71,GBP,bank_transfer,reversed
A000138,11/02/2026,ACC0099,Northline Freight,17.97,GBP,card,settled
A000139,12/02/2026,ACC0031,Sandbrook Utilities,29.26,gbp,card,settled
A000140,21/03/2026,ACC0032,Ashvale Clinic,25.22,EUR,bank_transfer,failed
A000141,14/02/2026,ACC0025,Northline Freight,21.07,GBP,card,settled
A000142,26/03/2026,ACC0019,Northline Freight,16.11,GBP,card,pending
A000143,05/02/2026,ACC0014,Northline Freight,11.2,gbp,direct_debit,pending
A000144,05/01/2026,ACC0081,Northline Freight,46.8,USD,card,settled
A000145,02/02/2026,ACC0095,"Wembley Tyres, Ltd",75.85,USD,bank_transfer,failed
A000146,24/03/2026,ACC0093,Petra Logistics,45.02,GBP,bank_transfer,settled
A000147,28/03/2026,ACC0056,Dhillon & Sons,27.49,EUR,card,pending
A000148,01/02/2026,ACC0081,Harrow Sports Club,349.91,EUR,direct_debit,pending
A000149,28/02/2026,ACC0112,Harrow Sports Club,60.44,GBP,card,settled
A000150,10/04/2026,ACC0028,Harrow Sports Club,20.25,GBP,card,failed
A000151,14/02/2026,ACC0070,"Wembley Tyres, Ltd",9.31,GBP,direct_debit,failed
A000152,03/01/2026,ACC0067,Dhillon & Sons,253.84,USD,direct_debit,settled
A000153,29/03/2026,ACC0120,Bolt & Screw Ltd,16.0,GBP,bank_transfer,settled
A000154,23/03/2026,ACC0052,Corner Cafe,17.24,GBP,card,pending
A000155,23/02/2026,ACC0075,Northline Freight,115.15,GBP,card,settled
A000156,21/02/2026,ACC0029,The Old Print Works,315.9,USD,card,settled
A000500,17/01/2026,ACC0083,Sandbrook Utilities,109.72,GBP,card,settled
A000158,15/02/2026,ACC0102,The Old Print Works,347.48,USD,card,failed
A000159,25/03/2026,ACC0035,Ashvale Clinic,8.71,USD,card,pending
A000160,28/03/2026,ACC0032,Petra Logistics,97.74,EUR,card,pending
A000161,04/03/2026,ACC0085,Dhillon & Sons,37.64,gbp,card,pending
A000162,08/01/2026,ACC0042,Harrow Sports Club,9.05,GBP,card,reversed
A000163,16/03/2026,ACC0019,"Wembley Tyres, Ltd",32.3,gbp,direct_debit,settled
A000164,20/01/2026,ACC0069,Harrow Sports Club,21.75,GBP,bank_transfer,settled
A000165,27/03/2026,ACC0082,Northline Freight,292.57,gbp,direct_debit,reversed
A000166,28/01/2026,ACC0057,Petra Logistics,68.39,GBP,bank_transfer,settled
A000167,03/05/2026,ACC0061,Kite Digital,22.57,GBP,card,pending
A000168,01/03/2026,ACC0077,Ashvale Clinic,30.8,GBP,card,settled
A000169,01/03/2026,ACC0038,Kite Digital,113.95,EUR,direct_debit,pending
A000170,28/03/2026,ACC0082,Petra Logistics,6.0,GBP,card,failed
A000171,06/01/2026,ACC0115,Harrow Sports Club,56.76,GBP,card,reversed
A000172,23/02/2026,ACC0111,Petra Logistics,78.06,EUR,card,pending
A000173,09/03/2026,ACC0037,The Old Print Works,175.05,EUR,direct_debit,settled
A000174,12/03/2026,ACC0046,Kite Digital,16.65,USD,card,failed
A000175,07/05/2026,ACC0027,Petra Logistics,159.85,USD,card,settled
A000176,25/01/2026,ACC0532,Petra Logistics,33.36,GBP,card,pending
A000177,12/03/2026,ACC0007,The Old Print Works,270.61,EUR,card,settled
A000178,06/01/2026,ACC0101,Sandbrook Utilities,99.46,GBP,bank_transfer,pending
A000179,20/03/2026,ACC0089,"Marlow ""Fine"" Foods",7.09,GBP,card,settled
A000180,10/06/2026,ACC0098,Harrow Sports Club,97.64,GBP,card,settled
A000181,23/02/2026,ACC0106,Harrow Sports Club,86.97,EUR,bank_transfer,reversed
A000182,03/02/2026,ACC0005,Dhillon & Sons,126.34,GBP,direct_debit,failed
A000183,24/03/2026,ACC0064,"Marlow ""Fine"" Foods",303.18,GBP,card,settled
A000184,23/02/2026,ACC0058,Bolt & Screw Ltd,313.19,GBP,direct_debit,failed
A000185,17/03/2026,ACC0061,"Wembley Tyres, Ltd",60.37,gbp,card,pending
A000186,01/01/2026,ACC0061,Corner Cafe,29.81,EUR,bank_transfer,settled
A000187,27/02/2026,ACC0007,Dhillon & Sons,93.92,GBP,card,reversed
A000188,11/01/2026,ACC0064,Kite Digital,22.6,GBP,card,settled
A000189,04/09/2026,ACC0011,The Old Print Works,259.02,EUR,card,reversed
A000190,18/03/2026,ACC0048,"Marlow ""Fine"" Foods",53.12,GBP,direct_debit,pending
A000191,28/03/2026,ACC0058,Northline Freight,44.88,GBP,card,settled
A000192,05/02/2026,ACC0043,"Marlow ""Fine"" Foods",503.95,GBP,card,settled
A000193,18/03/2026,ACC0114,"Wembley Tyres, Ltd",247.47,USD,direct_debit,reversed
A000194,18/02/2026,ACC0104,Kite Digital,346.85,EUR,card,settled
A000195,03/02/2026,ACC0118,Corner Cafe,32.48,EUR,card,failed
A000196,19/01/2026,ACC0104,Sandbrook Utilities,3.1,GBP,direct_debit,settled
A000197,10/03/2026,ACC0103,The Old Print Works,9.45,gbp,card,settled
A000198,19/03/2026,ACC0091,"Wembley Tyres, Ltd",13.72,EUR,bank_transfer,settled
A000199,19/02/2026,ACC0104,Dhillon & Sons,50.23,GBP,card,pending
A000200,16/03/2026,ACC0107,Sandbrook Utilities,57.61,EUR,direct_debit,failed
A000201,17/03/2026,ACC0012,Harrow Sports Club,26.72,GBP,card,settled
A000202,15/03/2026,ACC0067,Harrow Sports Club,66.92,gbp,card,pending
A000203,17/02/2026,ACC0060,Bolt & Screw Ltd,164.08,gbp,card,failed
A000204,04/01/2026,ACC0003,Bolt & Screw Ltd,29.7,GBP,card,failed
A000205,04/03/2026,ACC0119,Northline Freight,67.23,USD,card,pending
A000206,17/03/2026,ACC0011,Corner Cafe,27.42,GBP,card,failed
A000207,17/02/2026,ACC0109,Bolt & Screw Ltd,198.59,GBP,direct_debit,settled
A000208,12/01/2026,ACC0083,Bolt & Screw Ltd,19.07,GBP,bank_transfer,pending
A000209,24/01/2026,ACC0031,Ashvale Clinic,48.62,gbp,card,settled
A000210,02/02/2026,ACC0118,Corner Cafe,60.49,EUR,bank_transfer,reversed
A000211,24/03/2026,ACC0590,Harrow Sports Club,142.0,EUR,card,settled
A000212,28/03/2026,ACC0057,Petra Logistics,171.04,GBP,direct_debit,settled
A000213,08/06/2026,ACC0062,The Old Print Works,32.35,gbp,direct_debit,settled
A000214,19/01/2026,ACC0103,Corner Cafe,27.3,gbp,card,settled
A000215,21/03/2026,ACC0013,The Old Print Works,15.96,GBP,card,pending
A000216,13/02/2026,ACC0015,Petra Logistics,35.27,EUR,card,settled
A000217,29/01/2026,ACC0058,Sandbrook Utilities,94.01,gbp,direct_debit,settled
A000218,04/02/2026,ACC0004,Northline Freight,44.49,GBP,card,settled
A000219,22/01/2026,ACC0059,Kite Digital,32.88,GBP,card,failed
A000220,08/01/2026,ACC0119,"Wembley Tyres, Ltd",174.85,GBP,direct_debit,settled
A000221,16/01/2026,ACC0047,The Old Print Works,30.8,EUR,card,settled
A000222,13/01/2026,ACC0021,Corner Cafe,38.29,GBP,card,settled
A000223,23/03/2026,ACC0001,Sandbrook Utilities,38.51,EUR,card,settled
A000224,25/02/2026,ACC0036,"Marlow ""Fine"" Foods",12.59,gbp,card,settled
A000225,08/03/2026,ACC0026,"Marlow ""Fine"" Foods",320.45,GBP,card,failed
A000226,05/03/2026,ACC0018,"Marlow ""Fine"" Foods",99.27,GBP,card,failed
A000227,09/02/2026,ACC0093,Corner Cafe,114.66,GBP,card,settled
A000228,06/02/2026,ACC0117,Kite Digital,53.87,gbp,card,settled
A000229,24/01/2026,ACC0046,Sandbrook Utilities,147.84,USD,bank_transfer,settled
A000230,16/01/2026,ACC0107,Dhillon & Sons,38.17,GBP,direct_debit,failed
A000231,08/01/2026,ACC0094,Kite Digital,35.13,USD,bank_transfer,settled
A000232,09/03/2026,ACC0032,Bolt & Screw Ltd,106.04,gbp,bank_transfer,settled
A000233,22/01/2026,ACC0105,Corner Cafe,20.08,GBP,card,reversed
A000234,09/09/2026,ACC0082,"Marlow ""Fine"" Foods",3.43,USD,bank_transfer,settled
A000235,31/03/2026,ACC0013,Ashvale Clinic,46.43,gbp,card,settled
A000236,06/12/2026,ACC0098,Northline Freight,46.52,GBP,card,settled
A000237,21/02/2026,ACC0030,"Wembley Tyres, Ltd",,gbp,bank_transfer,pending
A000238,20/02/2026,ACC0054,"Marlow ""Fine"" Foods",210.8,GBP,bank_transfer,settled
A000239,04/05/2026,ACC0108,Dhillon & Sons,35.5,GBP,direct_debit,failed
A000240,11/02/2026,ACC0088,Dhillon & Sons,9.53,gbp,direct_debit,reversed
A000241,22/03/2026,ACC0026,Sandbrook Utilities,22.81,GBP,card,settled
A000242,18/01/2026,ACC0120,Kite Digital,42.6,GBP,card,settled
A000243,05/01/2026,ACC0118,Petra Logistics,336.98,GBP,card,reversed
A000244,11/03/2026,ACC0008,"Marlow ""Fine"" Foods",38.65,GBP,card,settled
A000245,01/03/2026,ACC0057,Bolt & Screw Ltd,666.32,GBP,card,settled
A000246,22/02/2026,ACC0095,Bolt & Screw Ltd,66.76,GBP,bank_transfer,settled
A000247,28/02/2026,ACC0084,The Old Print Works,88.48,gbp,bank_transfer,reversed
A000248,16/02/2026,ACC0079,Kite Digital,46.37,USD,card,settled
A000249,01/02/2026,ACC0070,The Old Print Works,37.08,GBP,direct_debit,settled
A000250,15/02/2026,ACC0035,Northline Freight,33.36,gbp,card,settled
A000251,03/01/2026,ACC0008,Sandbrook Utilities,190.77,USD,direct_debit,settled
A000252,14/01/2026,ACC0087,Ashvale Clinic,2193.93,gbp,direct_debit,settled
A000253,10/04/2026,ACC0079,"Marlow ""Fine"" Foods",23.16,EUR,bank_transfer,settled
A000254,02/03/2026,ACC0081,Ashvale Clinic,16.74,gbp,direct_debit,settled
A000255,01/01/2026,ACC0016,Kite Digital,37.5,USD,bank_transfer,settled
A000256,23/02/2026,ACC0080,"Marlow ""Fine"" Foods",136.5,GBP,direct_debit,pending
A000257,30/03/2026,ACC0038,Dhillon & Sons,40.98,USD,bank_transfer,failed
A000258,18/03/2026,ACC0101,Ashvale Clinic,39.59,USD,direct_debit,pending
A000259,08/02/2026,ACC0019,The Old Print Works,23.19,GBP,direct_debit,failed
A000260,30/01/2026,ACC0108,"Wembley Tyres, Ltd",6.54,EUR,card,pending
A000261,02/01/2026,ACC0069,Northline Freight,158.69,GBP,bank_transfer,pending
A000262,08/03/2026,ACC0056,The Old Print Works,519.13,USD,card,settled
A000263,18/03/2026,ACC0002,Petra Logistics,100.29,GBP,bank_transfer,settled
A000264,13/01/2026,ACC0084,Sandbrook Utilities,38.78,GBP,card,settled
A000265,23/02/2026,ACC0080,"Marlow ""Fine"" Foods",52.21,EUR,bank_transfer,reversed
A000266,12/01/2026,ACC0010,Northline Freight,21.95,GBP,card,settled
A000267,25/03/2026,ACC0021,Sandbrook Utilities,193.41,EUR,bank_transfer,settled
A000268,06/03/2026,ACC0008,Petra Logistics,192.92,GBP,bank_transfer,settled
A000269,15/02/2026,ACC0093,Corner Cafe,78.07,GBP,direct_debit,settled
A000270,01/01/2026,ACC0001,Northline Freight,16.79,USD,card,failed
A000271,02/01/2026,ACC0064,Sandbrook Utilities,81.04,GBP,card,reversed
A000272,10/03/2026,ACC0026,The Old Print Works,56.35,GBP,card,settled
A000273,12/02/2026,ACC0004,Bolt & Screw Ltd,58.61,GBP,card,failed
A000274,06/01/2026,ACC0104,Corner Cafe,263.94,GBP,card,reversed
A000275,03/10/2026,ACC0046,Northline Freight,16.86,gbp,card,settled
A000276,22/03/2026,ACC0058,"Marlow ""Fine"" Foods",69.3,USD,card,settled
A000277,29/01/2026,ACC0006,Kite Digital,319.23,GBP,bank_transfer,settled
A000278,01/02/2026,ACC0076,Harrow Sports Club,29.31,EUR,card,pending
A000279,08/02/2026,ACC0114,Kite Digital,44.44,GBP,card,reversed
A000280,19/02/2026,ACC0053,Northline Freight,120.9,USD,direct_debit,settled
A000281,01/02/2026,ACC0049,Harrow Sports Club,21.37,GBP,card,pending
A000282,13/03/2026,ACC0112,The Old Print Works,-37.0,EUR,direct_debit,reversed
A000283,09/01/2026,ACC0117,Dhillon & Sons,246.3,GBP,card,pending
A000284,25/01/2026,ACC0056,Corner Cafe,49.65,EUR,card,settled
A000285,20/01/2026,ACC0026,Northline Freight,31.19,GBP,card,failed
A000286,09/01/2026,ACC0031,Harrow Sports Club,40.32,EUR,card,settled
A000287,21/02/2026,ACC0058,Petra Logistics,55.25,gbp,card,failed
A000288,26/02/2026,ACC0032,The Old Print Works,70.91,GBP,bank_transfer,settled
A000289,17/01/2026,ACC0035,Ashvale Clinic,57.61,USD,card,reversed
A000290,14/03/2026,ACC0100,"Wembley Tyres, Ltd",200.78,EUR,card,reversed
A000291,14/01/2026,ACC0025,Bolt & Screw Ltd,592.42,GBP,card,settled
A000292,29/01/2026,ACC0052,Northline Freight,6.18,EUR,direct_debit,pending
A000293,22/03/2026,ACC0004,Dhillon & Sons,20.92,GBP,card,pending
A000294,04/01/2026,ACC0032,The Old Print Works,148.12,EUR,card,settled
A000295,07/02/2026,ACC0006,The Old Print Works,253.85,GBP,bank_transfer,settled
A000296,25/02/2026,ACC0049,Ashvale Clinic,24.11,GBP,bank_transfer,settled
A000297,22/03/2026,ACC0108,"Wembley Tyres, Ltd",75.05,GBP,direct_debit,reversed
A000298,08/03/2026,ACC0088,"Marlow ""Fine"" Foods",24.07,EUR,card,settled
A000299,25/03/2026,ACC0110,"Marlow ""Fine"" Foods",35.83,GBP,card,settled
A000300,29/03/2026,ACC0089,Ashvale Clinic,91.4,USD,bank_transfer,settled
A000301,05/02/2026,ACC0055,Kite Digital,59.1,EUR,bank_transfer,reversed
A000302,30/03/2026,ACC0058,Sandbrook Utilities,291.32,GBP,card,pending
A000303,28/03/2026,ACC0017,Kite Digital,74.59,gbp,card,reversed
A000304,13/03/2026,ACC0100,Petra Logistics,20.22,gbp,bank_transfer,settled
A000305,01/02/2026,ACC0082,Northline Freight,39.74,gbp,card,reversed
A000306,04/03/2026,ACC0031,Corner Cafe,83.24,GBP,direct_debit,settled
A000307,24/03/2026,ACC0114,Ashvale Clinic,36.6,gbp,bank_transfer,failed
A000308,31/01/2026,ACC0071,The Old Print Works,9.96,gbp,card,failed
A000309,01/03/2026,ACC0027,Bolt & Screw Ltd,160.56,GBP,card,settled
A000310,16/02/2026,ACC0115,Northline Freight,53.17,EUR,card,settled
A000311,31/03/2026,ACC0073,Dhillon & Sons,17.26,EUR,card,failed
A000312,10/01/2026,ACC0097,Kite Digital,10.88,GBP,card,reversed
A000313,14/03/2026,ACC0056,Kite Digital,15.6,gbp,bank_transfer,settled
A000314,02/01/2026,ACC0037,Petra Logistics,40.77,GBP,card,reversed
A000315,01/02/2026,ACC0019,Northline Freight,12.41,EUR,card,reversed
A000316,09/03/2026,ACC0042,The Old Print Works,613.77,gbp,card,settled
A000317,30/01/2026,ACC0048,Northline Freight,31.41,gbp,card,settled
A000318,14/01/2026,ACC0105,Ashvale Clinic,76.66,USD,card,settled
A000319,05/03/2026,ACC0039,"Marlow ""Fine"" Foods",31.82,GBP,card,settled
A000320,30/03/2026,ACC0082,The Old Print Works,30.06,GBP,card,pending
A000321,03/03/2026,ACC0001,Corner Cafe,6.65,GBP,bank_transfer,pending
A000322,19/01/2026,ACC0066,Ashvale Clinic,16.3,USD,card,settled
A000323,26/02/2026,ACC0049,Northline Freight,5.93,GBP,direct_debit,failed
A000324,28/03/2026,ACC0011,Sandbrook Utilities,38.23,EUR,bank_transfer,pending
A000325,24/02/2026,ACC0039,"Marlow ""Fine"" Foods",127.98,GBP,direct_debit,settled
A000326,03/03/2026,ACC0111,Dhillon & Sons,76.87,GBP,card,settled
A000327,29/01/2026,ACC0011,Harrow Sports Club,100.5,GBP,bank_transfer,settled
A000328,13/03/2026,ACC0068,"Wembley Tyres, Ltd",70.89,GBP,direct_debit,pending
A000329,03/02/2026,ACC0114,"Wembley Tyres, Ltd",22.46,GBP,card,settled
A000330,02/02/2026,ACC0086,Northline Freight,77.3,GBP,direct_debit,settled
A000331,12/03/2026,ACC0090,Bolt & Screw Ltd,45.96,GBP,bank_transfer,failed
A000332,14/03/2026,ACC0010,Kite Digital,14.32,gbp,bank_transfer,failed
A000333,06/03/2026,ACC0015,Petra Logistics,288.85,GBP,bank_transfer,settled
A000334,28/02/2026,ACC0022,"Wembley Tyres, Ltd",152.14,GBP,direct_debit,settled
A000335,18/01/2026,ACC0052,"Wembley Tyres, Ltd",29.17,GBP,card,settled
A000336,02/01/2026,ACC0018,The Old Print Works,50.08,GBP,bank_transfer,settled
A000337,14/03/2026,ACC0108,Dhillon & Sons,35.4,GBP,card,settled
A000338,16/01/2026,ACC0068,Dhillon & Sons,19.87,GBP,direct_debit,settled
A000339,19/03/2026,ACC0042,"Marlow ""Fine"" Foods",35.54,GBP,card,reversed
A000340,01/02/2026,ACC0058,Corner Cafe,30.76,GBP,direct_debit,settled
A000341,03/01/2026,ACC0034,Harrow Sports Club,53.28,gbp,bank_transfer,settled
A000342,04/01/2026,ACC0076,Northline Freight,385.13,GBP,card,pending
A000343,02/01/2026,ACC0005,Corner Cafe,52.1,GBP,card,failed
A000344,24/03/2026,ACC0061,Harrow Sports Club,95.36,GBP,direct_debit,pending
A000345,30/01/2026,ACC0010,Dhillon & Sons,333.23,EUR,bank_transfer,settled
A000346,09/02/2026,ACC0006,"Wembley Tyres, Ltd",333.6,gbp,card,reversed
A000347,01/03/2026,ACC0120,Dhillon & Sons,30.01,EUR,card,settled
A000348,16/03/2026,ACC0032,Kite Digital,52.44,GBP,card,reversed
A000349,19/01/2026,ACC0050,Northline Freight,90.03,GBP,bank_transfer,settled
A000350,15/02/2026,ACC0018,Ashvale Clinic,71.94,GBP,bank_transfer,settled
A000351,26/01/2026,ACC0082,Bolt & Screw Ltd,223.81,EUR,card,settled
A000352,19/01/2026,ACC0098,Dhillon & Sons,89.27,GBP,card,failed
A000353,23/03/2026,ACC0091,Dhillon & Sons,100.64,GBP,card,pending
A000354,06/03/2026,ACC0031,Dhillon & Sons,39.21,gbp,card,settled
A000355,01/01/2026,ACC0052,Kite Digital,509.06,USD,bank_transfer,settled
A000356,22/01/2026,ACC0093,Northline Freight,66.11,EUR,bank_transfer,failed
A000357,09/03/2026,ACC0118,"Wembley Tyres, Ltd",190.87,GBP,card,failed
A000358,23/01/2026,ACC0060,Dhillon & Sons,30.83,GBP,direct_debit,reversed
A000359,09/01/2026,ACC0023,Northline Freight,139.57,EUR,bank_transfer,settled
A000360,22/01/2026,ACC0003,"Wembley Tyres, Ltd",74.64,GBP,direct_debit,pending
A000361,26/01/2026,ACC0065,Petra Logistics,153.45,GBP,card,settled
A000362,08/01/2026,ACC0018,Corner Cafe,160.06,gbp,card,failed
A000363,24/03/2026,ACC0119,Corner Cafe,390.5,gbp,card,settled
A000364,04/11/2026,ACC0087,Dhillon & Sons,87.58,gbp,card,pending
A000365,06/01/2026,ACC0100,Kite Digital,7.3,GBP,direct_debit,settled
A000366,01/03/2026,ACC0041,Corner Cafe,20.11,USD,bank_transfer,reversed
A000367,12/02/2026,ACC0108,Bolt & Screw Ltd,17.1,EUR,card,pending
A000368,14/02/2026,ACC0072,Harrow Sports Club,65.19,GBP,bank_transfer,failed
A000369,12/02/2026,ACC0105,Ashvale Clinic,14.35,USD,card,reversed
A000370,09/02/2026,ACC0091,Kite Digital,103.05,GBP,card,settled
A000371,08/03/2026,ACC0033,Corner Cafe,58.97,GBP,direct_debit,settled
A000372,25/03/2026,ACC0052,Bolt & Screw Ltd,9.24,GBP,bank_transfer,settled
A000373,16/01/2026,ACC0072,Harrow Sports Club,10.32,EUR,bank_transfer,settled
A000374,20/01/2026,ACC0091,"Wembley Tyres, Ltd",59.31,USD,direct_debit,settled
A000375,23/03/2026,ACC0102,Corner Cafe,41.86,GBP,card,settled
A000376,24/03/2026,ACC0049,The Old Print Works,37.9,USD,card,settled
A000377,02/02/2026,ACC0540,The Old Print Works,25.67,GBP,card,settled
A000378,05/03/2026,ACC0021,Kite Digital,15.76,EUR,card,settled
A000379,06/02/2026,ACC0041,Petra Logistics,139.2,GBP,bank_transfer,pending
A000380,28/01/2026,ACC0027,Ashvale Clinic,195.63,EUR,card,pending
A000381,24/01/2026,ACC0120,Northline Freight,47.32,GBP,card,settled
A000382,20/01/2026,ACC0022,Kite Digital,89.44,GBP,direct_debit,settled
A000383,23/02/2026,ACC0089,Corner Cafe,4.91,GBP,card,failed
A000384,07/07/2026,ACC0014,Ashvale Clinic,22.44,GBP,card,settled
A000385,09/01/2026,ACC0055,Corner Cafe,53.11,gbp,card,reversed
A000386,12/03/2026,ACC0065,Bolt & Screw Ltd,4.32,GBP,card,pending
A000387,10/01/2026,ACC0114,"Wembley Tyres, Ltd",38.02,GBP,card,settled
A000388,23/01/2026,ACC0042,Ashvale Clinic,174.83,GBP,direct_debit,failed
A000389,06/02/2026,ACC0112,Ashvale Clinic,73.51,GBP,card,pending
A000390,24/02/2026,ACC0020,The Old Print Works,30.25,USD,direct_debit,settled
A000391,23/03/2026,ACC0079,Ashvale Clinic,160.66,USD,card,settled
A000392,03/08/2026,ACC0071,Petra Logistics,21.4,EUR,direct_debit,failed
A000393,01/01/2026,ACC0061,Sandbrook Utilities,47.37,EUR,bank_transfer,failed
A000394,18/02/2026,ACC0096,The Old Print Works,14.12,EUR,card,pending
A000395,09/03/2026,ACC0106,Dhillon & Sons,14.95,GBP,bank_transfer,reversed
A000396,01/05/2026,ACC0110,Ashvale Clinic,3.25,EUR,bank_transfer,failed
A000397,03/03/2026,ACC0022,Dhillon & Sons,39.55,gbp,card,settled
A000398,26/03/2026,ACC0106,Petra Logistics,44.33,GBP,card,pending
A000399,16/02/2026,ACC0033,The Old Print Works,23.55,GBP,card,settled
A000400,26/03/2026,ACC0058,Petra Logistics,180.45,GBP,card,pending
A000401,07/02/2026,ACC0103,Harrow Sports Club,45.45,GBP,card,settled
A000402,29/03/2026,ACC0085,"Wembley Tyres, Ltd",13.96,GBP,card,failed
A000403,13/02/2026,ACC0072,"Wembley Tyres, Ltd",116.94,GBP,bank_transfer,settled
A000404,08/01/2026,ACC0070,Northline Freight,69.86,EUR,card,settled
A000405,03/02/2026,ACC0026,Harrow Sports Club,337.2,USD,card,failed
A000406,17/02/2026,ACC0097,Northline Freight,42.75,USD,direct_debit,reversed
A000407,19/03/2026,ACC0050,"Marlow ""Fine"" Foods",135.05,gbp,bank_transfer,settled
A000408,16/03/2026,ACC0043,Bolt & Screw Ltd,26.57,GBP,direct_debit,pending
A000409,20/02/2026,ACC0116,Petra Logistics,60.15,GBP,card,failed
A000410,14/03/2026,ACC0108,The Old Print Works,47.87,USD,direct_debit,settled
A000411,09/01/2026,ACC0066,Corner Cafe,43.68,GBP,card,reversed
A000412,26/01/2026,ACC0088,Northline Freight,45.0,GBP,card,pending
A000413,01/04/2026,ACC0010,"Marlow ""Fine"" Foods",21.66,GBP,card,pending
A000414,12/01/2026,ACC0059,Corner Cafe,126.17,GBP,card,reversed
A000415,12/02/2026,ACC0089,Ashvale Clinic,52.75,USD,bank_transfer,settled
A000416,22/02/2026,ACC0067,Corner Cafe,19.99,gbp,bank_transfer,settled
A000417,08/03/2026,ACC0033,Petra Logistics,28.42,EUR,bank_transfer,pending
A000418,07/03/2026,ACC0040,Northline Freight,535.22,gbp,direct_debit,pending
A000419,11/03/2026,ACC0007,"Wembley Tyres, Ltd",30.74,GBP,card,pending
A000420,26/03/2026,ACC0047,Dhillon & Sons,51.94,gbp,direct_debit,reversed
A000421,13/03/2026,ACC0002,Sandbrook Utilities,171.12,GBP,direct_debit,failed
A000422,11/02/2026,ACC0027,"Marlow ""Fine"" Foods",47.29,GBP,direct_debit,pending
A000423,26/02/2026,ACC0024,The Old Print Works,27.08,GBP,card,settled
A000424,18/01/2026,ACC0119,Ashvale Clinic,68.14,GBP,card,pending
A000425,29/01/2026,ACC0038,"Wembley Tyres, Ltd",149.8,GBP,card,settled
A000426,27/01/2026,ACC0026,Bolt & Screw Ltd,57.82,GBP,direct_debit,settled
A000427,26/03/2026,ACC0057,Petra Logistics,465.24,USD,card,settled
A000428,31/03/2026,ACC0058,Northline Freight,23.96,gbp,bank_transfer,settled
A000429,13/03/2026,ACC0034,Dhillon & Sons,99.44,GBP,card,settled
A000430,27/03/2026,ACC0005,Dhillon & Sons,241.99,USD,card,reversed
A000431,07/02/2026,ACC0012,"Wembley Tyres, Ltd",17.3,USD,card,reversed
A000432,24/01/2026,ACC0015,Corner Cafe,36.15,EUR,card,reversed
A000433,27/01/2026,ACC0045,Corner Cafe,58.56,USD,card,settled
A000434,04/03/2026,ACC0075,Sandbrook Utilities,30.1,GBP,card,settled
A000435,02/03/2026,ACC0119,Northline Freight,126.9,GBP,bank_transfer,failed
A000436,13/01/2026,ACC0020,Petra Logistics,,EUR,card,settled
A000437,12/02/2026,ACC0043,Ashvale Clinic,31.67,EUR,card,settled
A000438,08/02/2026,ACC0059,Bolt & Screw Ltd,450.48,GBP,bank_transfer,settled
A000439,21/01/2026,ACC0005,Corner Cafe,76.32,GBP,bank_transfer,settled
A000440,22/02/2026,ACC0074,Dhillon & Sons,75.13,GBP,card,reversed
A000441,26/03/2026,ACC0085,Bolt & Screw Ltd,108.86,EUR,card,reversed
A000442,03/03/2026,ACC0014,"Wembley Tyres, Ltd",33.04,GBP,card,pending
A000443,04/02/2026,ACC0060,"Wembley Tyres, Ltd",58.97,gbp,bank_transfer,failed
A000444,06/01/2026,ACC0026,Northline Freight,55.71,USD,bank_transfer,settled
A000445,17/01/2026,ACC0013,Corner Cafe,59.52,GBP,card,pending
A000446,31/03/2026,ACC0030,Bolt & Screw Ltd,83.7,gbp,card,settled
A000447,04/01/2026,ACC0015,Northline Freight,37.28,GBP,card,settled
A000448,26/03/2026,ACC0077,Sandbrook Utilities,66.25,GBP,card,settled
A000449,10/01/2026,ACC0044,Bolt & Screw Ltd,384.95,USD,bank_transfer,settled
A000450,02/01/2026,ACC0066,Petra Logistics,103.47,gbp,card,settled
A000451,04/03/2026,ACC0009,Corner Cafe,182.13,USD,card,pending
A000452,09/03/2026,ACC0026,Petra Logistics,201.35,GBP,card,pending
A000453,12/01/2026,ACC0513,Petra Logistics,120.82,GBP,direct_debit,settled
A000454,03/02/2026,ACC0106,Petra Logistics,73.85,GBP,card,reversed
A000455,17/03/2026,ACC0015,Bolt & Screw Ltd,164.93,EUR,card,settled
A000456,26/01/2026,ACC0113,Kite Digital,79.61,GBP,card,pending
A000457,26/03/2026,ACC0088,Dhillon & Sons,731.94,USD,direct_debit,settled
A000458,30/01/2026,ACC0044,Petra Logistics,316.47,GBP,direct_debit,settled
A000459,01/01/2026,ACC0015,Kite Digital,21.11,USD,direct_debit,failed
A000460,08/02/2026,ACC0028,Bolt & Screw Ltd,48.39,EUR,direct_debit,pending
A000461,21/03/2026,ACC0035,Harrow Sports Club,14.47,GBP,direct_debit,pending
A000462,26/03/2026,ACC0028,Petra Logistics,60.04,GBP,card,pending
A000463,24/01/2026,ACC0020,Dhillon & Sons,39.97,gbp,card,settled
A000464,20/03/2026,ACC0113,Sandbrook Utilities,32.13,GBP,card,settled
A000465,20/02/2026,ACC0033,Ashvale Clinic,34.82,EUR,card,failed
A000466,10/07/2026,ACC0097,Northline Freight,78.44,GBP,direct_debit,settled
A000467,07/03/2026,ACC0038,Dhillon & Sons,83.18,EUR,direct_debit,failed
A000468,28/03/2026,ACC0003,Corner Cafe,52.42,GBP,card,failed
A000469,18/02/2026,ACC0115,Harrow Sports Club,36.74,GBP,bank_transfer,reversed
A000470,28/02/2026,ACC0018,Corner Cafe,14.88,EUR,card,settled
A000471,17/03/2026,ACC0051,Harrow Sports Club,271.3,GBP,bank_transfer,reversed
A000472,05/02/2026,ACC0099,Sandbrook Utilities,74.95,GBP,direct_debit,failed
A000473,22/02/2026,ACC0087,Petra Logistics,,USD,direct_debit,reversed
A000474,16/02/2026,ACC0021,"Marlow ""Fine"" Foods",89.88,USD,card,failed
A000475,14/02/2026,ACC0104,Corner Cafe,138.33,gbp,card,reversed
A000476,08/03/2026,ACC0007,"Marlow ""Fine"" Foods",22.13,EUR,direct_debit,settled
A000477,30/03/2026,ACC0061,"Wembley Tyres, Ltd",23.22,GBP,card,pending
A002098,21/02/2026,ACC0051,Dhillon & Sons,20.11,USD,direct_debit,settled
A000479,15/01/2026,ACC0082,Harrow Sports Club,30.68,EUR,card,settled
A000480,05/02/2026,ACC0501,Petra Logistics,136.42,USD,card,settled
A000481,20/02/2026,ACC0068,Northline Freight,2.36,GBP,card,settled
A000482,27/02/2026,ACC0046,"Marlow ""Fine"" Foods",226.3,EUR,card,settled
A000483,09/01/2026,ACC0107,Ashvale Clinic,168.93,GBP,card,settled
A000484,24/03/2026,ACC0096,Ashvale Clinic,6.03,GBP,direct_debit,pending
A000485,13/02/2026,ACC0044,Dhillon & Sons,37.44,gbp,card,failed
A000486,08/03/2026,ACC0037,Harrow Sports Club,5.81,gbp,card,reversed
A000487,09/01/2026,ACC0028,"Marlow ""Fine"" Foods",22.66,GBP,card,reversed
A000488,17/01/2026,ACC0097,"Wembley Tyres, Ltd",7.36,GBP,card,settled
A000489,05/01/2026,ACC0084,The Old Print Works,707.39,EUR,card,reversed
A000490,19/02/2026,ACC0009,"Marlow ""Fine"" Foods",73.15,GBP,bank_transfer,settled
A000491,19/03/2026,ACC0013,Dhillon & Sons,27.18,GBP,bank_transfer,settled
A000492,16/02/2026,ACC0016,Dhillon & Sons,8.47,gbp,card,pending
A000493,22/03/2026,ACC0065,Corner Cafe,134.37,USD,bank_transfer,failed
A000494,18/03/2026,ACC0029,Northline Freight,109.35,GBP,card,settled
A000495,09/03/2026,ACC0102,"Wembley Tyres, Ltd",64.4,EUR,bank_transfer,failed
A000496,04/01/2026,ACC0104,Sandbrook Utilities,29.02,EUR,direct_debit,settled
A000497,09/01/2026,ACC0012,"Marlow ""Fine"" Foods",177.86,GBP,direct_debit,pending
A000498,07/03/2026,ACC0086,Corner Cafe,233.08,EUR,bank_transfer,settled
A000499,26/03/2026,ACC0059,Petra Logistics,52.03,GBP,bank_transfer,pending
A000500,25/01/2026,ACC0052,Harrow Sports Club,37.76,EUR,card,settled
A000501,08/03/2026,ACC0099,Northline Freight,460.21,gbp,bank_transfer,reversed
A000502,07/02/2026,ACC0027,The Old Print Works,,GBP,bank_transfer,settled
A000503,13/03/2026,ACC0081,Dhillon & Sons,39.4,EUR,card,settled
A000504,06/01/2026,ACC0054,Corner Cafe,235.88,GBP,direct_debit,settled
A000505,13/02/2026,ACC0100,Kite Digital,22.71,USD,card,settled
A000506,10/02/2026,ACC0017,Bolt & Screw Ltd,42.45,GBP,bank_transfer,settled
A000507,07/03/2026,ACC0085,Corner Cafe,39.47,gbp,card,failed
A000508,25/02/2026,ACC0021,The Old Print Works,360.71,gbp,card,settled
A000509,15/01/2026,ACC0049,Corner Cafe,14.86,GBP,card,pending
A000510,06/01/2026,ACC0117,Bolt & Screw Ltd,14.76,EUR,card,failed
A000511,13/03/2026,ACC0082,"Wembley Tyres, Ltd",223.76,GBP,card,settled
A000512,15/02/2026,ACC0076,Harrow Sports Club,42.64,gbp,direct_debit,pending
A000513,15/03/2026,ACC0091,Kite Digital,85.11,GBP,bank_transfer,reversed
A000514,07/01/2026,ACC0084,Petra Logistics,124.13,GBP,card,reversed
A000515,25/03/2026,ACC0078,Harrow Sports Club,33.75,GBP,direct_debit,failed
A000516,06/11/2026,ACC0114,"Wembley Tyres, Ltd",18.47,GBP,direct_debit,failed
A000517,29/01/2026,ACC0005,"Wembley Tyres, Ltd",145.16,GBP,card,settled
A000518,05/01/2026,ACC0120,"Wembley Tyres, Ltd",49.13,GBP,card,failed
A000519,23/03/2026,ACC0006,Harrow Sports Club,70.19,USD,card,pending
A000520,14/01/2026,ACC0042,Bolt & Screw Ltd,62.99,GBP,direct_debit,settled
A000521,10/01/2026,ACC0569,Bolt & Screw Ltd,243.04,GBP,bank_transfer,failed
A000522,20/03/2026,ACC0010,Ashvale Clinic,132.96,GBP,bank_transfer,failed
A000523,12/02/2026,ACC0072,Ashvale Clinic,42.69,gbp,card,settled
A000524,06/03/2026,ACC0016,Ashvale Clinic,161.53,GBP,card,reversed
A000525,24/02/2026,ACC0087,Bolt & Screw Ltd,10.75,GBP,card,settled
A000526,12/01/2026,ACC0098,Northline Freight,38.15,gbp,direct_debit,failed
A000527,15/03/2026,ACC0077,"Wembley Tyres, Ltd",5.1,GBP,direct_debit,pending
A000528,22/02/2026,ACC0027,Ashvale Clinic,357.65,GBP,card,settled
A000529,04/01/2026,ACC0117,The Old Print Works,79.14,GBP,card,failed
A000530,07/02/2026,ACC0033,Northline Freight,37.54,EUR,card,settled
A000531,18/02/2026,ACC0084,Petra Logistics,13.84,USD,bank_transfer,settled
A000532,05/02/2026,ACC0070,Dhillon & Sons,60.84,EUR,card,settled
A000533,13/02/2026,ACC0014,Corner Cafe,179.1,EUR,direct_debit,reversed
A000534,13/02/2026,ACC0059,Harrow Sports Club,31.76,gbp,bank_transfer,settled
A000535,25/03/2026,ACC0118,The Old Print Works,82.15,GBP,card,reversed
A000536,28/01/2026,ACC0114,Corner Cafe,6.22,GBP,card,pending
A000537,16/01/2026,ACC0089,Ashvale Clinic,37.57,EUR,direct_debit,settled
A000538,13/02/2026,ACC0034,"Marlow ""Fine"" Foods",86.15,GBP,bank_transfer,settled
A000539,25/03/2026,ACC0094,Bolt & Screw Ltd,43.69,GBP,card,settled
A000540,16/02/2026,ACC0093,Kite Digital,8.9,GBP,bank_transfer,reversed
A000541,05/02/2026,ACC0116,Bolt & Screw Ltd,231.26,EUR,card,pending
A000542,22/02/2026,ACC0094,Bolt & Screw Ltd,85.55,USD,card,settled
A000543,27/01/2026,  ACC0036 ,"Marlow ""Fine"" Foods",309.74,GBP,card,settled
A000544,07/03/2026,ACC0076,Northline Freight,8.22,GBP,card,settled
A000545,06/01/2026,ACC0084,Bolt & Screw Ltd,238.98,GBP,bank_transfer,settled
A000546,08/01/2026,ACC0046,Dhillon & Sons,117.3,GBP,card,settled
A000547,17/02/2026,ACC0047,Harrow Sports Club,112.86,GBP,card,settled
A000548,22/01/2026,ACC0098,Corner Cafe,28.38,gbp,card,settled
A000549,19/02/2026,ACC0115,Kite Digital,131.35,EUR,card,settled
A000550,13/01/2026,ACC0031,Northline Freight,360.6,GBP,direct_debit,pending
A000551,04/03/2026,ACC0092,Kite Digital,14.26,GBP,direct_debit,settled
A000552,04/03/2026,ACC0030,The Old Print Works,52.1,USD,card,settled
A000553,25/01/2026,ACC0061,"Wembley Tyres, Ltd",15.24,EUR,bank_transfer,settled
A000554,10/01/2026,ACC0028,"Marlow ""Fine"" Foods",56.49,GBP,direct_debit,settled
A000555,08/01/2026,ACC0031,Sandbrook Utilities,318.02,gbp,bank_transfer,settled
A000556,28/01/2026,ACC0060,Kite Digital,12.95,GBP,card,settled
A000557,01/09/2026,ACC0036,Petra Logistics,71.81,EUR,card,settled
A000558,02/03/2026,ACC0002,Petra Logistics,52.33,GBP,bank_transfer,settled
A000559,24/03/2026,ACC0069,Petra Logistics,44.0,gbp,direct_debit,reversed
A000560,19/03/2026,ACC0050,Dhillon & Sons,18.71,GBP,card,settled
A000561,26/03/2026,ACC0030,Corner Cafe,138.21,GBP,direct_debit,reversed
A000562,11/01/2026,ACC0037,Kite Digital,28.87,gbp,card,settled
A000563,10/02/2026,ACC0052,Corner Cafe,732.04,GBP,card,settled
A000564,16/02/2026,ACC0062,Dhillon & Sons,164.57,GBP,direct_debit,reversed
A000565,28/01/2026,ACC0107,Kite Digital,73.11,gbp,card,pending
A000566,04/02/2026,ACC0044,The Old Print Works,30.97,GBP,card,failed
A000567,17/02/2026,ACC0108,Corner Cafe,106.6,gbp,bank_transfer,settled
A000568,19/03/2026,ACC0092,The Old Print Works,44.82,gbp,card,settled
A000569,13/03/2026,ACC0067,Harrow Sports Club,25.35,GBP,card,settled
A000570,22/01/2026,ACC0075,Kite Digital,29.9,USD,card,failed
A000571,26/03/2026,ACC0096,Northline Freight,29.5,GBP,direct_debit,settled
A000572,07/01/2026,ACC0003,Northline Freight,27.83,GBP,card,settled
A000573,18/01/2026,ACC0109,Northline Freight,39.63,GBP,bank_transfer,failed
A000574,15/01/2026,ACC0068,"Marlow ""Fine"" Foods",44.59,GBP,card,failed
A000575,13/03/2026,ACC0024,Ashvale Clinic,312.91,EUR,card,pending
A000576,16/02/2026,ACC0106,Bolt & Screw Ltd,174.1,GBP,card,failed
A000577,29/03/2026,ACC0103,Corner Cafe,46.39,USD,direct_debit,settled
A000578,28/03/2026,ACC0042,"Wembley Tyres, Ltd",216.18,USD,card,settled
A000579,11/03/2026,ACC0095,Ashvale Clinic,146.02,EUR,direct_debit,reversed
A000580,12/10/2026,ACC0029,Petra Logistics,97.25,gbp,card,settled
A000581,05/01/2026,ACC0079,The Old Print Works,,GBP,card,pending
A000582,16/03/2026,ACC0070,Dhillon & Sons,47.96,EUR,direct_debit,settled
A000583,23/01/2026,ACC0087,Petra Logistics,370.43,gbp,direct_debit,settled
A000584,11/12/2026,ACC0082,"Wembley Tyres, Ltd",320.25,GBP,bank_transfer,settled
A000585,17/02/2026,ACC0033,Harrow Sports Club,112.0,GBP,bank_transfer,pending
A000586,27/03/2026,ACC0026,Corner Cafe,305.38,GBP,bank_transfer,pending
A000587,13/03/2026,ACC0001,Harrow Sports Club,34.41,GBP,card,settled
A000588,23/01/2026,ACC0092,"Wembley Tyres, Ltd",27.29,GBP,card,settled
A000589,11/01/2026,ACC0067,Dhillon & Sons,20.13,EUR,card,pending
A000590,03/03/2026,ACC0119,Bolt & Screw Ltd,157.64,EUR,card,settled
A000591,12/01/2026,ACC0065,Kite Digital,153.66,gbp,card,failed
A000592,13/03/2026,ACC0108,Ashvale Clinic,552.92,USD,direct_debit,settled
A000593,08/05/2026,ACC0103,Kite Digital,4.41,GBP,card,failed
A000594,20/01/2026,ACC0103,Kite Digital,7.44,gbp,bank_transfer,settled
A000595,26/03/2026,ACC0002,"Wembley Tyres, Ltd",49.7,GBP,card,settled
A000596,23/03/2026,ACC0589,The Old Print Works,39.52,GBP,bank_transfer,settled
A001884,08/01/2026,ACC0082,Ashvale Clinic,25.99,GBP,direct_debit,failed
A000598,25/01/2026,ACC0040,Petra Logistics,141.65,EUR,card,settled
A000599,08/01/2026,ACC0106,Ashvale Clinic,5.71,GBP,card,pending
A000600,10/02/2026,ACC0100,"Marlow ""Fine"" Foods",58.11,EUR,card,settled
A000601,03/06/2026,ACC0023,Petra Logistics,35.43,gbp,direct_debit,settled
A000602,26/01/2026,ACC0092,Sandbrook Utilities,11.3,EUR,direct_debit,failed
A000603,09/02/2026,ACC0009,"Marlow ""Fine"" Foods",97.66,USD,direct_debit,pending
A000604,09/01/2026,ACC0029,Kite Digital,13.35,EUR,direct_debit,reversed
A000605,23/02/2026,ACC0058,Ashvale Clinic,122.96,EUR,bank_transfer,settled
A000606,14/01/2026,ACC0119,Northline Freight,95.28,gbp,card,failed
A000607,01/07/2026,ACC0044,The Old Print Works,387.25,GBP,card,settled
A000608,20/02/2026,ACC0095,Corner Cafe,202.63,GBP,card,reversed
A000609,18/01/2026,ACC0041,Harrow Sports Club,65.96,GBP,bank_transfer,pending
A000610,22/01/2026,ACC0104,The Old Print Works,24.5,GBP,card,settled
A000611,16/01/2026,ACC0071,Bolt & Screw Ltd,213.14,GBP,card,reversed
A000612,19/02/2026,ACC0078,Northline Freight,16.8,USD,direct_debit,reversed
A000613,26/01/2026,ACC0025,Kite Digital,90.68,GBP,bank_transfer,settled
A000614,01/02/2026,ACC0105,Ashvale Clinic,8.76,gbp,bank_transfer,settled
A000615,10/02/2026,ACC0044,Petra Logistics,4.86,gbp,direct_debit,settled
A000616,01/01/2026,ACC0002,Northline Freight,273.59,GBP,card,settled
A000617,11/02/2026,ACC0113,Northline Freight,25.72,EUR,card,settled
A000618,21/03/2026,ACC0015,"Wembley Tyres, Ltd",34.93,GBP,direct_debit,reversed
A000619,14/03/2026,ACC0118,Petra Logistics,103.37,GBP,card,settled
A000620,09/02/2026,ACC0049,The Old Print Works,14.1,EUR,card,settled
A000621,11/03/2026,ACC0008,Dhillon & Sons,185.44,gbp,card,settled
A000622,28/03/2026,ACC0102,Sandbrook Utilities,134.83,USD,card,pending
A000623,01/03/2026,ACC0032,Bolt & Screw Ltd,24.1,GBP,card,settled
A000624,11/03/2026,ACC0064,Ashvale Clinic,28.87,GBP,card,pending
A000625,23/03/2026,ACC0049,Northline Freight,21.38,GBP,bank_transfer,pending
A000626,10/02/2026,ACC0074,Bolt & Screw Ltd,3.25,GBP,bank_transfer,failed
A000627,09/01/2026,ACC0113,Petra Logistics,51.85,gbp,card,settled
A000628,16/02/2026,ACC0085,Ashvale Clinic,166.47,GBP,bank_transfer,settled
A000629,01/03/2026,ACC0092,Harrow Sports Club,73.85,USD,card,settled
A000630,09/03/2026,ACC0096,Dhillon & Sons,24.2,GBP,card,reversed
A000631,19/03/2026,ACC0114,Ashvale Clinic,113.19,USD,card,pending
A000632,23/03/2026,ACC0043,Sandbrook Utilities,24.38,GBP,card,pending
A000633,05/08/2026,ACC0049,Sandbrook Utilities,321.53,gbp,card,settled
A000634,25/03/2026,ACC0112,"Marlow ""Fine"" Foods",81.72,EUR,card,settled
A000635,27/01/2026,ACC0109,Ashvale Clinic,59.97,GBP,card,failed
A000636,01/03/2026,ACC0019,Harrow Sports Club,349.08,GBP,direct_debit,settled
A000637,24/02/2026,ACC0078,Northline Freight,6.07,gbp,direct_debit,settled
A000638,07/03/2026,ACC0100,Corner Cafe,70.55,EUR,card,reversed
A000639,31/01/2026,ACC0106,Harrow Sports Club,60.03,gbp,bank_transfer,settled
A000640,26/01/2026,ACC0077,Ashvale Clinic,13.88,gbp,card,pending
A000641,07/03/2026,ACC0009,Sandbrook Utilities,48.5,GBP,direct_debit,settled
A000642,04/05/2026,ACC0070,Dhillon & Sons,44.3,USD,card,settled
A000643,30/01/2026,ACC0080,The Old Print Works,18.47,EUR,card,settled
A000644,23/03/2026,ACC0025,"Marlow ""Fine"" Foods",30.55,EUR,card,failed
A000645,07/02/2026,ACC0057,"Marlow ""Fine"" Foods",17.33,USD,direct_debit,settled
A000646,07/10/2026,ACC0066,Harrow Sports Club,58.33,GBP,card,settled
A000647,10/01/2026,ACC0009,The Old Print Works,34.69,GBP,card,reversed
A000648,24/02/2026,ACC0108,The Old Print Works,19.07,GBP,card,pending
A000649,15/03/2026,ACC0101,Ashvale Clinic,60.0,USD,card,failed
A000650,22/03/2026,ACC0056,"Marlow ""Fine"" Foods",189.7,EUR,card,failed
A000651,25/03/2026,ACC0088,Harrow Sports Club,174.0,GBP,card,reversed
A000652,21/02/2026,ACC0087,"Wembley Tyres, Ltd",208.41,EUR,card,failed
A000653,12/03/2026,ACC0015,Harrow Sports Club,43.6,GBP,bank_transfer,settled
A000654,03/03/2026,ACC0067,Corner Cafe,46.81,EUR,bank_transfer,failed
A000655,08/07/2026,ACC0043,Northline Freight,90.2,USD,bank_transfer,failed
A000656,14/03/2026,ACC0048,The Old Print Works,113.28,GBP,card,reversed
A000657,04/01/2026,ACC0089,The Old Print Works,24.72,GBP,card,settled
A000658,27/01/2026,ACC0008,The Old Print Works,23.03,EUR,card,reversed
A000659,14/01/2026,ACC0119,Bolt & Screw Ltd,357.09,gbp,direct_debit,settled
A000660,06/01/2026,ACC0112,Ashvale Clinic,43.05,gbp,bank_transfer,settled
A000661,08/02/2026,ACC0015,Kite Digital,158.0,gbp,card,settled
A000662,26/01/2026,ACC0026,Dhillon & Sons,102.47,GBP,direct_debit,settled
A000663,20/02/2026,ACC0062,Corner Cafe,40.04,GBP,card,settled
A000664,24/01/2026,ACC0058,Sandbrook Utilities,108.84,GBP,card,pending
A000665,12/03/2026,ACC0058,Kite Digital,199.1,GBP,bank_transfer,reversed
A000666,13/02/2026,ACC0019,Corner Cafe,101.36,GBP,bank_transfer,settled
A000667,05/03/2026,ACC0089,Petra Logistics,20.2,GBP,bank_transfer,reversed
A000668,07/03/2026,ACC0025,"Marlow ""Fine"" Foods",22.54,USD,direct_debit,settled
A000669,03/03/2026,ACC0049,"Wembley Tyres, Ltd",75.04,EUR,card,reversed
A000670,20/03/2026,ACC0097,Sandbrook Utilities,91.87,EUR,bank_transfer,settled
A000671,21/01/2026,ACC0036,Bolt & Screw Ltd,74.14,USD,card,settled
A000672,24/02/2026,ACC0117,Northline Freight,173.22,GBP,bank_transfer,pending
A000673,01/01/2026,ACC0015,"Marlow ""Fine"" Foods",19.38,USD,direct_debit,reversed
A000674,02/02/2026,ACC0048,Bolt & Screw Ltd,13.02,GBP,direct_debit,reversed
A000675,08/02/2026,ACC0036,Dhillon & Sons,11.49,gbp,bank_transfer,failed
A000676,09/03/2026,ACC0104,Petra Logistics,39.54,EUR,direct_debit,reversed
A000677,10/02/2026,ACC0061,Bolt & Screw Ltd,1.31,GBP,card,reversed
A000678,07/02/2026,ACC0017,Dhillon & Sons,73.53,GBP,direct_debit,settled
A000679,03/02/2026,ACC0109,Corner Cafe,52.16,gbp,direct_debit,failed
A000680,02/03/2026,ACC0078,Harrow Sports Club,4.65,gbp,card,reversed
A000681,24/01/2026,ACC0022,Harrow Sports Club,129.43,gbp,direct_debit,settled
A000682,02/02/2026,ACC0021,"Marlow ""Fine"" Foods",33.68,EUR,card,reversed
A000683,19/02/2026,ACC0057,"Wembley Tyres, Ltd",83.8,GBP,direct_debit,pending
A000684,10/02/2026,ACC0030,Petra Logistics,209.64,USD,direct_debit,failed
A000685,26/01/2026,ACC0052,Harrow Sports Club,118.89,gbp,direct_debit,pending
A000686,05/03/2026,ACC0013,Sandbrook Utilities,354.86,USD,bank_transfer,settled
A000687,21/01/2026,ACC0049,Bolt & Screw Ltd,39.33,gbp,direct_debit,failed
A000688,06/02/2026,ACC0071,Harrow Sports Club,228.71,EUR,card,settled
A000689,27/01/2026,ACC0059,Petra Logistics,8.84,EUR,bank_transfer,reversed
A000690,31/03/2026,ACC0111,Petra Logistics,94.98,GBP,card,settled
A000691,25/01/2026,ACC0091,"Wembley Tyres, Ltd",72.43,GBP,bank_transfer,settled
A000692,23/02/2026,ACC0016,"Wembley Tyres, Ltd",17.68,GBP,card,reversed
A000693,06/02/2026,ACC0001,Northline Freight,176.37,GBP,direct_debit,settled
A000694,05/02/2026,ACC0002,Sandbrook Utilities,24.1,USD,card,reversed
A000695,17/03/2026,ACC0074,"Wembley Tyres, Ltd",58.88,gbp,card,settled
A000696,27/01/2026,ACC0113,Ashvale Clinic,166.17,GBP,card,reversed
A000697,19/02/2026,ACC0009,"Marlow ""Fine"" Foods",30.2,GBP,direct_debit,settled
A000698,04/02/2026,ACC0112,Petra Logistics,57.25,GBP,card,settled
A000699,24/02/2026,ACC0021,Dhillon & Sons,106.84,GBP,card,failed
A000700,18/01/2026,ACC0033,Sandbrook Utilities,3.81,gbp,card,settled
A000701,20/01/2026,ACC0103,Bolt & Screw Ltd,10.93,gbp,card,failed
A000702,14/03/2026,ACC0053,Kite Digital,75.16,GBP,card,reversed
A000703,08/01/2026,ACC0119,Corner Cafe,30.59,gbp,card,settled
A000704,12/01/2026,ACC0055,Dhillon & Sons,253.98,USD,card,settled
A000705,27/03/2026,ACC0100,Dhillon & Sons,25.3,GBP,card,reversed
A000706,11/01/2026,ACC0066,Kite Digital,44.32,gbp,card,settled
A000707,09/02/2026,ACC0014,Ashvale Clinic,8.37,GBP,direct_debit,settled
A000708,17/03/2026,ACC0021,Petra Logistics,351.81,GBP,card,failed
A000709,06/01/2026,ACC0096,Ashvale Clinic,38.62,GBP,card,failed
A000710,21/02/2026,ACC0056,Northline Freight,8.2,GBP,direct_debit,settled
A000711,31/01/2026,ACC0026,The Old Print Works,22.88,GBP,bank_transfer,reversed
A000712,06/02/2026,ACC0035,Petra Logistics,221.71,GBP,card,settled
A000713,05/01/2026,ACC0056,Bolt & Screw Ltd,29.93,gbp,card,settled
A000714,08/01/2026,ACC0025,Bolt & Screw Ltd,55.06,GBP,direct_debit,failed
A000715,27/02/2026,ACC0019,Bolt & Screw Ltd,168.57,USD,direct_debit,settled
A000716,26/03/2026,ACC0075,Ashvale Clinic,173.89,GBP,card,settled
A000717,11/02/2026,ACC0093,Northline Freight,29.09,EUR,card,reversed
A000718,16/02/2026,ACC0021,Kite Digital,19.66,USD,card,settled
A000719,17/01/2026,ACC0020,Petra Logistics,363.08,EUR,card,settled
A000720,18/02/2026,ACC0020,Corner Cafe,20.32,EUR,card,settled
A000721,17/03/2026,ACC0067,"Wembley Tyres, Ltd",63.73,USD,card,settled
A000722,17/02/2026,ACC0029,"Marlow ""Fine"" Foods",29.32,EUR,bank_transfer,settled
A000723,06/03/2026,ACC0077,Harrow Sports Club,11.24,GBP,bank_transfer,settled
A000724,05/02/2026,ACC0058,Dhillon & Sons,7.88,GBP,direct_debit,settled
A000725,07/03/2026,ACC0038,The Old Print Works,65.11,GBP,card,settled
A000726,03/03/2026,ACC0094,Kite Digital,18.86,EUR,card,pending
A000727,16/02/2026,ACC0084,"Wembley Tyres, Ltd",16.11,gbp,direct_debit,reversed
A000728,28/03/2026,ACC0003,Northline Freight,26.38,GBP,card,settled
A000729,16/02/2026,ACC0078,Sandbrook Utilities,40.32,GBP,card,settled
A000730,13/02/2026,ACC0102,Ashvale Clinic,38.66,GBP,card,pending
A000731,14/01/2026,ACC0063,Corner Cafe,38.94,GBP,card,settled
A000732,23/02/2026,ACC0054,Harrow Sports Club,188.16,EUR,card,reversed
A000733,24/01/2026,ACC0008,Petra Logistics,101.48,gbp,card,settled
A000734,23/01/2026,ACC0025,Harrow Sports Club,197.81,EUR,bank_transfer,settled
A000735,15/01/2026,ACC0051,"Marlow ""Fine"" Foods",211.91,EUR,card,pending
A000736,19/02/2026,ACC0042,Dhillon & Sons,90.21,gbp,card,failed
A000737,25/01/2026,ACC0074,"Marlow ""Fine"" Foods",14.65,gbp,card,settled
A000738,26/01/2026,ACC0031,"Wembley Tyres, Ltd",735.15,USD,bank_transfer,failed
A000739,11/02/2026,ACC0067,Petra Logistics,10.3,GBP,card,failed
A000740,28/02/2026,ACC0040,The Old Print Works,22.08,EUR,card,settled
A000741,15/01/2026,ACC0084,The Old Print Works,32.2,gbp,card,failed
A000742,31/01/2026,ACC0102,Sandbrook Utilities,42.91,EUR,card,pending
A000743,03/03/2026,ACC0085,The Old Print Works,51.34,USD,card,failed
A000744,21/03/2026,ACC0061,Sandbrook Utilities,11.83,USD,card,settled
A000745,03/02/2026,ACC0113,Bolt & Screw Ltd,378.89,EUR,direct_debit,settled
A000746,30/03/2026,ACC0056,The Old Print Works,16.07,GBP,direct_debit,settled
A000747,31/03/2026,ACC0092,Harrow Sports Club,34.65,GBP,bank_transfer,failed
A000748,05/03/2026,ACC0070,"Wembley Tyres, Ltd",19.56,gbp,direct_debit,settled
A000749,12/02/2026,ACC0036,Northline Freight,84.49,GBP,bank_transfer,reversed
A000750,17/02/2026,ACC0069,Petra Logistics,151.72,EUR,card,settled
A000751,01/06/2026,ACC0054,Corner Cafe,146.12,EUR,card,pending
A000752,01/01/2026,ACC0086,Sandbrook Utilities,8.25,USD,card,pending
A000753,08/05/2026,ACC0059,Harrow Sports Club,4.95,EUR,card,settled
A000754,18/02/2026,ACC0064,Sandbrook Utilities,157.73,USD,card,failed
A000755,23/01/2026,ACC0099,Harrow Sports Club,55.21,GBP,bank_transfer,settled
A000756,07/02/2026,ACC0062,Ashvale Clinic,60.97,GBP,card,settled
A000757,05/02/2026,ACC0070,"Marlow ""Fine"" Foods",17.75,GBP,card,reversed
A000758,26/02/2026,ACC0017,Dhillon & Sons,107.13,USD,direct_debit,failed
A000759,22/01/2026,ACC0014,Bolt & Screw Ltd,314.53,GBP,bank_transfer,settled
A000760,17/03/2026,ACC0109,Bolt & Screw Ltd,98.27,gbp,bank_transfer,settled
A000761,03/01/2026,ACC0012,Ashvale Clinic,73.01,USD,bank_transfer,settled
A000762,24/01/2026,ACC0044,Dhillon & Sons,39.95,GBP,card,settled
A000763,21/03/2026,ACC0090,Northline Freight,84.47,GBP,card,settled
A000764,12/01/2026,ACC0036,Sandbrook Utilities,31.41,GBP,card,reversed
A000765,06/02/2026,ACC0119,Petra Logistics,31.01,GBP,direct_debit,failed
A000766,18/03/2026,ACC0090,Sandbrook Utilities,121.21,USD,direct_debit,pending
A000767,26/01/2026,ACC0035,Ashvale Clinic,158.17,GBP,card,settled
A000768,30/03/2026,ACC0013,"Wembley Tyres, Ltd",37.18,USD,card,pending
A000769,07/03/2026,ACC0080,Ashvale Clinic,31.28,GBP,card,pending
A000770,27/01/2026,ACC0117,Petra Logistics,15.27,USD,card,failed
A000771,20/01/2026,ACC0065,"Wembley Tyres, Ltd",45.91,gbp,card,settled
A000772,15/03/2026,ACC0036,Dhillon & Sons,104.69,GBP,card,pending
A000773,06/02/2026,ACC0028,Dhillon & Sons,31.46,USD,card,settled
A000774,02/02/2026,ACC0071,"Marlow ""Fine"" Foods",103.71,GBP,card,reversed
A000775,22/01/2026,ACC0101,Petra Logistics,3.13,USD,direct_debit,pending
A000776,28/03/2026,ACC0109,Bolt & Screw Ltd,111.62,gbp,direct_debit,settled
A000777,07/03/2026,ACC0083,The Old Print Works,163.65,USD,card,settled
A000778,13/01/2026,ACC0025,Harrow Sports Club,13.25,USD,bank_transfer,failed
A000779,25/01/2026,ACC0108,Bolt & Screw Ltd,43.41,GBP,card,pending
A000780,05/01/2026,ACC0014,Sandbrook Utilities,435.59,USD,card,settled
A000781,22/03/2026,ACC0074,Harrow Sports Club,95.1,GBP,card,settled
A000782,14/01/2026,ACC0083,Harrow Sports Club,52.43,GBP,card,settled
A000783,02/02/2026,ACC0013,Corner Cafe,78.12,GBP,card,settled
A000784,01/02/2026,ACC0107,Bolt & Screw Ltd,25.9,EUR,direct_debit,settled
A000785,02/02/2026,ACC0113,Ashvale Clinic,27.39,USD,card,settled
A000786,02/01/2026,ACC0003,"Wembley Tyres, Ltd",45.75,gbp,card,settled
A000787,10/02/2026,ACC0120,Sandbrook Utilities,124.48,USD,card,settled
A000788,23/02/2026,ACC0056,"Marlow ""Fine"" Foods",56.88,GBP,direct_debit,settled
A000789,23/01/2026,ACC0007,Sandbrook Utilities,117.62,gbp,direct_debit,failed
A000790,01/02/2026,ACC0116,The Old Print Works,5.55,GBP,card,settled
A000791,22/03/2026,ACC0025,Kite Digital,53.18,gbp,card,pending
A000792,23/03/2026,ACC0083,The Old Print Works,93.85,GBP,card,reversed
A000793,07/02/2026,ACC0042,Sandbrook Utilities,,GBP,card,settled
A000794,09/01/2026,ACC0037,Corner Cafe,6.5,EUR,card,failed
A000795,30/03/2026,ACC0094,Petra Logistics,105.36,GBP,card,settled
A000796,17/02/2026,ACC0082,Sandbrook Utilities,149.44,GBP,direct_debit,settled
A000797,16/01/2026,ACC0057,The Old Print Works,58.06,GBP,direct_debit,settled
A000798,18/02/2026,ACC0083,Ashvale Clinic,201.22,USD,direct_debit,failed
A000799,13/03/2026,ACC0006,Petra Logistics,34.16,USD,card,settled
A000800,20/01/2026,ACC0036,Dhillon & Sons,34.0,gbp,bank_transfer,failed
A000801,22/01/2026,ACC0115,"Wembley Tyres, Ltd",5.53,GBP,bank_transfer,settled
A000802,23/02/2026,ACC0085,Northline Freight,7.07,GBP,direct_debit,reversed
A000803,09/01/2026,ACC0105,Corner Cafe,37.99,USD,card,settled
A000804,02/03/2026,ACC0105,Bolt & Screw Ltd,55.68,GBP,card,failed
A000805,08/03/2026,ACC0054,Kite Digital,17.44,EUR,bank_transfer,settled
A000806,03/12/2026,ACC0085,The Old Print Works,90.6,EUR,bank_transfer,settled
A000807,15/01/2026,ACC0093,Northline Freight,132.39,GBP,direct_debit,settled
A000808,24/01/2026,ACC0059,"Marlow ""Fine"" Foods",63.02,EUR,card,failed
A000809,05/02/2026,ACC0013,Sandbrook Utilities,92.97,USD,card,settled
A000810,17/02/2026,ACC0065,Northline Freight,12.44,GBP,card,settled
A000811,01/02/2026,ACC0036,"Marlow ""Fine"" Foods",11.69,GBP,card,pending
A000812,01/03/2026,ACC0079,"Wembley Tyres, Ltd",4.63,gbp,bank_transfer,reversed
A000813,17/01/2026,ACC0011,Northline Freight,204.85,GBP,card,settled
A000814,03/02/2026,ACC0084,Bolt & Screw Ltd,43.37,EUR,card,settled
A000815,02/03/2026,ACC0054,Corner Cafe,96.41,gbp,direct_debit,pending
A000816,29/03/2026,ACC0090,Sandbrook Utilities,43.52,GBP,card,pending
A000817,26/03/2026,ACC0025,The Old Print Works,71.58,gbp,bank_transfer,settled
A000818,13/03/2026,ACC0031,Petra Logistics,36.46,GBP,card,reversed
A000819,13/03/2026,ACC0101,Kite Digital,145.1,USD,card,settled
A000820,18/03/2026,ACC0108,Harrow Sports Club,15.89,GBP,card,settled
A000821,12/01/2026,ACC0028,Kite Digital,12.13,EUR,card,failed
A000822,20/01/2026,ACC0109,Dhillon & Sons,12.21,EUR,card,settled
A000823,04/02/2026,ACC0060,Corner Cafe,161.83,USD,direct_debit,settled
A000824,13/01/2026,ACC0032,Kite Digital,74.59,EUR,card,settled
A000825,17/02/2026,ACC0108,Bolt & Screw Ltd,63.06,GBP,card,reversed
A000826,17/03/2026,ACC0071,Harrow Sports Club,371.9,USD,card,failed
A000827,01/03/2026,ACC0025,Bolt & Screw Ltd,26.17,GBP,bank_transfer,reversed
A000828,09/05/2026,ACC0025,Northline Freight,31.6,GBP,card,settled
A000829,06/03/2026,ACC0043,Northline Freight,41.64,GBP,card,reversed
A000830,05/02/2026,ACC0098,"Marlow ""Fine"" Foods",45.09,EUR,card,reversed
A000831,21/03/2026,ACC0096,Petra Logistics,27.35,GBP,card,settled
A000832,18/01/2026,ACC0025,Dhillon & Sons,10.48,GBP,direct_debit,pending
A000833,06/01/2026,ACC0008,Harrow Sports Club,73.75,USD,card,settled
A000834,27/02/2026,ACC0012,The Old Print Works,137.81,gbp,card,settled
A000835,17/03/2026,ACC0081,Kite Digital,42.33,USD,direct_debit,settled
A000836,24/03/2026,ACC0002,Corner Cafe,46.21,GBP,card,pending
A000837,04/03/2026,ACC0075,Dhillon & Sons,253.51,GBP,direct_debit,reversed
A000838,03/02/2026,ACC0014,Kite Digital,54.53,GBP,direct_debit,reversed
A000839,14/01/2026,ACC0065,"Marlow ""Fine"" Foods",54.24,GBP,card,reversed
A000840,18/03/2026,ACC0109,Northline Freight,42.71,GBP,bank_transfer,pending
A000841,27/03/2026,ACC0001,Kite Digital,94.4,gbp,card,failed
A000842,01/03/2026,ACC0098,"Marlow ""Fine"" Foods",39.46,GBP,card,settled
A000843,09/02/2026,ACC0073,The Old Print Works,169.53,GBP,card,pending
A000844,28/02/2026,ACC0075,Harrow Sports Club,393.92,GBP,direct_debit,settled
A000845,23/03/2026,ACC0019,Dhillon & Sons,16.61,GBP,card,settled
A000846,04/01/2026,ACC0034,"Wembley Tyres, Ltd",137.98,GBP,direct_debit,settled
A000847,09/03/2026,ACC0104,Bolt & Screw Ltd,70.24,gbp,direct_debit,failed
A000848,19/02/2026,ACC0100,Northline Freight,29.19,EUR,card,failed
A000849,04/02/2026,ACC0042,Dhillon & Sons,211.6,GBP,card,pending
A000850,18/01/2026,ACC0006,"Marlow ""Fine"" Foods",321.63,GBP,direct_debit,failed
A000851,19/01/2026,ACC0016,"Wembley Tyres, Ltd",47.07,gbp,card,settled
A000852,01/01/2026,ACC0067,Dhillon & Sons,18.76,gbp,card,settled
A000853,11/07/2026,ACC0087,"Marlow ""Fine"" Foods",43.07,USD,card,settled
A000854,19/03/2026,ACC0111,Dhillon & Sons,59.94,gbp,card,reversed
A000855,31/03/2026,ACC0001,Northline Freight,24.25,EUR,card,reversed
A000856,06/02/2026,ACC0057,Bolt & Screw Ltd,192.08,GBP,card,pending
A000857,24/01/2026,ACC0086,The Old Print Works,92.31,GBP,card,settled
A000858,28/02/2026,ACC0053,Petra Logistics,627.63,USD,card,settled
A000859,07/07/2026,ACC0101,The Old Print Works,36.72,GBP,card,pending
A000860,10/03/2026,ACC0113,The Old Print Works,9.57,GBP,card,pending
A000861,06/02/2026,ACC0056,Dhillon & Sons,35.0,USD,card,settled
A000862,23/03/2026,ACC0080,Bolt & Screw Ltd,121.59,GBP,direct_debit,settled
A000863,14/03/2026,ACC0064,Northline Freight,45.4,USD,card,settled
A000864,06/03/2026,ACC0066,The Old Print Works,156.99,gbp,card,pending
A000865,18/02/2026,ACC0072,Petra Logistics,23.9,GBP,card,pending
A000866,26/03/2026,ACC0017,Northline Freight,18.16,EUR,direct_debit,pending
A000867,06/02/2026,ACC0080,Harrow Sports Club,255.01,gbp,card,reversed
A000868,06/03/2026,ACC0103,Corner Cafe,180.94,EUR,bank_transfer,pending
A000869,17/02/2026,ACC0053,Ashvale Clinic,,gbp,card,settled
A000870,23/03/2026,ACC0074,Petra Logistics,36.52,GBP,direct_debit,reversed
A000871,25/02/2026,ACC0009,Northline Freight,41.09,GBP,card,failed
A000872,27/02/2026,ACC0081,Harrow Sports Club,110.82,gbp,bank_transfer,failed
A000873,11/03/2026,ACC0050,Dhillon & Sons,217.1,USD,direct_debit,settled
A000874,05/03/2026,ACC0007,Harrow Sports Club,63.44,GBP,card,settled
A000875,11/01/2026,ACC0100,Northline Freight,142.86,USD,bank_transfer,pending
A000876,10/03/2026,ACC0012,The Old Print Works,25.06,gbp,bank_transfer,reversed
A000877,08/02/2026,ACC0042,Petra Logistics,40.26,USD,card,settled
A000878,06/01/2026,ACC0111,Ashvale Clinic,16.82,USD,card,settled
A000879,27/02/2026,ACC0098,Kite Digital,50.78,GBP,card,settled
A000880,18/03/2026,ACC0098,Sandbrook Utilities,470.16,GBP,card,settled
A000881,16/02/2026,ACC0082,Bolt & Screw Ltd,109.39,GBP,card,pending
A000882,30/01/2026,ACC0002,Kite Digital,76.02,GBP,direct_debit,reversed
A000883,17/02/2026,ACC0091,"Wembley Tyres, Ltd",33.52,EUR,card,reversed
A000884,23/03/2026,ACC0074,Dhillon & Sons,16.73,GBP,direct_debit,settled
A000885,02/01/2026,ACC0076,Sandbrook Utilities,96.91,GBP,direct_debit,reversed
A000886,24/03/2026,ACC0101,Petra Logistics,35.13,GBP,bank_transfer,settled
A000887,04/03/2026,ACC0114,"Wembley Tyres, Ltd",304.01,EUR,direct_debit,settled
A000888,30/03/2026,ACC0098,Harrow Sports Club,14.01,GBP,direct_debit,reversed
A000889,21/03/2026,ACC0069,Kite Digital,81.56,GBP,card,reversed
A000890,09/10/2026,ACC0003,Bolt & Screw Ltd,252.09,EUR,card,reversed
A000891,25/01/2026,ACC0094,Northline Freight,65.17,GBP,card,failed
A000892,19/01/2026,ACC0098,Sandbrook Utilities,191.61,USD,card,reversed
A000893,28/02/2026,ACC0591,Petra Logistics,173.18,GBP,bank_transfer,settled
A000894,02/02/2026,ACC0030,Dhillon & Sons,95.1,gbp,direct_debit,settled
A000895,13/02/2026,ACC0028,Dhillon & Sons,153.93,GBP,card,settled
A000896,16/01/2026,ACC0012,"Marlow ""Fine"" Foods",56.09,USD,direct_debit,settled
A000897,16/02/2026,ACC0093,Corner Cafe,67.81,EUR,direct_debit,failed
A000898,03/02/2026,ACC0043,Harrow Sports Club,68.19,gbp,card,failed
A000899,30/03/2026,ACC0069,Petra Logistics,89.74,USD,card,pending
A000900,17/02/2026,ACC0081,"Wembley Tyres, Ltd",80.33,USD,bank_transfer,pending
A000901,25/01/2026,ACC0011,Northline Freight,14.76,EUR,card,pending
A000902,20/01/2026,ACC0102,Petra Logistics,68.1,GBP,bank_transfer,failed
A000903,20/01/2026,ACC0028,"Marlow ""Fine"" Foods",119.1,EUR,direct_debit,settled
A000904,03/03/2026,ACC0099,Dhillon & Sons,32.85,GBP,direct_debit,pending
A000905,26/01/2026,ACC0016,Ashvale Clinic,17.43,USD,card,failed
A000906,13/01/2026,ACC0025,Sandbrook Utilities,38.03,GBP,card,settled
A000907,29/03/2026,ACC0081,The Old Print Works,60.92,USD,direct_debit,settled
A000908,13/02/2026,ACC0004,"Wembley Tyres, Ltd",,USD,card,settled
A000909,27/01/2026,ACC0055,"Wembley Tyres, Ltd",446.16,GBP,card,reversed
A000910,11/01/2026,ACC0006,"Marlow ""Fine"" Foods",77.42,gbp,card,failed
A000911,04/03/2026,ACC0105,Northline Freight,41.0,EUR,card,pending
A000912,14/03/2026,ACC0019,Corner Cafe,96.8,GBP,bank_transfer,settled
A000913,05/12/2026,ACC0115,Corner Cafe,52.5,USD,direct_debit,reversed
A000914,08/01/2026,ACC0064,"Marlow ""Fine"" Foods",126.19,GBP,card,pending
A000915,31/03/2026,ACC0065,The Old Print Works,12.63,EUR,card,settled
A000916,31/01/2026,ACC0109,Sandbrook Utilities,41.07,GBP,bank_transfer,settled
A000917,08/03/2026,ACC0016,Corner Cafe,34.08,USD,card,settled
A000918,12/01/2026,ACC0113,Petra Logistics,254.7,GBP,card,pending
A000234,08/02/2026,ACC0019,Sandbrook Utilities,198.03,GBP,bank_transfer,pending
A000920,02/03/2026,ACC0106,"Wembley Tyres, Ltd",-20.99,EUR,card,reversed
A000921,27/01/2026,ACC0096,Ashvale Clinic,48.12,EUR,bank_transfer,failed
A000922,16/03/2026,ACC0083,Corner Cafe,241.91,GBP,card,failed
A000923,01/01/2026,ACC0074,Corner Cafe,52.08,gbp,card,pending
A000924,22/03/2026,ACC0072,Sandbrook Utilities,42.03,EUR,bank_transfer,pending
A000925,19/01/2026,ACC0078,Bolt & Screw Ltd,43.83,USD,card,settled
A000926,15/01/2026,ACC0076,Bolt & Screw Ltd,38.14,EUR,card,settled
A000927,14/03/2026,ACC0060,Petra Logistics,174.19,EUR,card,settled
A000928,05/04/2026,ACC0090,Kite Digital,28.34,USD,direct_debit,settled
A000929,30/01/2026,ACC0045,"Marlow ""Fine"" Foods",129.18,GBP,direct_debit,settled
A000930,08/01/2026,ACC0093,Kite Digital,45.54,GBP,bank_transfer,pending
A000931,02/08/2026,ACC0002,The Old Print Works,5.51,USD,card,failed
A000932,16/01/2026,ACC0028,"Marlow ""Fine"" Foods",73.31,EUR,card,pending
A000933,20/03/2026,ACC0093,Sandbrook Utilities,112.48,EUR,card,settled
A000934,19/03/2026,ACC0058,Bolt & Screw Ltd,54.75,EUR,bank_transfer,settled
A000935,22/01/2026,ACC0020,Sandbrook Utilities,239.47,EUR,card,failed
A000936,29/03/2026,ACC0020,Northline Freight,7.81,EUR,direct_debit,settled
A000937,19/03/2026,ACC0017,"Wembley Tyres, Ltd",24.98,GBP,card,settled
A000938,20/02/2026,ACC0110,Kite Digital,129.68,USD,card,settled
A000939,07/01/2026,ACC0033,Harrow Sports Club,9.15,GBP,card,reversed
A000940,27/01/2026,ACC0018,Harrow Sports Club,40.15,EUR,direct_debit,failed
A000941,09/03/2026,ACC0083,Dhillon & Sons,67.54,GBP,bank_transfer,settled
A000942,01/01/2026,ACC0024,Bolt & Screw Ltd,199.99,EUR,card,settled
A000943,14/01/2026,ACC0042,"Marlow ""Fine"" Foods",211.45,gbp,card,settled
A000944,14/02/2026,ACC0007,Ashvale Clinic,164.51,GBP,bank_transfer,reversed
A000945,26/03/2026,ACC0068,Bolt & Screw Ltd,23.25,GBP,bank_transfer,pending
A000946,25/01/2026,ACC0006,Northline Freight,112.82,EUR,card,pending
A000947,25/03/2026,ACC0071,Northline Freight,617.61,GBP,card,reversed
A000948,26/01/2026,ACC0508,Northline Freight,108.55,EUR,card,failed
A000949,12/01/2026,ACC0011,"Marlow ""Fine"" Foods",5.65,USD,card,failed
A000950,24/01/2026,ACC0035,"Wembley Tyres, Ltd",84.85,GBP,card,reversed
A000951,26/03/2026,ACC0074,Bolt & Screw Ltd,57.01,GBP,card,settled
A000952,31/01/2026,ACC0018,Sandbrook Utilities,32.67,GBP,direct_debit,failed
A000953,01/03/2026,ACC0012,Corner Cafe,19.96,GBP,card,settled
A000954,04/01/2026,ACC0017,Northline Freight,132.24,EUR,card,failed
A000955,29/03/2026,ACC0038,Dhillon & Sons,100.86,gbp,card,pending
A000956,22/01/2026,ACC0039,The Old Print Works,48.14,gbp,bank_transfer,settled
A000957,12/03/2026,ACC0101,Bolt & Screw Ltd,25.07,GBP,card,failed
A000958,28/02/2026,ACC0101,Petra Logistics,160.5,GBP,card,failed
A000959,02/02/2026,ACC0043,Dhillon & Sons,69.66,USD,card,failed
A000960,13/01/2026,ACC0113,Northline Freight,841.92,EUR,card,settled
A000961,01/11/2026,ACC0044,Petra Logistics,97.52,gbp,direct_debit,pending
A000962,25/03/2026,ACC0042,Ashvale Clinic,,GBP,card,reversed
A000963,10/02/2026,ACC0089,Sandbrook Utilities,166.78,USD,card,failed
A000964,03/11/2026,ACC0018,Bolt & Screw Ltd,74.52,EUR,card,reversed
A000965,25/01/2026,ACC0006,Sandbrook Utilities,91.83,EUR,bank_transfer,failed
A000966,24/01/2026,ACC0012,Harrow Sports Club,37.24,gbp,card,reversed
A000967,18/01/2026,ACC0080,Ashvale Clinic,253.3,GBP,card,settled
A000968,29/01/2026,ACC0069,Harrow Sports Club,101.61,gbp,bank_transfer,reversed
A000969,15/03/2026,ACC0036,Corner Cafe,37.73,gbp,card,settled
A000970,13/03/2026,ACC0103,Corner Cafe,128.04,EUR,direct_debit,settled
A000971,29/03/2026,ACC0077,Petra Logistics,71.35,GBP,card,reversed
A000972,01/01/2026,ACC0071,Harrow Sports Club,129.69,GBP,card,pending
A000973,20/02/2026,ACC0016,Kite Digital,73.24,GBP,card,failed
A000974,21/02/2026,ACC0058,Petra Logistics,34.64,GBP,direct_debit,failed
A000975,13/03/2026,ACC0068,"Marlow ""Fine"" Foods",380.01,GBP,card,pending
A000976,28/01/2026,ACC0017,Sandbrook Utilities,18.45,USD,card,settled
A000977,29/01/2026,  ACC0052 ,Northline Freight,25.94,EUR,card,settled
A000978,09/03/2026,ACC0101,Sandbrook Utilities,8.08,USD,bank_transfer,reversed
A000979,08/02/2026,ACC0081,Ashvale Clinic,173.04,gbp,direct_debit,pending
A000980,01/03/2026,ACC0013,Kite Digital,168.17,GBP,card,settled
A000981,23/03/2026,ACC0035,Dhillon & Sons,53.16,GBP,bank_transfer,failed
A000982,15/01/2026,ACC0118,Dhillon & Sons,25.2,USD,bank_transfer,settled
A000983,13/02/2026,ACC0105,Northline Freight,17.56,gbp,card,settled
A000984,17/03/2026,ACC0041,"Wembley Tyres, Ltd",0.78,GBP,card,settled
A000985,17/02/2026,ACC0034,Dhillon & Sons,22.02,EUR,bank_transfer,settled
A000986,10/01/2026,ACC0072,Petra Logistics,171.35,EUR,card,failed
A000987,13/03/2026,ACC0106,Corner Cafe,142.21,EUR,direct_debit,settled
A000988,07/02/2026,ACC0075,Corner Cafe,26.26,gbp,bank_transfer,reversed
A000989,09/03/2026,ACC0118,Dhillon & Sons,75.04,GBP,bank_transfer,reversed
A000990,02/02/2026,ACC0010,Ashvale Clinic,39.09,USD,direct_debit,settled
A000991,23/01/2026,ACC0036,Sandbrook Utilities,305.29,EUR,direct_debit,reversed
A000992,02/02/2026,ACC0109,"Wembley Tyres, Ltd",36.98,GBP,card,failed
A000993,10/03/2026,ACC0109,"Marlow ""Fine"" Foods",33.16,EUR,direct_debit,settled
A000994,01/01/2026,ACC0070,Harrow Sports Club,386.19,gbp,card,pending
A000995,17/03/2026,ACC0047,Dhillon & Sons,180.59,GBP,card,pending
A000996,03/02/2026,ACC0058,"Wembley Tyres, Ltd",16.38,GBP,card,settled
A000997,30/01/2026,ACC0015,Dhillon & Sons,21.49,USD,card,pending
A000998,21/01/2026,ACC0021,Dhillon & Sons,156.51,USD,direct_debit,settled
A000999,10/03/2026,ACC0058,Sandbrook Utilities,7.27,USD,card,settled
A001000,31/01/2026,ACC0017,Bolt & Screw Ltd,90.83,GBP,direct_debit,pending
A001001,02/03/2026,ACC0111,The Old Print Works,41.77,USD,card,pending
A001002,06/02/2026,ACC0115,Sandbrook Utilities,135.39,gbp,card,settled
A001003,29/01/2026,ACC0031,"Wembley Tyres, Ltd",145.34,USD,direct_debit,failed
A001004,05/03/2026,ACC0111,Harrow Sports Club,38.71,gbp,card,settled
A001005,12/02/2026,ACC0061,Harrow Sports Club,16.74,GBP,direct_debit,reversed
A001006,27/03/2026,ACC0075,Corner Cafe,49.44,GBP,direct_debit,settled
A001007,04/01/2026,ACC0027,Dhillon & Sons,35.3,GBP,bank_transfer,settled
A001008,11/03/2026,ACC0116,Corner Cafe,151.62,gbp,card,reversed
A001009,06/03/2026,ACC0046,Corner Cafe,661.59,GBP,bank_transfer,reversed
A001010,27/02/2026,ACC0081,Kite Digital,368.6,EUR,bank_transfer,settled
A001011,10/03/2026,ACC0115,Dhillon & Sons,50.2,GBP,card,settled
A001012,26/02/2026,ACC0093,Kite Digital,45.82,GBP,card,settled
A001013,08/09/2026,ACC0069,Petra Logistics,9.94,GBP,card,pending
A001014,29/01/2026,ACC0001,Ashvale Clinic,18.89,GBP,direct_debit,reversed
A001015,14/03/2026,ACC0042,Dhillon & Sons,100.61,USD,card,settled
A001016,25/02/2026,ACC0106,Kite Digital,101.92,gbp,card,failed
A001017,01/01/2026,ACC0053,"Wembley Tyres, Ltd",116.75,GBP,direct_debit,reversed
A001018,30/01/2026,ACC0095,The Old Print Works,5.09,GBP,card,pending
A001019,14/03/2026,ACC0014,Northline Freight,42.99,GBP,card,pending
A001020,07/01/2026,ACC0005,Ashvale Clinic,79.67,gbp,bank_transfer,failed
A003644,08/01/2026,ACC0031,Northline Freight,80.93,EUR,card,reversed
A001022,13/02/2026,ACC0066,Kite Digital,23.55,GBP,card,settled
A001023,11/03/2026,ACC0116,"Marlow ""Fine"" Foods",26.14,GBP,bank_transfer,failed
A001024,12/03/2026,ACC0017,Corner Cafe,11.79,gbp,direct_debit,settled
A001025,01/01/2026,ACC0105,"Wembley Tyres, Ltd",61.9,USD,card,settled
A001026,29/03/2026,ACC0054,Northline Freight,26.69,EUR,card,settled
A001027,19/01/2026,ACC0001,Petra Logistics,132.5,gbp,card,pending
A001028,28/02/2026,ACC0062,Harrow Sports Club,320.39,GBP,bank_transfer,pending
A001029,13/03/2026,ACC0025,Petra Logistics,14.9,GBP,bank_transfer,pending
A001030,09/03/2026,ACC0045,Bolt & Screw Ltd,100.86,gbp,bank_transfer,pending
A001031,05/02/2026,ACC0074,Bolt & Screw Ltd,166.02,GBP,direct_debit,settled
A001032,01/07/2026,ACC0102,Sandbrook Utilities,42.6,gbp,card,settled
A001033,05/02/2026,ACC0019,Sandbrook Utilities,7.74,GBP,card,pending
A001034,10/03/2026,ACC0061,Dhillon & Sons,20.57,GBP,card,reversed
A001035,26/03/2026,ACC0076,Sandbrook Utilities,20.16,GBP,card,reversed
A001036,13/01/2026,ACC0097,Bolt & Screw Ltd,1654.3,GBP,card,settled
A001037,17/03/2026,ACC0073,The Old Print Works,22.62,GBP,bank_transfer,reversed
A001038,21/01/2026,ACC0092,Petra Logistics,164.45,GBP,card,settled
A001039,28/01/2026,ACC0117,"Wembley Tyres, Ltd",19.06,USD,direct_debit,settled
A001040,10/01/2026,ACC0091,Northline Freight,52.71,GBP,card,pending
A001041,03/02/2026,ACC0090,Corner Cafe,1002.05,USD,direct_debit,settled
A001042,06/03/2026,ACC0069,Northline Freight,10.09,EUR,card,pending
A001043,03/03/2026,ACC0062,Sandbrook Utilities,1.15,EUR,bank_transfer,settled
A001044,19/02/2026,ACC0081,Sandbrook Utilities,82.62,GBP,card,settled
A001045,20/01/2026,ACC0096,The Old Print Works,36.2,USD,bank_transfer,settled
A001046,20/01/2026,ACC0048,"Wembley Tyres, Ltd",22.8,USD,card,pending
A001047,17/01/2026,ACC0074,Sandbrook Utilities,261.67,GBP,bank_transfer,failed
A001048,31/01/2026,ACC0019,Sandbrook Utilities,39.48,GBP,bank_transfer,settled
A001049,09/02/2026,ACC0037,The Old Print Works,28.01,GBP,card,settled
A001050,05/02/2026,ACC0063,Northline Freight,56.86,gbp,direct_debit,reversed
A001051,12/03/2026,ACC0102,Bolt & Screw Ltd,21.79,USD,bank_transfer,reversed
A001052,02/02/2026,ACC0114,Bolt & Screw Ltd,102.17,EUR,direct_debit,settled
A001053,02/03/2026,ACC0117,Kite Digital,10.21,gbp,card,settled
A001054,31/03/2026,ACC0111,"Marlow ""Fine"" Foods",286.81,gbp,card,pending
A001055,04/02/2026,ACC0034,Ashvale Clinic,51.09,GBP,card,failed
A001056,20/03/2026,ACC0038,"Marlow ""Fine"" Foods",34.62,GBP,card,reversed
A001057,22/01/2026,ACC0079,Sandbrook Utilities,486.51,GBP,direct_debit,settled
A001058,02/03/2026,ACC0037,Corner Cafe,124.8,EUR,direct_debit,settled
A001059,30/01/2026,ACC0033,Ashvale Clinic,37.26,GBP,card,settled
A001060,06/03/2026,ACC0041,Kite Digital,126.24,EUR,bank_transfer,pending
A001061,24/01/2026,ACC0052,Corner Cafe,23.99,GBP,direct_debit,settled
A001062,09/01/2026,ACC0119,Harrow Sports Club,123.99,gbp,card,settled
A001063,31/01/2026,ACC0067,Dhillon & Sons,14.76,GBP,card,failed
A001064,17/01/2026,ACC0075,Ashvale Clinic,59.29,USD,card,settled
A001065,05/08/2026,ACC0014,Dhillon & Sons,82.31,GBP,card,settled
A001066,18/03/2026,ACC0032,"Marlow ""Fine"" Foods",139.52,USD,card,settled
A001067,28/01/2026,ACC0118,Bolt & Screw Ltd,65.11,GBP,card,settled
A001068,13/03/2026,ACC0054,Sandbrook Utilities,,GBP,card,settled
A001069,13/01/2026,ACC0011,Ashvale Clinic,12.07,GBP,card,settled
A001070,18/02/2026,ACC0005,"Marlow ""Fine"" Foods",62.58,gbp,card,failed
A001071,27/02/2026,ACC0056,Kite Digital,157.94,GBP,direct_debit,failed
A001072,23/03/2026,ACC0108,Dhillon & Sons,46.82,GBP,direct_debit,settled
A001073,20/01/2026,ACC0041,Sandbrook Utilities,8.68,GBP,direct_debit,pending
A001074,22/03/2026,ACC0105,Kite Digital,168.35,gbp,card,settled
A001075,02/02/2026,ACC0087,Dhillon & Sons,20.46,gbp,card,settled
A001076,17/03/2026,ACC0110,Petra Logistics,70.43,EUR,card,failed
A001077,26/02/2026,ACC0049,Dhillon & Sons,28.88,gbp,card,reversed
A001078,28/02/2026,ACC0028,Sandbrook Utilities,65.34,EUR,card,settled
A001079,23/03/2026,ACC0063,Sandbrook Utilities,93.76,GBP,direct_debit,pending
A001080,03/01/2026,ACC0060,Corner Cafe,57.17,USD,direct_debit,settled
A001081,11/02/2026,ACC0080,Corner Cafe,38.7,GBP,bank_transfer,pending
A001082,15/02/2026,ACC0084,"Marlow ""Fine"" Foods",139.69,GBP,card,settled
A001083,19/02/2026,ACC0078,Harrow Sports Club,31.38,GBP,card,settled
A001084,28/03/2026,ACC0022,"Wembley Tyres, Ltd",292.45,GBP,card,settled
A001085,01/03/2026,ACC0087,Harrow Sports Club,239.28,gbp,bank_transfer,reversed
A001086,15/02/2026,ACC0080,Kite Digital,569.52,GBP,bank_transfer,failed
A001087,11/02/2026,ACC0020,Kite Digital,22.22,GBP,card,reversed
A001088,24/03/2026,ACC0014,Bolt & Screw Ltd,29.23,GBP,bank_transfer,pending
A001089,16/02/2026,ACC0091,Harrow Sports Club,53.71,GBP,card,pending
A001090,11/03/2026,ACC0091,"Wembley Tyres, Ltd",20.7,USD,bank_transfer,settled
A001091,23/02/2026,ACC0021,Harrow Sports Club,24.78,EUR,direct_debit,settled
A001092,26/03/2026,ACC0062,Corner Cafe,20.85,EUR,card,settled
A001093,11/01/2026,ACC0027,Sandbrook Utilities,27.7,GBP,card,settled
A001094,31/03/2026,ACC0038,Bolt & Screw Ltd,46.4,GBP,bank_transfer,reversed
A001095,01/03/2026,ACC0071,Petra Logistics,53.35,GBP,card,pending
A001096,06/01/2026,ACC0010,Petra Logistics,21.43,EUR,card,pending
A001097,31/01/2026,ACC0084,Harrow Sports Club,6.7,GBP,card,settled
A001098,11/03/2026,ACC0098,"Marlow ""Fine"" Foods",31.38,GBP,card,pending
A001099,25/02/2026,ACC0009,Corner Cafe,111.16,EUR,card,reversed
A001100,19/01/2026,ACC0034,"Wembley Tyres, Ltd",62.19,GBP,card,settled
A001101,03/01/2026,ACC0066,"Wembley Tyres, Ltd",186.18,GBP,card,settled
A001102,07/02/2026,ACC0060,"Wembley Tyres, Ltd",10.9,EUR,card,settled
A001103,08/03/2026,ACC0078,Dhillon & Sons,37.91,GBP,card,failed
A001104,11/02/2026,ACC0072,Petra Logistics,4.24,GBP,bank_transfer,settled
A001105,05/03/2026,ACC0002,"Wembley Tyres, Ltd",33.54,GBP,card,settled
A001106,10/02/2026,ACC0021,Harrow Sports Club,84.93,EUR,card,settled
A001107,25/01/2026,ACC0104,Petra Logistics,90.99,GBP,bank_transfer,settled
A001108,13/02/2026,ACC0096,"Wembley Tyres, Ltd",11.38,EUR,direct_debit,failed
A001109,08/01/2026,ACC0094,Bolt & Screw Ltd,11.33,GBP,card,settled
A001110,19/02/2026,ACC0027,Petra Logistics,41.56,USD,bank_transfer,pending
A001111,09/10/2026,ACC0062,Harrow Sports Club,22.52,gbp,card,failed
A001112,06/03/2026,ACC0006,Corner Cafe,14.62,USD,card,reversed
A001113,06/01/2026,ACC0014,Kite Digital,209.64,USD,direct_debit,settled
A001114,21/02/2026,ACC0091,Harrow Sports Club,9.95,GBP,card,settled
A001115,14/02/2026,ACC0039,The Old Print Works,1.62,gbp,card,failed
A001116,10/03/2026,ACC0043,Northline Freight,52.35,gbp,direct_debit,failed
A001117,13/03/2026,ACC0055,The Old Print Works,26.65,GBP,card,settled
A001118,03/03/2026,ACC0024,Petra Logistics,24.12,EUR,card,settled
A001119,01/02/2026,ACC0090,Petra Logistics,176.91,GBP,bank_transfer,settled
A001120,11/01/2026,ACC0055,"Marlow ""Fine"" Foods",332.11,GBP,bank_transfer,pending
A001121,12/01/2026,ACC0120,Dhillon & Sons,191.51,GBP,card,settled
A001122,21/02/2026,ACC0066,Northline Freight,37.29,GBP,card,settled
A001123,09/01/2026,ACC0048,Kite Digital,112.09,gbp,direct_debit,settled
A001124,17/01/2026,ACC0037,"Marlow ""Fine"" Foods",21.55,EUR,bank_transfer,settled
A001125,25/02/2026,ACC0086,Sandbrook Utilities,10.68,USD,card,settled
A001126,16/01/2026,ACC0075,Northline Freight,26.49,GBP,card,settled
A001127,10/01/2026,ACC0072,Dhillon & Sons,11.49,GBP,card,settled
A001128,04/03/2026,ACC0066,Northline Freight,86.5,gbp,card,settled
A001129,28/01/2026,ACC0011,Ashvale Clinic,70.89,GBP,direct_debit,settled
A001130,15/01/2026,ACC0051,Ashvale Clinic,56.81,GBP,card,pending
A001131,30/03/2026,ACC0114,Ashvale Clinic,55.18,GBP,card,settled
A001132,06/02/2026,ACC0120,"Marlow ""Fine"" Foods",190.83,GBP,bank_transfer,reversed
A001133,26/01/2026,ACC0110,Harrow Sports Club,59.6,GBP,bank_transfer,settled
A001134,19/02/2026,ACC0072,Petra Logistics,115.41,USD,bank_transfer,settled
A001135,02/01/2026,ACC0112,Corner Cafe,24.25,gbp,direct_debit,settled
A001136,28/01/2026,ACC0006,Ashvale Clinic,73.98,USD,card,pending
A001137,30/03/2026,ACC0055,"Marlow ""Fine"" Foods",52.57,EUR,direct_debit,reversed
A001138,02/02/2026,ACC0106,"Marlow ""Fine"" Foods",8.76,GBP,bank_transfer,settled
A001139,03/02/2026,ACC0016,Harrow Sports Club,53.89,EUR,bank_transfer,settled
A001140,28/03/2026,ACC0075,Kite Digital,50.85,USD,card,pending
A001141,25/03/2026,ACC0028,Corner Cafe,295.08,GBP,card,pending
A001142,19/03/2026,ACC0097,Petra Logistics,29.99,USD,bank_transfer,settled
A001143,12/03/2026,ACC0015,Sandbrook Utilities,20.26,USD,direct_debit,settled
A001144,22/02/2026,ACC0100,Ashvale Clinic,6.89,USD,card,failed
A001145,03/03/2026,ACC0012,Sandbrook Utilities,40.19,GBP,bank_transfer,settled
A001146,16/02/2026,ACC0062,Harrow Sports Club,625.56,USD,card,settled
A001147,12/02/2026,ACC0107,Kite Digital,23.73,USD,card,pending
A001148,21/02/2026,ACC0091,Kite Digital,19.91,EUR,direct_debit,settled
A001149,28/01/2026,ACC0070,Northline Freight,185.95,gbp,card,settled
A001150,12/01/2026,ACC0109,Bolt & Screw Ltd,28.32,GBP,card,settled
A001151,27/03/2026,ACC0023,Petra Logistics,,EUR,card,pending
A001152,13/03/2026,ACC0015,Petra Logistics,15.63,GBP,card,reversed
A001153,18/03/2026,ACC0040,Sandbrook Utilities,9.79,GBP,bank_transfer,settled
A001154,19/03/2026,ACC0011,Ashvale Clinic,59.8,GBP,card,settled
A001155,09/03/2026,ACC0060,Sandbrook Utilities,43.88,GBP,card,failed
A001156,05/02/2026,ACC0091,Petra Logistics,33.73,gbp,card,pending
A001157,21/01/2026,ACC0117,Sandbrook Utilities,172.15,GBP,card,settled
A001158,10/01/2026,ACC0001,Ashvale Clinic,4.15,GBP,card,settled
A001159,10/02/2026,ACC0045,Kite Digital,12.39,GBP,card,pending
A001160,07/03/2026,ACC0118,Bolt & Screw Ltd,119.36,gbp,bank_transfer,reversed
A001161,09/03/2026,ACC0016,"Wembley Tyres, Ltd",23.89,GBP,card,settled
A001162,20/03/2026,ACC0037,Sandbrook Utilities,36.35,EUR,card,reversed
A001163,21/02/2026,ACC0105,Corner Cafe,30.58,gbp,bank_transfer,settled
A001164,11/01/2026,ACC0062,Sandbrook Utilities,29.46,GBP,card,failed
A001165,20/01/2026,ACC0034,Kite Digital,18.09,gbp,card,settled
A001166,01/03/2026,ACC0113,Corner Cafe,-176.04,GBP,card,settled
A001167,12/12/2026,ACC0091,Sandbrook Utilities,792.0,USD,direct_debit,reversed
A001168,07/02/2026,ACC0058,Bolt & Screw Ltd,56.52,gbp,direct_debit,settled
A001169,08/02/2026,ACC0052,Corner Cafe,33.09,GBP,card,settled
A001170,05/01/2026,ACC0060,The Old Print Works,336.18,EUR,bank_transfer,settled
A001171,09/03/2026,ACC0064,Sandbrook Utilities,93.36,GBP,bank_transfer,settled
A001172,03/02/2026,ACC0044,Ashvale Clinic,54.05,EUR,card,failed
A001173,23/03/2026,ACC0001,Kite Digital,82.58,EUR,direct_debit,settled
A001174,14/02/2026,ACC0033,Kite Digital,51.08,gbp,card,settled
A001175,18/03/2026,ACC0070,Dhillon & Sons,35.15,GBP,card,settled
A001176,12/01/2026,ACC0091,Ashvale Clinic,82.8,EUR,bank_transfer,settled
A001177,06/01/2026,ACC0089,Dhillon & Sons,198.99,gbp,card,settled
A001178,26/02/2026,ACC0031,Kite Digital,62.65,GBP,card,failed
A001179,06/01/2026,ACC0035,Ashvale Clinic,6.21,gbp,card,reversed
A001180,10/02/2026,  ACC0007 ,"Marlow ""Fine"" Foods",167.49,GBP,direct_debit,failed
A001181,19/03/2026,ACC0041,Petra Logistics,29.37,GBP,card,settled
A001182,29/03/2026,ACC0014,Northline Freight,59.05,GBP,card,reversed
A001183,05/02/2026,ACC0062,Northline Freight,77.34,GBP,bank_transfer,pending
A001184,11/02/2026,ACC0076,Petra Logistics,45.59,USD,card,settled
A001185,05/02/2026,ACC0070,Corner Cafe,433.57,gbp,card,reversed
A001186,16/02/2026,ACC0037,Northline Freight,60.29,USD,card,settled
A001187,28/01/2026,ACC0033,Kite Digital,54.85,GBP,card,settled
A001188,07/03/2026,ACC0016,Ashvale Clinic,38.39,GBP,bank_transfer,settled
A001189,18/03/2026,ACC0105,The Old Print Works,82.01,GBP,direct_debit,settled
A001190,16/01/2026,ACC0086,Northline Freight,75.44,GBP,direct_debit,settled
A001191,21/02/2026,ACC0112,Petra Logistics,51.62,GBP,bank_transfer,settled
A001192,08/01/2026,ACC0066,"Wembley Tyres, Ltd",24.19,GBP,bank_transfer,pending
A001193,12/03/2026,ACC0067,"Wembley Tyres, Ltd",59.53,USD,card,pending
A001194,08/03/2026,ACC0020,"Wembley Tyres, Ltd",303.13,GBP,bank_transfer,reversed
A001195,16/03/2026,ACC0116,Sandbrook Utilities,83.13,GBP,direct_debit,settled
A001196,08/03/2026,ACC0053,Dhillon & Sons,32.26,EUR,card,settled
A001197,04/03/2026,ACC0032,Ashvale Clinic,275.94,EUR,card,failed
A001198,31/03/2026,ACC0099,Petra Logistics,54.67,EUR,direct_debit,failed
A001199,15/01/2026,ACC0019,Kite Digital,126.83,GBP,direct_debit,pending
A001200,14/02/2026,ACC0054,The Old Print Works,18.41,GBP,card,settled
A001201,17/02/2026,ACC0092,Petra Logistics,101.01,GBP,direct_debit,settled
A001202,01/02/2026,ACC0027,Ashvale Clinic,4.46,EUR,card,settled
A001203,31/03/2026,ACC0111,The Old Print Works,31.34,GBP,card,failed
A001204,17/03/2026,ACC0030,Ashvale Clinic,179.15,GBP,card,settled
A001205,01/02/2026,ACC0025,Harrow Sports Club,60.68,GBP,card,settled
A001206,20/01/2026,ACC0104,Northline Freight,18.24,GBP,card,failed
A001207,06/02/2026,ACC0006,Corner Cafe,127.59,GBP,bank_transfer,reversed
A001208,17/01/2026,ACC0026,The Old Print Works,57.75,EUR,card,reversed
A001209,15/01/2026,ACC0005,"Marlow ""Fine"" Foods",5.08,USD,card,settled
A001210,10/03/2026,ACC0026,Northline Freight,201.4,GBP,direct_debit,reversed
A001211,03/08/2026,ACC0084,The Old Print Works,31.69,GBP,bank_transfer,pending
A001212,04/03/2026,ACC0104,The Old Print Works,54.11,GBP,card,settled
A001213,28/01/2026,ACC0109,Sandbrook Utilities,208.16,gbp,card,failed
A001214,28/01/2026,ACC0050,Kite Digital,449.18,gbp,bank_transfer,pending
A001215,25/03/2026,ACC0019,Sandbrook Utilities,139.49,GBP,bank_transfer,failed
A001216,18/01/2026,ACC0074,"Marlow ""Fine"" Foods",108.51,gbp,card,settled
A001217,12/09/2026,ACC0086,"Marlow ""Fine"" Foods",224.82,EUR,direct_debit,settled
A001218,23/03/2026,ACC0081,Dhillon & Sons,36.49,GBP,card,settled
A001219,23/02/2026,ACC0105,Bolt & Screw Ltd,86.38,GBP,bank_transfer,settled
A001220,03/06/2026,ACC0019,Harrow Sports Club,37.5,gbp,direct_debit,settled
A001221,14/02/2026,ACC0049,The Old Print Works,353.25,GBP,card,settled
A001222,23/02/2026,ACC0067,Bolt & Screw Ltd,35.25,gbp,card,pending
A001223,06/01/2026,ACC0048,Corner Cafe,12.48,GBP,card,settled
A001224,10/01/2026,ACC0004,The Old Print Works,79.55,GBP,card,failed
A001225,07/03/2026,ACC0033,Ashvale Clinic,146.48,USD,card,failed
A001226,12/03/2026,ACC0012,The Old Print Works,32.28,gbp,card,pending
A001227,06/03/2026,ACC0051,Ashvale Clinic,66.55,GBP,direct_debit,settled
A001228,26/01/2026,ACC0073,"Wembley Tyres, Ltd",29.12,gbp,card,settled
A001229,16/01/2026,ACC0005,"Wembley Tyres, Ltd",27.59,GBP,card,settled
A001230,20/01/2026,ACC0054,Harrow Sports Club,36.21,GBP,card,settled
A001231,02/02/2026,ACC0097,Petra Logistics,22.47,USD,direct_debit,pending
A001232,21/03/2026,ACC0116,Kite Digital,33.02,EUR,bank_transfer,pending
A001233,14/03/2026,ACC0117,Ashvale Clinic,557.75,USD,direct_debit,settled
A001234,01/01/2026,ACC0107,Corner Cafe,65.1,USD,card,settled
A001235,07/09/2026,ACC0112,Sandbrook Utilities,91.97,EUR,direct_debit,failed
A001236,19/01/2026,ACC0026,Kite Digital,61.13,EUR,direct_debit,failed
A001237,13/02/2026,ACC0017,"Marlow ""Fine"" Foods",123.45,USD,card,settled
A001238,24/01/2026,ACC0047,Corner Cafe,866.92,GBP,card,settled
A001239,17/03/2026,ACC0119,Corner Cafe,12.57,GBP,bank_transfer,settled
A001240,04/03/2026,ACC0090,Dhillon & Sons,113.55,USD,bank_transfer,pending
A001241,12/02/2026,ACC0030,Dhillon & Sons,84.95,USD,card,pending
A001242,01/07/2026,ACC0088,Kite Digital,23.12,GBP,direct_debit,reversed
A001243,18/03/2026,ACC0064,Bolt & Screw Ltd,214.52,GBP,card,failed
A001244,19/03/2026,ACC0102,Dhillon & Sons,21.55,EUR,bank_transfer,settled
A001245,03/01/2026,ACC0026,Petra Logistics,90.12,GBP,card,settled
A001246,03/03/2026,ACC0057,"Wembley Tyres, Ltd",45.54,USD,bank_transfer,failed
A001247,17/01/2026,ACC0090,Northline Freight,16.61,gbp,card,reversed
A001248,01/03/2026,ACC0100,"Wembley Tyres, Ltd",79.21,GBP,card,settled
A001249,27/03/2026,ACC0004,Corner Cafe,71.55,GBP,card,settled
A001250,16/03/2026,ACC0103,Dhillon & Sons,276.25,EUR,card,settled
A001251,13/02/2026,ACC0029,Harrow Sports Club,172.11,GBP,bank_transfer,reversed
A001252,07/02/2026,ACC0072,Bolt & Screw Ltd,49.17,EUR,direct_debit,settled
A001253,13/02/2026,ACC0096,Sandbrook Utilities,350.59,USD,card,pending
A001254,25/02/2026,ACC0008,The Old Print Works,25.34,EUR,card,settled
A001255,02/01/2026,ACC0020,Dhillon & Sons,23.36,USD,card,reversed
A001256,11/02/2026,ACC0018,Kite Digital,150.07,gbp,direct_debit,settled
A001257,25/03/2026,ACC0068,Sandbrook Utilities,33.47,EUR,card,settled
A001258,22/03/2026,ACC0012,The Old Print Works,196.74,USD,card,settled
A001259,17/01/2026,ACC0035,Sandbrook Utilities,166.92,gbp,card,failed
A001260,02/03/2026,ACC0108,Petra Logistics,56.45,gbp,direct_debit,settled
A001261,20/01/2026,ACC0118,The Old Print Works,133.47,GBP,direct_debit,settled
A001262,09/03/2026,ACC0042,Sandbrook Utilities,13.04,GBP,bank_transfer,settled
A001263,13/02/2026,ACC0041,The Old Print Works,86.62,EUR,card,settled
A001264,21/01/2026,ACC0108,Northline Freight,60.08,EUR,direct_debit,pending
A001265,20/03/2026,ACC0030,Sandbrook Utilities,76.7,GBP,card,pending
A001266,04/01/2026,ACC0105,Bolt & Screw Ltd,16.28,EUR,card,failed
A001267,28/02/2026,ACC0089,Dhillon & Sons,37.69,GBP,card,settled
A001268,30/01/2026,ACC0073,Dhillon & Sons,52.53,GBP,card,failed
A001269,19/01/2026,ACC0011,The Old Print Works,190.83,GBP,direct_debit,failed
A001270,09/02/2026,ACC0109,Corner Cafe,194.82,gbp,direct_debit,reversed
A001271,20/03/2026,ACC0064,Dhillon & Sons,45.31,GBP,card,pending
A001272,30/03/2026,ACC0038,Northline Freight,24.32,USD,bank_transfer,settled
A001273,02/03/2026,ACC0048,"Marlow ""Fine"" Foods",21.68,gbp,direct_debit,settled
A001274,16/02/2026,ACC0057,Northline Freight,29.19,GBP,bank_transfer,settled
A001275,28/03/2026,ACC0056,"Wembley Tyres, Ltd",36.09,EUR,direct_debit,reversed
A001276,11/06/2026,ACC0083,Harrow Sports Club,258.56,USD,bank_transfer,settled
A001277,03/01/2026,ACC0022,Harrow Sports Club,127.11,GBP,card,settled
A001278,21/03/2026,ACC0039,Dhillon & Sons,35.4,EUR,card,settled
A001279,06/09/2026,ACC0104,The Old Print Works,37.46,EUR,card,settled
A001280,24/02/2026,ACC0104,Ashvale Clinic,75.77,gbp,direct_debit,settled
A001281,13/01/2026,ACC0103,Dhillon & Sons,39.45,EUR,card,reversed
A001282,10/03/2026,ACC0100,Corner Cafe,35.48,gbp,card,settled
A001283,28/02/2026,ACC0087,Petra Logistics,16.07,EUR,direct_debit,settled
A001284,12/11/2026,ACC0062,Sandbrook Utilities,748.45,gbp,direct_debit,pending
A001285,10/02/2026,ACC0095,Ashvale Clinic,49.93,USD,card,failed
A001286,27/01/2026,ACC0049,Corner Cafe,26.59,GBP,card,pending
A001287,14/02/2026,ACC0037,Sandbrook Utilities,94.13,GBP,bank_transfer,settled
A001288,16/02/2026,ACC0097,Kite Digital,243.78,USD,bank_transfer,settled
A001289,25/01/2026,ACC0064,Kite Digital,93.11,GBP,card,pending
A001290,28/02/2026,ACC0031,Ashvale Clinic,42.04,gbp,card,settled
A001291,18/02/2026,ACC0084,Ashvale Clinic,137.62,EUR,card,failed
A001292,28/03/2026,ACC0096,Bolt & Screw Ltd,263.65,EUR,card,settled
A001293,09/02/2026,ACC0083,"Wembley Tyres, Ltd",262.78,GBP,direct_debit,pending
A001294,19/02/2026,ACC0107,"Wembley Tyres, Ltd",25.63,EUR,direct_debit,settled
A001295,16/02/2026,ACC0024,Bolt & Screw Ltd,10.25,GBP,bank_transfer,reversed
A001296,13/03/2026,ACC0112,The Old Print Works,10.95,USD,card,settled
A001297,16/01/2026,ACC0058,Ashvale Clinic,349.59,GBP,card,settled
A001298,15/02/2026,ACC0007,Sandbrook Utilities,93.24,GBP,card,reversed
A001299,03/02/2026,ACC0075,Bolt & Screw Ltd,76.5,GBP,bank_transfer,pending
A001300,29/03/2026,ACC0055,Corner Cafe,259.24,GBP,direct_debit,failed
A001301,15/03/2026,ACC0115,The Old Print Works,8.28,GBP,card,settled
A001302,21/03/2026,ACC0025,Northline Freight,52.07,GBP,card,settled
A001303,08/02/2026,ACC0088,Harrow Sports Club,21.54,USD,card,settled
A001304,17/02/2026,ACC0101,Petra Logistics,16.9,GBP,card,settled
A001305,06/01/2026,ACC0014,Harrow Sports Club,41.08,GBP,card,reversed
A001306,12/02/2026,ACC0053,Ashvale Clinic,83.8,GBP,card,settled
A001307,05/01/2026,ACC0066,Sandbrook Utilities,101.88,GBP,direct_debit,pending
A001308,08/02/2026,ACC0069,Dhillon & Sons,296.72,EUR,card,pending
A001309,21/02/2026,ACC0015,"Marlow ""Fine"" Foods",78.37,GBP,card,settled
A001310,21/03/2026,ACC0083,Petra Logistics,52.9,GBP,card,pending
A001311,30/01/2026,ACC0115,Northline Freight,272.94,USD,direct_debit,reversed
A001312,26/01/2026,ACC0063,Bolt & Screw Ltd,171.93,USD,bank_transfer,settled
A001313,09/11/2026,ACC0007,"Wembley Tyres, Ltd",26.29,GBP,bank_transfer,pending
A001314,05/03/2026,ACC0033,Northline Freight,102.0,GBP,card,reversed
A001315,01/02/2026,ACC0010,Sandbrook Utilities,53.55,GBP,card,failed
A001316,13/01/2026,ACC0014,"Marlow ""Fine"" Foods",130.71,EUR,card,failed
A001317,17/03/2026,ACC0007,Sandbrook Utilities,93.35,GBP,bank_transfer,settled
A001318,30/01/2026,ACC0021,Bolt & Screw Ltd,158.78,GBP,bank_transfer,failed
A001319,15/01/2026,ACC0118,"Marlow ""Fine"" Foods",181.24,GBP,card,settled
A001320,21/01/2026,ACC0097,Corner Cafe,96.49,GBP,card,settled
A001321,11/03/2026,ACC0065,Corner Cafe,32.22,GBP,card,settled
A001322,12/01/2026,ACC0042,"Marlow ""Fine"" Foods",12.24,GBP,card,settled
A001323,25/03/2026,ACC0115,Harrow Sports Club,390.4,GBP,bank_transfer,settled
A001324,12/02/2026,ACC0066,Kite Digital,175.71,gbp,direct_debit,settled
A001325,02/02/2026,ACC0066,Harrow Sports Club,19.79,gbp,card,settled
A001326,07/12/2026,ACC0011,The Old Print Works,80.34,GBP,card,reversed
A001327,04/06/2026,ACC0019,The Old Print Works,10.11,GBP,card,failed
A001328,07/01/2026,ACC0088,Harrow Sports Club,77.26,GBP,card,settled
A001329,08/08/2026,ACC0042,Sandbrook Utilities,164.79,EUR,card,pending
A001330,13/03/2026,ACC0084,Corner Cafe,206.04,GBP,direct_debit,settled
A001331,25/01/2026,ACC0040,Sandbrook Utilities,141.0,GBP,card,pending
A001332,23/02/2026,ACC0111,The Old Print Works,4.98,GBP,card,pending
A001333,19/03/2026,ACC0078,Dhillon & Sons,64.23,GBP,card,reversed
A001334,08/02/2026,ACC0103,Harrow Sports Club,148.84,GBP,card,settled
A001335,09/03/2026,ACC0083,Bolt & Screw Ltd,21.75,EUR,bank_transfer,settled
A001336,22/02/2026,ACC0007,Northline Freight,51.75,GBP,direct_debit,failed
A001337,08/02/2026,ACC0029,Corner Cafe,59.74,GBP,direct_debit,settled
A001338,20/01/2026,ACC0050,Corner Cafe,82.58,USD,card,pending
A001339,06/03/2026,ACC0011,"Marlow ""Fine"" Foods",423.46,GBP,card,reversed
A001340,26/03/2026,ACC0059,Petra Logistics,18.81,GBP,card,settled
A001341,27/03/2026,ACC0106,Sandbrook Utilities,160.58,USD,card,failed
A001342,17/02/2026,ACC0010,Harrow Sports Club,44.83,GBP,direct_debit,settled
A001343,12/03/2026,ACC0094,Corner Cafe,51.75,gbp,direct_debit,reversed
A001344,12/06/2026,ACC0026,"Wembley Tyres, Ltd",13.38,GBP,bank_transfer,failed
A001345,20/02/2026,ACC0062,The Old Print Works,71.38,GBP,card,settled
A001346,19/02/2026,ACC0056,Corner Cafe,50.15,GBP,bank_transfer,pending
A001347,07/02/2026,ACC0055,Bolt & Screw Ltd,38.02,USD,card,settled
A001348,10/02/2026,ACC0045,Sandbrook Utilities,21.93,GBP,bank_transfer,settled
A001349,11/02/2026,ACC0116,Corner Cafe,79.4,GBP,card,settled
A001350,22/02/2026,ACC0039,Bolt & Screw Ltd,16.47,GBP,card,settled
A001351,17/02/2026,ACC0043,Ashvale Clinic,43.18,GBP,card,pending
A001352,02/02/2026,ACC0079,Ashvale Clinic,21.25,GBP,card,reversed
A001353,17/03/2026,ACC0108,Bolt & Screw Ltd,46.76,GBP,direct_debit,settled
A001354,23/02/2026,ACC0054,Harrow Sports Club,295.27,GBP,bank_transfer,settled
A001355,19/03/2026,ACC0089,Harrow Sports Club,167.58,EUR,card,reversed
A001356,16/03/2026,ACC0034,Kite Digital,121.76,EUR,bank_transfer,settled
A001357,23/02/2026,ACC0055,Sandbrook Utilities,23.31,gbp,card,settled
A001358,07/02/2026,ACC0083,Petra Logistics,188.4,GBP,card,pending
A001359,12/02/2026,ACC0014,"Marlow ""Fine"" Foods",64.01,gbp,direct_debit,settled
A001360,28/03/2026,ACC0011,"Marlow ""Fine"" Foods",41.39,gbp,direct_debit,settled
A001361,04/03/2026,ACC0043,Sandbrook Utilities,108.46,GBP,card,settled
A001362,02/02/2026,ACC0076,Corner Cafe,512.68,USD,direct_debit,failed
A001363,21/02/2026,ACC0013,Ashvale Clinic,263.11,GBP,card,settled
A001364,13/02/2026,ACC0029,Corner Cafe,147.81,gbp,direct_debit,settled
A001365,18/03/2026,ACC0116,Northline Freight,65.34,USD,direct_debit,settled
A001366,23/02/2026,ACC0084,Dhillon & Sons,67.04,USD,bank_transfer,reversed
A001367,31/01/2026,ACC0091,Sandbrook Utilities,106.36,gbp,card,settled
A001368,14/02/2026,ACC0005,Dhillon & Sons,188.77,GBP,card,reversed
A001369,20/01/2026,ACC0070,"Wembley Tyres, Ltd",9.84,USD,card,reversed
A001370,10/02/2026,ACC0010,"Marlow ""Fine"" Foods",126.41,GBP,card,pending
A001371,01/03/2026,ACC0073,"Wembley Tyres, Ltd",18.68,EUR,card,pending
A001372,13/02/2026,ACC0084,Kite Digital,179.17,GBP,direct_debit,settled
A001373,23/03/2026,ACC0010,Northline Freight,127.09,USD,card,pending
A001374,10/01/2026,ACC0062,The Old Print Works,59.06,USD,card,settled
A001375,23/01/2026,ACC0063,Kite Digital,10.7,USD,card,settled
A001376,04/01/2026,ACC0113,Sandbrook Utilities,129.9,GBP,bank_transfer,settled
A001377,09/02/2026,ACC0007,Corner Cafe,36.56,gbp,card,settled
A000255,16/03/2026,ACC0096,Kite Digital,249.1,EUR,direct_debit,settled
A001379,26/02/2026,ACC0011,Corner Cafe,126.98,USD,card,settled
A001380,02/01/2026,ACC0063,Dhillon & Sons,28.53,GBP,card,failed
A001381,12/01/2026,ACC0046,Bolt & Screw Ltd,74.87,USD,direct_debit,reversed
A001382,13/01/2026,ACC0046,"Wembley Tyres, Ltd",52.41,EUR,direct_debit,pending
A001383,23/03/2026,ACC0042,Northline Freight,10.53,GBP,bank_transfer,settled
A001384,14/02/2026,ACC0048,Dhillon & Sons,96.51,gbp,bank_transfer,reversed
A001385,26/02/2026,ACC0047,Sandbrook Utilities,30.43,GBP,card,reversed
A001386,29/03/2026,ACC0058,Northline Freight,91.92,EUR,bank_transfer,settled
A001387,14/03/2026,ACC0012,Ashvale Clinic,40.89,gbp,card,failed
A001388,20/02/2026,ACC0107,Petra Logistics,70.8,GBP,card,settled
A001389,25/02/2026,ACC0042,Dhillon & Sons,,GBP,card,reversed
A001390,07/01/2026,ACC0006,Dhillon & Sons,42.68,gbp,card,failed
A001391,03/08/2026,ACC0003,Kite Digital,39.37,USD,card,pending
A001392,19/03/2026,ACC0087,The Old Print Works,74.81,USD,card,settled
A001393,05/05/2026,ACC0004,Bolt & Screw Ltd,49.08,GBP,card,pending
A001394,07/01/2026,ACC0008,"Marlow ""Fine"" Foods",51.24,GBP,card,reversed
A001395,24/03/2026,ACC0056,Bolt & Screw Ltd,33.12,EUR,card,pending
A001396,08/06/2026,ACC0096,Kite Digital,86.47,gbp,card,reversed
A001397,17/03/2026,ACC0120,"Marlow ""Fine"" Foods",11.36,GBP,direct_debit,settled
A001398,11/01/2026,ACC0064,Kite Digital,60.21,GBP,card,reversed
A001399,11/01/2026,ACC0002,Harrow Sports Club,337.57,USD,direct_debit,pending
A001400,17/01/2026,ACC0595,Sandbrook Utilities,177.08,USD,card,settled
A001401,03/01/2026,ACC0113,"Marlow ""Fine"" Foods",122.18,GBP,bank_transfer,settled
A001402,22/03/2026,ACC0049,Harrow Sports Club,6.5,GBP,card,reversed
A001403,30/01/2026,ACC0057,Bolt & Screw Ltd,2.06,USD,card,reversed
A001404,20/01/2026,ACC0092,"Wembley Tyres, Ltd",108.39,gbp,card,settled
A001405,17/03/2026,ACC0015,"Wembley Tyres, Ltd",47.31,GBP,card,settled
A001406,29/01/2026,ACC0011,Harrow Sports Club,7.04,GBP,card,failed
A001407,24/02/2026,ACC0065,"Wembley Tyres, Ltd",298.04,EUR,bank_transfer,settled
A001408,28/02/2026,ACC0081,Petra Logistics,172.27,GBP,card,pending
A001409,09/10/2026,ACC0018,Ashvale Clinic,194.12,EUR,bank_transfer,pending
A001410,08/03/2026,ACC0063,The Old Print Works,15.15,EUR,card,pending
A001411,28/01/2026,ACC0081,"Wembley Tyres, Ltd",21.11,EUR,card,failed
A001412,22/02/2026,ACC0048,Northline Freight,18.57,gbp,direct_debit,settled
A001413,27/03/2026,ACC0071,Sandbrook Utilities,35.36,gbp,card,failed
A001414,21/02/2026,ACC0119,Harrow Sports Club,42.37,GBP,direct_debit,reversed
A001415,15/01/2026,ACC0020,Sandbrook Utilities,71.49,USD,bank_transfer,pending
A001416,17/01/2026,ACC0014,Northline Freight,27.24,GBP,bank_transfer,settled
A001417,24/03/2026,ACC0046,The Old Print Works,93.8,EUR,bank_transfer,pending
A001418,15/03/2026,ACC0025,Harrow Sports Club,162.5,EUR,card,pending
A001419,11/02/2026,ACC0060,Sandbrook Utilities,112.6,USD,card,reversed
A001420,03/01/2026,ACC0112,Kite Digital,83.68,GBP,direct_debit,settled
A001421,25/01/2026,ACC0056,Dhillon & Sons,41.92,gbp,direct_debit,reversed
A001422,08/03/2026,ACC0064,"Marlow ""Fine"" Foods",60.29,gbp,direct_debit,pending
A001423,14/03/2026,ACC0093,"Marlow ""Fine"" Foods",101.35,GBP,card,settled
A001424,02/02/2026,ACC0036,"Marlow ""Fine"" Foods",564.74,GBP,card,settled
A001425,01/02/2026,ACC0040,Sandbrook Utilities,57.91,gbp,bank_transfer,settled
A001426,22/02/2026,ACC0082,Dhillon & Sons,19.01,USD,card,settled
A001427,17/02/2026,ACC0055,"Marlow ""Fine"" Foods",84.47,gbp,card,settled
A001428,27/03/2026,ACC0065,Petra Logistics,61.55,USD,card,settled
A001429,27/01/2026,ACC0089,Sandbrook Utilities,77.31,GBP,card,reversed
A001430,11/02/2026,ACC0067,Dhillon & Sons,10.0,USD,card,failed
A001431,01/02/2026,ACC0037,"Wembley Tyres, Ltd",18.53,GBP,card,pending
A001432,20/03/2026,ACC0062,"Wembley Tyres, Ltd",40.34,gbp,card,settled
A001433,11/02/2026,ACC0120,The Old Print Works,38.19,EUR,direct_debit,failed
A001434,29/01/2026,ACC0113,Ashvale Clinic,17.24,EUR,direct_debit,settled
A001435,25/01/2026,ACC0048,"Wembley Tyres, Ltd",102.03,GBP,card,settled
A001436,10/03/2026,ACC0018,Petra Logistics,77.45,gbp,card,reversed
A001437,22/01/2026,ACC0059,Corner Cafe,131.01,gbp,bank_transfer,settled
A001438,10/02/2026,ACC0073,Corner Cafe,98.37,EUR,card,pending
A001439,21/01/2026,ACC0083,Harrow Sports Club,15.92,GBP,card,settled
A001440,30/01/2026,ACC0024,Ashvale Clinic,50.88,GBP,bank_transfer,pending
A001441,23/02/2026,ACC0022,Northline Freight,108.15,GBP,card,settled
A001442,05/02/2026,ACC0040,Northline Freight,22.75,gbp,bank_transfer,settled
A001443,07/03/2026,ACC0028,The Old Print Works,62.82,EUR,card,settled
A001444,08/01/2026,ACC0074,Ashvale Clinic,45.91,EUR,card,settled
A001445,27/03/2026,ACC0032,Petra Logistics,63.66,GBP,direct_debit,settled
A001446,15/02/2026,ACC0060,"Marlow ""Fine"" Foods",99.64,GBP,card,reversed
A001447,19/03/2026,ACC0109,Harrow Sports Club,239.43,GBP,bank_transfer,pending
A001448,17/03/2026,ACC0042,"Marlow ""Fine"" Foods",162.55,USD,card,settled
A001449,16/03/2026,ACC0106,Northline Freight,397.11,GBP,card,pending
A001450,21/01/2026,ACC0119,The Old Print Works,67.89,GBP,bank_transfer,settled
A001451,17/02/2026,ACC0080,Sandbrook Utilities,125.25,USD,card,failed
A001452,04/01/2026,ACC0088,Harrow Sports Club,39.09,GBP,card,settled
A001453,10/02/2026,ACC0029,The Old Print Works,64.94,GBP,direct_debit,settled
A001454,01/02/2026,ACC0078,Harrow Sports Club,94.75,gbp,card,settled
A001455,10/03/2026,ACC0076,The Old Print Works,251.25,EUR,card,failed
A001456,30/03/2026,ACC0118,Kite Digital,70.84,EUR,direct_debit,settled
A001457,04/01/2026,ACC0089,Corner Cafe,7.85,EUR,card,settled
A001458,18/03/2026,ACC0007,Petra Logistics,66.96,GBP,card,settled
A001459,06/01/2026,ACC0065,Bolt & Screw Ltd,35.58,GBP,card,reversed
A001460,24/02/2026,ACC0110,Kite Digital,51.9,GBP,card,settled
A001461,19/03/2026,ACC0068,Dhillon & Sons,99.91,EUR,card,failed
A001462,04/03/2026,ACC0118,"Wembley Tyres, Ltd",8.46,USD,direct_debit,failed
A001463,13/02/2026,ACC0058,Northline Freight,219.54,gbp,card,settled
A001464,17/03/2026,ACC0115,Bolt & Screw Ltd,142.24,GBP,direct_debit,settled
A001465,10/02/2026,ACC0120,Kite Digital,183.52,GBP,card,reversed
A001466,07/02/2026,ACC0037,Ashvale Clinic,356.46,GBP,card,settled
A001467,14/01/2026,ACC0074,The Old Print Works,31.41,EUR,card,settled
A001468,11/03/2026,ACC0072,The Old Print Works,60.37,GBP,card,pending
A001469,01/10/2026,ACC0028,Kite Digital,88.89,USD,card,settled
A001470,02/03/2026,ACC0053,Bolt & Screw Ltd,31.61,gbp,card,settled
A001471,27/02/2026,ACC0111,Dhillon & Sons,146.88,EUR,card,pending
A001472,31/03/2026,ACC0077,Northline Freight,11.2,EUR,bank_transfer,failed
A001473,18/02/2026,ACC0084,Dhillon & Sons,65.71,GBP,card,reversed
A001474,24/02/2026,ACC0092,The Old Print Works,93.42,EUR,card,settled
A001475,08/03/2026,ACC0022,Dhillon & Sons,10.07,EUR,card,settled
A001476,09/01/2026,ACC0064,Sandbrook Utilities,36.08,GBP,bank_transfer,pending
A001477,02/01/2026,ACC0067,Petra Logistics,88.53,GBP,bank_transfer,settled
A001478,13/01/2026,ACC0012,Bolt & Screw Ltd,25.67,EUR,card,settled
A001479,11/03/2026,ACC0015,"Wembley Tyres, Ltd",37.61,GBP,direct_debit,settled
A001480,21/03/2026,ACC0114,Sandbrook Utilities,20.67,EUR,card,reversed
A001481,19/02/2026,ACC0005,Petra Logistics,39.86,USD,card,settled
A001482,27/03/2026,ACC0088,Ashvale Clinic,40.55,gbp,direct_debit,settled
A001483,04/12/2026,ACC0068,Northline Freight,25.28,GBP,bank_transfer,settled
A001484,21/01/2026,ACC0114,"Marlow ""Fine"" Foods",19.43,USD,direct_debit,failed
A001485,10/01/2026,ACC0105,"Marlow ""Fine"" Foods",5.57,GBP,card,failed
A001486,17/03/2026,ACC0079,Dhillon & Sons,27.56,GBP,direct_debit,pending
A001487,28/01/2026,ACC0059,Petra Logistics,24.1,GBP,bank_transfer,settled
A001488,16/03/2026,ACC0064,Petra Logistics,51.35,GBP,card,settled
A001489,15/02/2026,ACC0105,"Wembley Tyres, Ltd",36.04,GBP,card,settled
A001490,23/01/2026,ACC0102,Kite Digital,26.9,GBP,bank_transfer,settled
A001491,14/01/2026,ACC0008,Corner Cafe,465.04,gbp,direct_debit,settled
A001492,28/03/2026,ACC0010,"Marlow ""Fine"" Foods",54.86,GBP,card,settled
A001493,06/03/2026,ACC0074,Kite Digital,66.01,GBP,card,settled
A001494,17/01/2026,ACC0077,The Old Print Works,64.01,EUR,card,settled
A001495,05/02/2026,ACC0001,The Old Print Works,22.18,gbp,card,pending
A001496,22/01/2026,ACC0051,Kite Digital,18.3,EUR,card,settled
A001497,22/01/2026,  ACC0005 ,"Wembley Tyres, Ltd",59.13,GBP,bank_transfer,failed
A001498,27/03/2026,ACC0031,"Marlow ""Fine"" Foods",79.69,GBP,direct_debit,failed
A001499,28/01/2026,ACC0043,Petra Logistics,39.35,GBP,card,settled
A001500,02/03/2026,ACC0015,Northline Freight,340.7,USD,bank_transfer,settled
A001501,11/02/2026,ACC0066,Sandbrook Utilities,17.72,USD,bank_transfer,reversed
A001502,06/03/2026,ACC0118,Northline Freight,211.13,EUR,bank_transfer,settled
A001503,30/03/2026,ACC0084,Northline Freight,95.6,GBP,card,failed
A001504,22/01/2026,ACC0057,Kite Digital,240.75,GBP,bank_transfer,settled
A001505,16/02/2026,ACC0046,Petra Logistics,26.0,EUR,card,settled
A001506,31/01/2026,ACC0010,Harrow Sports Club,39.24,GBP,card,settled
A001507,04/03/2026,ACC0081,Petra Logistics,56.11,GBP,direct_debit,settled
A001508,15/03/2026,ACC0067,Harrow Sports Club,43.92,USD,card,settled
A001509,06/01/2026,ACC0090,Bolt & Screw Ltd,371.88,GBP,card,reversed
A001510,12/02/2026,ACC0035,Ashvale Clinic,33.52,GBP,card,settled
A001511,02/06/2026,ACC0103,Sandbrook Utilities,95.44,GBP,card,settled
A001512,20/03/2026,ACC0067,Kite Digital,25.67,USD,bank_transfer,failed
A001513,06/02/2026,ACC0037,Petra Logistics,56.57,GBP,bank_transfer,pending
A001514,20/02/2026,ACC0030,Corner Cafe,583.91,GBP,card,pending
A001515,22/03/2026,ACC0100,Dhillon & Sons,35.24,USD,card,pending
A001516,20/01/2026,ACC0115,Corner Cafe,10.26,EUR,card,reversed
A001517,10/02/2026,ACC0077,Harrow Sports Club,230.01,gbp,card,reversed
A001518,16/03/2026,ACC0060,Dhillon & Sons,79.82,gbp,card,failed
A001519,12/01/2026,ACC0020,Bolt & Screw Ltd,23.23,gbp,direct_debit,reversed
A001520,28/01/2026,ACC0098,The Old Print Works,405.96,GBP,direct_debit,reversed
A001521,19/02/2026,ACC0037,Ashvale Clinic,73.18,gbp,card,settled
A001522,14/01/2026,ACC0033,The Old Print Works,103.11,USD,bank_transfer,pending
A001523,26/03/2026,ACC0029,Petra Logistics,47.98,gbp,direct_debit,pending
A001524,29/01/2026,ACC0061,Bolt & Screw Ltd,73.43,gbp,bank_transfer,failed
A001525,06/03/2026,ACC0101,"Marlow ""Fine"" Foods",22.69,USD,card,pending
A001526,20/03/2026,ACC0080,Dhillon & Sons,19.92,GBP,card,failed
A001527,22/02/2026,ACC0070,Petra Logistics,187.23,GBP,bank_transfer,settled
A001528,27/03/2026,ACC0063,"Marlow ""Fine"" Foods",22.05,USD,direct_debit,failed
A001529,27/02/2026,ACC0038,"Marlow ""Fine"" Foods",13.9,gbp,card,failed
A001530,27/03/2026,ACC0064,Kite Digital,122.14,GBP,bank_transfer,pending
A001531,28/01/2026,ACC0090,Sandbrook Utilities,8.65,USD,card,pending
A001532,01/03/2026,ACC0102,Dhillon & Sons,36.9,GBP,card,pending
A001533,09/08/2026,ACC0069,Ashvale Clinic,48.3,GBP,bank_transfer,settled
A001534,11/02/2026,  ACC0104 ,Bolt & Screw Ltd,32.96,GBP,bank_transfer,settled
A001535,06/04/2026,ACC0012,Bolt & Screw Ltd,82.2,EUR,bank_transfer,settled
A001536,27/02/2026,ACC0077,"Wembley Tyres, Ltd",481.2,gbp,card,pending
A001537,12/01/2026,ACC0030,Dhillon & Sons,49.45,EUR,card,settled
A001538,25/01/2026,ACC0081,Sandbrook Utilities,32.32,GBP,bank_transfer,settled
A001539,08/03/2026,ACC0083,Ashvale Clinic,8.2,GBP,card,pending
A001540,23/03/2026,ACC0104,Corner Cafe,123.97,GBP,card,settled
A001541,13/02/2026,ACC0064,Kite Digital,101.28,GBP,card,reversed
A001542,26/02/2026,ACC0032,"Marlow ""Fine"" Foods",109.82,GBP,direct_debit,settled
A001543,09/02/2026,ACC0078,Petra Logistics,20.79,USD,direct_debit,settled
A001544,27/03/2026,ACC0110,Dhillon & Sons,66.43,GBP,direct_debit,settled
A001545,06/01/2026,ACC0037,Corner Cafe,54.74,gbp,card,settled
A001546,11/01/2026,ACC0035,Petra Logistics,267.01,EUR,card,failed
A001547,11/02/2026,ACC0014,"Marlow ""Fine"" Foods",25.73,GBP,card,pending
A001548,12/03/2026,ACC0001,Northline Freight,21.45,GBP,card,settled
A001549,15/03/2026,ACC0071,The Old Print Works,282.21,EUR,bank_transfer,settled
A001550,07/03/2026,ACC0067,Ashvale Clinic,3.68,USD,card,settled
A001551,18/03/2026,ACC0011,Kite Digital,38.61,EUR,card,pending
A001552,25/03/2026,ACC0005,"Marlow ""Fine"" Foods",30.41,GBP,card,settled
A001553,25/02/2026,ACC0022,Bolt & Screw Ltd,77.73,GBP,card,reversed
A001554,17/03/2026,ACC0053,"Wembley Tyres, Ltd",80.67,GBP,card,settled
A001555,12/01/2026,ACC0035,Dhillon & Sons,9.75,gbp,card,failed
A001556,31/03/2026,ACC0112,Kite Digital,86.58,GBP,direct_debit,settled
A001557,03/05/2026,  ACC0087 ,Petra Logistics,36.47,gbp,card,settled
A001558,15/03/2026,ACC0048,Corner Cafe,113.36,GBP,card,pending
A001559,29/01/2026,ACC0010,Bolt & Screw Ltd,3.82,gbp,card,settled
A001560,19/01/2026,ACC0103,The Old Print Works,127.78,GBP,card,settled
A001561,30/01/2026,ACC0019,The Old Print Works,100.05,GBP,bank_transfer,settled
A001562,28/01/2026,ACC0048,"Wembley Tyres, Ltd",35.37,EUR,bank_transfer,failed
A001563,30/01/2026,ACC0062,Harrow Sports Club,19.66,GBP,card,settled
A001564,24/03/2026,ACC0074,Harrow Sports Club,,GBP,card,settled
A001565,30/03/2026,ACC0070,Sandbrook Utilities,186.29,USD,bank_transfer,settled
A001566,02/03/2026,ACC0044,Ashvale Clinic,272.34,USD,direct_debit,reversed
A001567,02/02/2026,ACC0103,Petra Logistics,213.3,gbp,direct_debit,reversed
A001568,02/01/2026,ACC0029,Harrow Sports Club,52.91,GBP,card,pending
A001569,28/03/2026,ACC0044,"Marlow ""Fine"" Foods",8.13,gbp,card,settled
A001570,26/02/2026,ACC0009,Dhillon & Sons,17.92,gbp,direct_debit,pending
A001571,23/01/2026,ACC0022,Dhillon & Sons,56.08,USD,bank_transfer,settled
A001572,14/01/2026,ACC0028,Bolt & Screw Ltd,26.24,GBP,bank_transfer,pending
A001573,18/02/2026,ACC0081,Kite Digital,66.34,GBP,card,settled
A001574,02/01/2026,ACC0046,Northline Freight,29.57,GBP,card,settled
A001575,19/01/2026,ACC0117,Kite Digital,28.86,gbp,bank_transfer,settled
A001576,12/02/2026,ACC0096,Bolt & Screw Ltd,17.48,GBP,card,pending
A001577,11/02/2026,ACC0084,Petra Logistics,17.14,GBP,card,settled
A001578,07/01/2026,ACC0106,"Wembley Tyres, Ltd",42.89,GBP,direct_debit,reversed
A001579,19/01/2026,ACC0075,Sandbrook Utilities,9.72,GBP,card,settled
A001580,01/01/2026,ACC0064,Sandbrook Utilities,76.31,EUR,direct_debit,reversed
A001581,02/03/2026,ACC0080,Corner Cafe,23.47,GBP,card,settled
A001582,20/03/2026,ACC0120,The Old Print Works,9.77,GBP,card,pending
A001583,30/01/2026,ACC0027,Kite Digital,22.8,GBP,direct_debit,settled
A001584,16/01/2026,ACC0054,The Old Print Works,44.4,gbp,direct_debit,failed
A001585,03/01/2026,ACC0058,Corner Cafe,61.56,gbp,bank_transfer,reversed
A001586,05/02/2026,ACC0117,"Wembley Tyres, Ltd",16.79,GBP,card,failed
A001587,07/03/2026,ACC0093,"Wembley Tyres, Ltd",332.3,USD,card,settled
A001588,03/03/2026,ACC0119,"Wembley Tyres, Ltd",33.63,gbp,direct_debit,reversed
A001589,11/03/2026,ACC0085,Petra Logistics,169.41,EUR,card,reversed
A001590,08/01/2026,ACC0071,"Wembley Tyres, Ltd",314.75,GBP,card,settled
A001591,15/02/2026,ACC0031,Ashvale Clinic,15.79,gbp,direct_debit,pending
A001592,26/01/2026,ACC0044,Harrow Sports Club,262.51,GBP,bank_transfer,settled
A001593,30/01/2026,ACC0087,Northline Freight,91.62,EUR,bank_transfer,reversed
A001594,04/01/2026,ACC0036,Ashvale Clinic,17.29,GBP,card,failed
A001595,26/02/2026,ACC0114,Petra Logistics,41.21,GBP,card,settled
A001596,10/01/2026,ACC0111,"Wembley Tyres, Ltd",194.34,EUR,card,settled
A001597,18/01/2026,ACC0033,Northline Freight,103.34,EUR,card,reversed
A001598,05/03/2026,ACC0107,Sandbrook Utilities,68.72,GBP,bank_transfer,failed
A001599,24/01/2026,ACC0095,Corner Cafe,29.9,EUR,bank_transfer,settled
A001600,09/03/2026,ACC0060,Corner Cafe,102.07,USD,direct_debit,reversed
A001601,25/02/2026,ACC0090,Sandbrook Utilities,71.85,gbp,card,failed
A001602,23/03/2026,ACC0119,"Wembley Tyres, Ltd",38.86,GBP,card,settled
A001603,16/03/2026,ACC0102,Kite Digital,233.68,GBP,bank_transfer,settled
A001604,25/01/2026,ACC0020,Dhillon & Sons,321.22,GBP,card,reversed
A001605,22/03/2026,ACC0111,Harrow Sports Club,68.1,GBP,card,settled
A001606,04/07/2026,ACC0092,Bolt & Screw Ltd,256.48,gbp,direct_debit,reversed
A001607,01/01/2026,ACC0117,Northline Freight,147.26,GBP,card,settled
A001608,26/02/2026,ACC0029,"Marlow ""Fine"" Foods",38.62,GBP,bank_transfer,pending
A001609,07/01/2026,ACC0016,Bolt & Screw Ltd,101.59,GBP,card,reversed
A001610,06/02/2026,ACC0069,Harrow Sports Club,264.26,EUR,card,failed
A001611,11/01/2026,ACC0073,Northline Freight,70.04,GBP,direct_debit,settled
A001612,04/02/2026,ACC0036,"Wembley Tyres, Ltd",280.71,GBP,card,settled
A001613,01/03/2026,ACC0027,Petra Logistics,19.04,GBP,direct_debit,settled
A001614,16/03/2026,ACC0090,"Wembley Tyres, Ltd",38.04,GBP,card,settled
A001615,05/01/2026,ACC0092,"Wembley Tyres, Ltd",25.89,GBP,card,settled
A001616,21/03/2026,ACC0063,Dhillon & Sons,58.2,GBP,direct_debit,settled
A001617,26/03/2026,ACC0104,Harrow Sports Club,15.75,GBP,bank_transfer,failed
A001618,15/03/2026,ACC0037,Sandbrook Utilities,86.23,EUR,card,pending
A001619,07/03/2026,ACC0080,"Marlow ""Fine"" Foods",30.34,GBP,bank_transfer,settled
A001620,06/03/2026,ACC0023,"Wembley Tyres, Ltd",39.69,GBP,card,reversed
A001621,20/02/2026,ACC0059,Sandbrook Utilities,91.4,gbp,card,reversed
A001622,16/01/2026,ACC0096,Corner Cafe,42.4,USD,direct_debit,failed
A001623,09/03/2026,ACC0062,Corner Cafe,45.71,EUR,card,settled
A001624,18/03/2026,ACC0039,Bolt & Screw Ltd,25.54,GBP,card,settled
A001625,01/01/2026,ACC0065,Corner Cafe,70.18,EUR,bank_transfer,reversed
A001626,22/03/2026,ACC0020,Corner Cafe,286.18,EUR,card,settled
A001627,21/02/2026,ACC0033,"Wembley Tyres, Ltd",616.84,GBP,card,settled
A001628,01/02/2026,ACC0013,Bolt & Screw Ltd,79.62,GBP,bank_transfer,settled
A001629,04/03/2026,ACC0038,"Wembley Tyres, Ltd",21.32,gbp,card,reversed
A001630,04/02/2026,ACC0033,Northline Freight,28.92,GBP,bank_transfer,settled
A001631,29/01/2026,ACC0117,The Old Print Works,50.79,USD,card,settled
A001632,12/03/2026,ACC0082,Sandbrook Utilities,122.91,GBP,card,settled
A001633,16/01/2026,ACC0059,The Old Print Works,290.68,EUR,card,pending
A001634,13/03/2026,ACC0016,Ashvale Clinic,22.13,GBP,card,settled
A001635,02/01/2026,ACC0051,Petra Logistics,26.56,USD,direct_debit,settled
A001636,06/10/2026,ACC0092,Northline Freight,276.21,gbp,bank_transfer,reversed
A001637,08/03/2026,ACC0032,Ashvale Clinic,14.99,GBP,card,settled
A001638,07/08/2026,ACC0114,Bolt & Screw Ltd,50.72,USD,card,pending
A001639,06/04/2026,ACC0033,Northline Freight,22.24,USD,direct_debit,failed
A001640,19/02/2026,ACC0016,Corner Cafe,133.24,USD,direct_debit,reversed
A001641,26/02/2026,ACC0003,Corner Cafe,209.02,GBP,bank_transfer,settled
A001642,12/02/2026,ACC0088,Sandbrook Utilities,25.77,EUR,direct_debit,settled
A001643,19/03/2026,ACC0091,Corner Cafe,69.29,GBP,card,pending
A001644,11/02/2026,ACC0059,Bolt & Screw Ltd,148.96,USD,card,settled
A001645,19/01/2026,ACC0001,Harrow Sports Club,36.23,GBP,card,reversed
A001646,11/03/2026,ACC0088,The Old Print Works,14.1,GBP,card,settled
A001647,09/03/2026,ACC0021,The Old Print Works,84.4,GBP,card,settled
A001648,01/02/2026,ACC0092,Sandbrook Utilities,27.83,gbp,card,failed
A001649,19/01/2026,ACC0116,The Old Print Works,76.14,GBP,card,pending
A001650,26/03/2026,ACC0056,The Old Print Works,15.67,gbp,card,settled
A001651,07/01/2026,ACC0028,Petra Logistics,28.8,EUR,card,settled
A001652,03/03/2026,ACC0095,Northline Freight,5.24,USD,bank_transfer,pending
A001653,17/03/2026,ACC0021,Harrow Sports Club,38.21,gbp,bank_transfer,settled
A001654,22/02/2026,ACC0079,Harrow Sports Club,38.26,gbp,card,failed
A001655,03/03/2026,ACC0095,"Marlow ""Fine"" Foods",112.75,EUR,direct_debit,settled
A001656,28/01/2026,ACC0047,Dhillon & Sons,32.58,GBP,card,settled
A001657,11/01/2026,ACC0033,Kite Digital,13.24,gbp,card,pending
A001658,01/02/2026,ACC0101,"Wembley Tyres, Ltd",26.22,GBP,bank_transfer,pending
A001659,04/02/2026,ACC0111,Petra Logistics,1.93,GBP,card,settled
A001660,30/03/2026,ACC0114,Harrow Sports Club,313.07,gbp,direct_debit,settled
A001661,23/01/2026,ACC0095,Dhillon & Sons,69.87,USD,direct_debit,settled
A001662,03/03/2026,ACC0030,Ashvale Clinic,177.03,GBP,bank_transfer,settled
A001663,20/03/2026,ACC0094,Sandbrook Utilities,41.0,gbp,card,failed
A001664,15/02/2026,ACC0089,Kite Digital,38.55,USD,bank_transfer,failed
A001665,07/11/2026,ACC0087,Sandbrook Utilities,233.19,GBP,card,pending
A001666,01/03/2026,ACC0036,Ashvale Clinic,40.73,GBP,card,settled
A001667,14/01/2026,ACC0034,Dhillon & Sons,895.4,gbp,card,pending
A001668,16/03/2026,ACC0057,Northline Freight,44.84,EUR,card,settled
A001669,29/03/2026,ACC0071,"Wembley Tyres, Ltd",25.04,EUR,card,reversed
A001670,02/01/2026,ACC0013,Harrow Sports Club,22.61,gbp,card,pending
A001671,04/03/2026,ACC0049,Harrow Sports Club,66.73,EUR,card,failed
A001672,06/03/2026,ACC0077,The Old Print Works,458.44,EUR,card,settled
A001673,12/02/2026,ACC0529,"Marlow ""Fine"" Foods",105.64,GBP,card,settled
A001674,29/03/2026,ACC0096,The Old Print Works,31.14,GBP,bank_transfer,failed
A001675,04/08/2026,ACC0080,Northline Freight,97.72,gbp,card,settled
A001676,16/01/2026,ACC0040,Northline Freight,60.54,GBP,card,reversed
A001677,23/01/2026,ACC0009,Sandbrook Utilities,11.31,GBP,card,settled
A001678,11/12/2026,ACC0022,Dhillon & Sons,80.25,EUR,card,settled
A001679,28/02/2026,ACC0120,Kite Digital,84.07,gbp,card,settled
A002547,09/01/2026,ACC0071,Corner Cafe,62.69,EUR,card,settled
A001681,26/01/2026,ACC0022,Ashvale Clinic,9.68,USD,bank_transfer,settled
A001682,13/02/2026,ACC0070,Northline Freight,12.25,GBP,card,settled
A001683,15/02/2026,ACC0017,Harrow Sports Club,202.42,GBP,card,pending
A001684,25/03/2026,ACC0043,Bolt & Screw Ltd,84.08,GBP,card,settled
A001685,26/01/2026,ACC0077,Harrow Sports Club,14.17,GBP,card,settled
A001686,06/03/2026,ACC0002,Petra Logistics,141.12,GBP,bank_transfer,pending
A001687,26/01/2026,ACC0076,Kite Digital,27.81,EUR,bank_transfer,settled
A001688,31/03/2026,ACC0065,"Marlow ""Fine"" Foods",141.06,GBP,card,failed
A001689,13/01/2026,  ACC0054 ,Kite Digital,17.8,GBP,card,pending
A001690,19/01/2026,ACC0050,Northline Freight,70.21,gbp,card,pending
A001691,02/02/2026,ACC0088,Petra Logistics,102.78,GBP,direct_debit,settled
A001692,22/02/2026,ACC0072,"Marlow ""Fine"" Foods",261.84,GBP,direct_debit,pending
A001693,10/03/2026,ACC0117,The Old Print Works,20.09,GBP,direct_debit,failed
A001694,21/02/2026,ACC0029,"Marlow ""Fine"" Foods",26.2,gbp,direct_debit,pending
A001695,14/03/2026,ACC0059,Corner Cafe,9.9,gbp,card,settled
A001696,02/08/2026,ACC0006,Corner Cafe,222.59,EUR,card,settled
A001697,14/01/2026,ACC0025,Sandbrook Utilities,24.45,EUR,card,settled
A001698,05/03/2026,ACC0052,Ashvale Clinic,5.58,gbp,card,failed
A001699,01/03/2026,ACC0119,Corner Cafe,139.88,gbp,card,reversed
A001700,11/03/2026,ACC0113,Kite Digital,263.73,GBP,card,reversed
A001701,05/01/2026,ACC0058,The Old Print Works,8.51,GBP,card,failed
A001702,06/02/2026,ACC0032,"Marlow ""Fine"" Foods",24.51,GBP,direct_debit,failed
A001703,16/03/2026,ACC0096,Corner Cafe,107.94,GBP,card,settled
A001704,27/03/2026,ACC0032,Dhillon & Sons,50.78,GBP,direct_debit,failed
A001705,01/02/2026,ACC0113,Kite Digital,112.94,EUR,direct_debit,settled
A001706,14/02/2026,ACC0082,Petra Logistics,82.43,EUR,direct_debit,failed
A001707,18/03/2026,ACC0059,Dhillon & Sons,72.61,GBP,card,settled
A001708,24/02/2026,ACC0017,Northline Freight,95.57,GBP,direct_debit,failed
A001709,01/01/2026,ACC0042,Dhillon & Sons,32.21,GBP,card,settled
A001710,29/01/2026,ACC0098,Dhillon & Sons,53.93,gbp,card,settled
A001711,08/03/2026,ACC0033,"Wembley Tyres, Ltd",287.93,EUR,card,settled
A001712,16/02/2026,ACC0059,"Wembley Tyres, Ltd",258.08,EUR,card,settled
A001713,08/11/2026,ACC0037,Corner Cafe,171.33,USD,bank_transfer,settled
A001714,16/03/2026,ACC0108,"Wembley Tyres, Ltd",106.33,gbp,bank_transfer,reversed
A001715,23/01/2026,ACC0115,The Old Print Works,26.71,GBP,card,settled
A001716,03/02/2026,ACC0059,Harrow Sports Club,56.13,GBP,card,settled
A001717,28/01/2026,ACC0034,Harrow Sports Club,56.96,gbp,direct_debit,settled
A001718,27/02/2026,ACC0002,The Old Print Works,153.9,GBP,bank_transfer,settled
A001719,18/01/2026,ACC0025,Kite Digital,26.69,GBP,card,settled
A001720,08/03/2026,ACC0031,Kite Digital,82.31,GBP,card,failed
A001721,18/03/2026,ACC0007,Sandbrook Utilities,71.21,USD,bank_transfer,settled
A001722,13/03/2026,ACC0023,Ashvale Clinic,41.21,GBP,direct_debit,pending
A001723,09/03/2026,ACC0064,Kite Digital,38.75,EUR,card,settled
A001724,27/03/2026,ACC0035,Bolt & Screw Ltd,111.7,GBP,card,pending
A001725,27/02/2026,ACC0078,Harrow Sports Club,37.4,GBP,card,pending
A001726,20/01/2026,ACC0041,Harrow Sports Club,12.72,USD,card,reversed
A001727,10/11/2026,ACC0002,Dhillon & Sons,27.6,USD,card,failed
A001728,29/01/2026,ACC0114,"Wembley Tyres, Ltd",110.1,GBP,card,reversed
A001729,14/01/2026,ACC0070,"Wembley Tyres, Ltd",274.78,USD,card,settled
A001730,25/01/2026,ACC0038,"Marlow ""Fine"" Foods",91.72,GBP,card,settled
A001731,09/02/2026,ACC0017,Sandbrook Utilities,11.39,EUR,card,settled
A001732,28/03/2026,ACC0062,Bolt & Screw Ltd,58.32,GBP,card,failed
A001733,12/01/2026,ACC0049,Ashvale Clinic,22.46,GBP,bank_transfer,pending
A001734,17/02/2026,ACC0021,"Marlow ""Fine"" Foods",54.25,GBP,direct_debit,failed
A001735,09/03/2026,ACC0021,Bolt & Screw Ltd,23.35,EUR,card,reversed
A001736,03/01/2026,ACC0018,Bolt & Screw Ltd,13.74,GBP,card,settled
A001737,26/01/2026,ACC0009,Petra Logistics,15.03,GBP,card,settled
A001738,02/01/2026,ACC0104,Harrow Sports Club,122.66,GBP,bank_transfer,pending
A001739,08/03/2026,ACC0017,Northline Freight,109.63,USD,card,failed
A001740,23/03/2026,ACC0082,Corner Cafe,139.8,GBP,card,settled
A001741,24/01/2026,ACC0002,Bolt & Screw Ltd,65.29,GBP,card,failed
A001742,27/01/2026,ACC0072,Sandbrook Utilities,5.11,gbp,card,failed
A001743,29/01/2026,ACC0098,The Old Print Works,57.17,GBP,bank_transfer,settled
A001744,12/01/2026,ACC0076,The Old Print Works,47.42,GBP,bank_transfer,settled
A001745,03/03/2026,ACC0075,Corner Cafe,25.34,GBP,direct_debit,settled
A001746,11/02/2026,ACC0033,Sandbrook Utilities,21.25,GBP,card,failed
A001747,04/03/2026,ACC0097,Sandbrook Utilities,106.94,gbp,direct_debit,failed
A001748,07/02/2026,ACC0079,"Wembley Tyres, Ltd",6.58,USD,bank_transfer,pending
A001749,04/02/2026,ACC0096,Kite Digital,86.44,GBP,card,settled
A001750,13/03/2026,ACC0120,"Marlow ""Fine"" Foods",273.95,USD,card,settled
A001751,25/03/2026,ACC0117,The Old Print Works,6.77,EUR,card,reversed
A001752,28/01/2026,ACC0084,Dhillon & Sons,132.43,GBP,card,reversed
A001753,26/03/2026,ACC0085,Dhillon & Sons,60.92,GBP,bank_transfer,settled
A001754,22/03/2026,ACC0005,Sandbrook Utilities,3.37,gbp,bank_transfer,settled
A001755,04/03/2026,ACC0117,Bolt & Screw Ltd,21.67,GBP,direct_debit,failed
A001756,13/02/2026,ACC0063,Sandbrook Utilities,27.97,gbp,card,pending
A001757,16/02/2026,ACC0095,Harrow Sports Club,152.59,USD,card,reversed
A001758,16/02/2026,ACC0002,Northline Freight,16.92,GBP,card,reversed
A001759,12/03/2026,ACC0097,The Old Print Works,24.19,USD,card,failed
A001760,31/01/2026,ACC0031,Dhillon & Sons,97.67,gbp,bank_transfer,reversed
A001761,07/09/2026,ACC0086,"Wembley Tyres, Ltd",21.04,GBP,card,settled
A001762,08/02/2026,ACC0100,Sandbrook Utilities,92.71,gbp,card,reversed
A001763,27/03/2026,ACC0022,"Wembley Tyres, Ltd",6.36,EUR,card,settled
A001764,20/01/2026,ACC0092,Dhillon & Sons,367.1,GBP,card,reversed
A001765,20/02/2026,ACC0061,Bolt & Screw Ltd,58.0,GBP,card,pending
A001766,23/01/2026,ACC0058,Petra Logistics,65.46,USD,direct_debit,reversed
A001767,24/02/2026,ACC0041,Northline Freight,49.87,EUR,card,reversed
A002524,02/01/2026,ACC0095,Bolt & Screw Ltd,15.52,GBP,bank_transfer,failed
A001769,25/03/2026,ACC0021,Corner Cafe,36.08,USD,card,settled
A001770,10/01/2026,ACC0031,Petra Logistics,7.5,EUR,card,settled
A001771,07/03/2026,ACC0049,Bolt & Screw Ltd,63.87,gbp,card,settled
A001772,10/03/2026,ACC0114,Dhillon & Sons,28.12,GBP,direct_debit,settled
A001773,12/03/2026,ACC0095,Ashvale Clinic,5.34,EUR,direct_debit,settled
A001774,16/02/2026,ACC0098,Bolt & Screw Ltd,19.17,GBP,bank_transfer,pending
A001775,08/02/2026,ACC0015,Dhillon & Sons,56.88,USD,bank_transfer,failed
A001776,21/03/2026,ACC0068,"Marlow ""Fine"" Foods",58.38,GBP,card,settled
A001777,12/03/2026,ACC0096,"Marlow ""Fine"" Foods",99.99,GBP,card,settled
A001778,20/01/2026,ACC0043,Harrow Sports Club,66.17,GBP,card,settled
A001779,03/02/2026,  ACC0008 ,The Old Print Works,54.3,USD,bank_transfer,settled
A001780,25/02/2026,ACC0082,Harrow Sports Club,8.69,gbp,card,pending
A001781,07/01/2026,ACC0051,Dhillon & Sons,45.75,GBP,bank_transfer,reversed
A001782,10/02/2026,ACC0052,Sandbrook Utilities,380.17,gbp,card,reversed
A001783,30/03/2026,ACC0026,Bolt & Screw Ltd,1096.62,GBP,card,settled
A001784,09/02/2026,ACC0068,Sandbrook Utilities,119.51,GBP,direct_debit,settled
A001785,07/01/2026,ACC0060,Sandbrook Utilities,46.59,GBP,card,reversed
A001786,06/01/2026,ACC0061,The Old Print Works,107.74,gbp,card,reversed
A001787,30/03/2026,ACC0062,Harrow Sports Club,61.12,gbp,card,pending
A001788,01/03/2026,ACC0119,"Wembley Tyres, Ltd",64.06,USD,bank_transfer,settled
A001789,01/03/2026,ACC0028,Dhillon & Sons,119.94,USD,bank_transfer,settled
A001790,10/02/2026,ACC0107,"Wembley Tyres, Ltd",90.32,GBP,card,failed
A001791,09/01/2026,ACC0044,Ashvale Clinic,16.31,EUR,direct_debit,settled
A001792,01/02/2026,ACC0034,"Marlow ""Fine"" Foods",21.77,GBP,card,failed
A001793,12/03/2026,ACC0041,The Old Print Works,24.69,GBP,bank_transfer,settled
A001794,20/01/2026,ACC0111,Bolt & Screw Ltd,-197.11,gbp,direct_debit,failed
A001795,07/03/2026,ACC0030,Dhillon & Sons,226.8,USD,card,settled
A001796,04/03/2026,ACC0042,Harrow Sports Club,19.44,GBP,card,failed
A001797,17/02/2026,ACC0111,Northline Freight,8.64,GBP,bank_transfer,pending
A001798,23/03/2026,ACC0060,Northline Freight,68.75,USD,card,reversed
A001799,20/02/2026,ACC0083,Corner Cafe,35.46,GBP,card,reversed
A001800,15/01/2026,ACC0068,Harrow Sports Club,156.73,GBP,card,pending
A001801,15/02/2026,ACC0069,"Marlow ""Fine"" Foods",46.92,USD,card,settled
A001802,04/07/2026,ACC0038,Harrow Sports Club,122.57,GBP,card,reversed
A001803,28/03/2026,ACC0052,"Marlow ""Fine"" Foods",31.91,GBP,direct_debit,settled
A001804,07/01/2026,ACC0005,The Old Print Works,31.27,GBP,direct_debit,failed
A001805,05/02/2026,ACC0040,Sandbrook Utilities,82.53,EUR,direct_debit,settled
A001806,23/03/2026,ACC0035,Bolt & Screw Ltd,54.93,GBP,direct_debit,reversed
A001807,09/02/2026,ACC0075,Northline Freight,17.24,GBP,card,failed
A001808,22/03/2026,ACC0084,Bolt & Screw Ltd,18.89,GBP,bank_transfer,pending
A001809,01/02/2026,ACC0076,Sandbrook Utilities,139.04,GBP,card,reversed
A001810,15/01/2026,ACC0079,Bolt & Screw Ltd,19.35,EUR,card,pending
A001811,26/03/2026,  ACC0095 ,Ashvale Clinic,195.13,GBP,bank_transfer,reversed
A001812,06/01/2026,ACC0060,Sandbrook Utilities,146.09,EUR,bank_transfer,settled
A001813,14/03/2026,ACC0112,Sandbrook Utilities,18.36,GBP,card,failed
A001814,20/02/2026,ACC0093,Sandbrook Utilities,19.46,EUR,card,reversed
A001815,06/02/2026,ACC0025,"Wembley Tyres, Ltd",9.16,GBP,card,reversed
A001816,15/01/2026,ACC0088,Bolt & Screw Ltd,9.24,GBP,card,settled
A001817,24/03/2026,ACC0025,Harrow Sports Club,42.15,GBP,card,settled
A001818,22/03/2026,ACC0008,Harrow Sports Club,22.38,gbp,bank_transfer,settled
A001819,27/02/2026,ACC0101,Petra Logistics,263.46,GBP,direct_debit,failed
A001820,19/02/2026,ACC0039,Sandbrook Utilities,7.8,GBP,card,reversed
A001821,02/04/2026,ACC0090,Kite Digital,53.83,USD,direct_debit,settled
A001822,20/01/2026,ACC0008,Harrow Sports Club,187.1,gbp,bank_transfer,settled
A001823,06/02/2026,ACC0037,Bolt & Screw Ltd,188.18,GBP,card,settled
A001824,07/03/2026,ACC0077,"Wembley Tyres, Ltd",22.87,GBP,bank_transfer,settled
A001825,31/01/2026,ACC0002,Bolt & Screw Ltd,26.07,GBP,direct_debit,failed
A001826,01/03/2026,ACC0074,Sandbrook Utilities,1073.96,USD,card,reversed
A001827,08/01/2026,ACC0082,The Old Print Works,17.81,USD,card,settled
A001828,08/02/2026,ACC0061,"Marlow ""Fine"" Foods",37.1,gbp,direct_debit,settled
A001829,27/02/2026,ACC0054,Petra Logistics,114.77,GBP,card,settled
A001830,28/01/2026,ACC0060,Dhillon & Sons,,GBP,direct_debit,settled
A001831,17/03/2026,ACC0043,The Old Print Works,5.01,GBP,direct_debit,settled
A001832,11/07/2026,ACC0106,Northline Freight,48.86,gbp,card,reversed
A001833,22/01/2026,ACC0103,Dhillon & Sons,30.35,GBP,direct_debit,pending
A001834,16/02/2026,ACC0052,"Wembley Tyres, Ltd",121.0,GBP,direct_debit,pending
A001835,04/03/2026,ACC0118,The Old Print Works,13.32,gbp,card,settled
A001836,18/01/2026,ACC0055,Sandbrook Utilities,241.42,EUR,card,settled
A001837,27/03/2026,ACC0120,Corner Cafe,168.6,USD,direct_debit,pending
A001838,04/02/2026,ACC0029,Petra Logistics,76.45,GBP,direct_debit,settled
A001839,27/03/2026,ACC0035,Harrow Sports Club,10.83,USD,card,reversed
A001840,02/03/2026,ACC0080,"Wembley Tyres, Ltd",18.06,GBP,card,pending
A001841,25/01/2026,ACC0071,Harrow Sports Club,82.62,GBP,card,pending
A001842,09/02/2026,ACC0112,Corner Cafe,12.36,GBP,bank_transfer,reversed
A001843,02/02/2026,ACC0093,Petra Logistics,11.47,GBP,bank_transfer,failed
A001844,08/03/2026,ACC0051,Corner Cafe,115.53,EUR,direct_debit,failed
A001845,11/03/2026,ACC0025,Ashvale Clinic,12.66,USD,card,failed
A001846,28/02/2026,ACC0063,Bolt & Screw Ltd,36.7,GBP,direct_debit,settled
A001847,22/01/2026,ACC0046,Kite Digital,27.57,GBP,card,settled
A001848,23/02/2026,ACC0035,Harrow Sports Club,13.41,GBP,card,settled
A001849,05/03/2026,ACC0100,"Wembley Tyres, Ltd",56.1,GBP,card,settled
A001850,04/01/2026,ACC0116,Harrow Sports Club,83.52,USD,card,failed
A001851,16/02/2026,ACC0007,Northline Freight,160.16,GBP,card,settled
A001852,27/03/2026,ACC0107,Ashvale Clinic,578.07,USD,bank_transfer,settled
A001853,04/02/2026,  ACC0077 ,Kite Digital,105.77,GBP,card,failed
A001854,20/03/2026,ACC0083,Northline Freight,595.97,USD,direct_debit,reversed
A001855,07/01/2026,ACC0033,Corner Cafe,73.75,GBP,card,failed
A001856,23/02/2026,ACC0083,Dhillon & Sons,28.91,GBP,card,pending
A001857,22/02/2026,ACC0025,Corner Cafe,250.41,USD,card,failed
A001858,24/01/2026,ACC0105,The Old Print Works,97.35,GBP,bank_transfer,pending
A001859,26/03/2026,ACC0114,"Wembley Tyres, Ltd",43.7,GBP,bank_transfer,pending
A001860,07/01/2026,ACC0093,Bolt & Screw Ltd,64.89,GBP,direct_debit,settled
A001861,07/02/2026,ACC0028,"Marlow ""Fine"" Foods",223.82,gbp,card,reversed
A001862,29/01/2026,ACC0030,Harrow Sports Club,236.65,USD,card,settled
A001863,06/03/2026,ACC0105,Corner Cafe,242.67,EUR,card,reversed
A001864,04/02/2026,ACC0018,Northline Freight,119.91,USD,card,settled
A001865,25/01/2026,ACC0031,Harrow Sports Club,51.65,GBP,card,pending
A001866,18/01/2026,ACC0003,Petra Logistics,29.86,GBP,bank_transfer,reversed
A001867,11/03/2026,ACC0019,Bolt & Screw Ltd,33.43,GBP,card,reversed
A001868,15/03/2026,ACC0038,Corner Cafe,33.44,EUR,card,settled
A001869,01/03/2026,ACC0045,"Wembley Tyres, Ltd",66.91,USD,bank_transfer,reversed
A001870,16/01/2026,ACC0069,"Marlow ""Fine"" Foods",278.77,GBP,card,pending
A000421,25/03/2026,ACC0008,Northline Freight,,USD,bank_transfer,failed
A001872,15/01/2026,ACC0008,Corner Cafe,42.76,USD,card,reversed
A001873,07/03/2026,ACC0022,Bolt & Screw Ltd,109.92,GBP,card,settled
A001874,23/02/2026,ACC0028,"Wembley Tyres, Ltd",26.78,GBP,card,failed
A001875,04/03/2026,ACC0035,Dhillon & Sons,86.32,EUR,card,failed
A001876,20/03/2026,ACC0084,"Marlow ""Fine"" Foods",245.23,GBP,bank_transfer,settled
A001877,25/01/2026,ACC0067,Ashvale Clinic,94.58,gbp,card,pending
A001878,09/03/2026,ACC0026,Petra Logistics,94.12,GBP,direct_debit,settled
A001879,17/01/2026,ACC0107,Sandbrook Utilities,,EUR,card,reversed
A001880,08/03/2026,ACC0024,Ashvale Clinic,224.97,gbp,bank_transfer,settled
A001881,13/03/2026,ACC0011,Northline Freight,53.58,EUR,direct_debit,settled
A001882,24/02/2026,ACC0038,Petra Logistics,133.21,gbp,bank_transfer,pending
A001883,18/03/2026,ACC0014,Kite Digital,20.49,gbp,bank_transfer,settled
A001884,11/02/2026,ACC0088,Northline Freight,94.7,gbp,card,reversed
A001885,07/02/2026,ACC0022,Northline Freight,185.74,gbp,direct_debit,settled
A001886,08/01/2026,ACC0028,Dhillon & Sons,86.35,GBP,card,pending
A001887,03/03/2026,ACC0004,Bolt & Screw Ltd,34.59,gbp,bank_transfer,settled
A001888,27/03/2026,ACC0103,Northline Freight,190.43,gbp,bank_transfer,reversed
A001889,25/01/2026,ACC0034,"Marlow ""Fine"" Foods",284.57,EUR,bank_transfer,pending
A001890,04/03/2026,ACC0018,"Marlow ""Fine"" Foods",45.32,EUR,card,settled
A001891,20/01/2026,ACC0024,Bolt & Screw Ltd,64.97,GBP,bank_transfer,failed
A001892,13/02/2026,ACC0088,Petra Logistics,29.79,GBP,card,settled
A001893,13/02/2026,ACC0055,Ashvale Clinic,333.68,USD,card,pending
A001894,20/01/2026,ACC0077,Northline Freight,39.58,GBP,card,reversed
A001895,30/01/2026,ACC0024,"Marlow ""Fine"" Foods",44.08,GBP,bank_transfer,reversed
A001896,05/03/2026,ACC0029,Kite Digital,18.28,GBP,card,settled
A001897,04/03/2026,ACC0055,Northline Freight,137.19,USD,card,settled
A001898,06/01/2026,ACC0081,Corner Cafe,109.39,GBP,card,settled
A001899,02/03/2026,ACC0079,Ashvale Clinic,50.83,GBP,direct_debit,failed
A001900,04/02/2026,ACC0086,Northline Freight,35.04,gbp,bank_transfer,pending
A001901,27/03/2026,ACC0090,"Marlow ""Fine"" Foods",51.08,USD,card,pending
A001902,20/02/2026,ACC0039,Dhillon & Sons,67.79,GBP,card,pending
A001903,18/03/2026,ACC0074,Kite Digital,58.44,gbp,card,settled
A001904,05/01/2026,ACC0038,Northline Freight,39.84,GBP,bank_transfer,settled
A001905,01/02/2026,ACC0043,Ashvale Clinic,24.31,gbp,card,pending
A001906,01/03/2026,ACC0026,The Old Print Works,59.82,GBP,direct_debit,settled
A001907,20/01/2026,ACC0099,Corner Cafe,54.7,GBP,card,failed
A001908,24/01/2026,ACC0033,Harrow Sports Club,45.92,GBP,card,settled
A001909,28/02/2026,ACC0081,Harrow Sports Club,29.36,GBP,card,pending
A001910,17/02/2026,ACC0075,Sandbrook Utilities,32.54,EUR,direct_debit,settled
A001911,18/01/2026,ACC0056,Bolt & Screw Ltd,10.73,GBP,bank_transfer,settled
A001912,08/01/2026,ACC0041,Harrow Sports Club,24.68,GBP,card,reversed
A001913,06/01/2026,ACC0089,Bolt & Screw Ltd,105.8,GBP,card,settled
A001914,11/02/2026,ACC0051,Ashvale Clinic,43.58,GBP,bank_transfer,settled
A001915,15/02/2026,ACC0077,Kite Digital,34.53,GBP,card,settled
A001916,12/01/2026,ACC0055,"Wembley Tyres, Ltd",277.34,EUR,bank_transfer,settled
A001917,05/03/2026,ACC0024,Sandbrook Utilities,63.18,GBP,card,settled
A001918,20/02/2026,ACC0046,Dhillon & Sons,11.2,GBP,card,settled
A001919,03/03/2026,ACC0095,Sandbrook Utilities,28.7,EUR,card,reversed
A001920,29/01/2026,ACC0009,Sandbrook Utilities,137.55,USD,bank_transfer,reversed
A001921,28/03/2026,ACC0086,Bolt & Screw Ltd,147.33,EUR,card,settled
A001922,05/06/2026,ACC0072,"Marlow ""Fine"" Foods",243.75,gbp,bank_transfer,settled
A001923,04/01/2026,ACC0100,Northline Freight,201.05,GBP,direct_debit,failed
A001924,14/01/2026,ACC0030,Corner Cafe,113.94,GBP,card,reversed
A001925,08/02/2026,ACC0026,Bolt & Screw Ltd,578.06,EUR,card,pending
A001926,13/03/2026,ACC0042,Harrow Sports Club,98.12,USD,bank_transfer,failed
A001927,27/03/2026,ACC0013,Bolt & Screw Ltd,27.58,GBP,card,settled
A001928,25/02/2026,ACC0043,The Old Print Works,68.71,gbp,card,failed
A001929,06/02/2026,ACC0037,Dhillon & Sons,21.78,GBP,card,settled
A001930,23/02/2026,ACC0034,The Old Print Works,226.63,GBP,direct_debit,settled
A001931,12/03/2026,ACC0039,Bolt & Screw Ltd,105.51,GBP,bank_transfer,settled
A001932,11/03/2026,ACC0120,The Old Print Works,17.96,GBP,direct_debit,settled
A001933,05/01/2026,ACC0086,Kite Digital,15.08,GBP,bank_transfer,failed
A001934,03/02/2026,ACC0052,Petra Logistics,69.6,EUR,direct_debit,pending
A001935,16/03/2026,ACC0040,Bolt & Screw Ltd,65.58,gbp,card,pending
A001936,12/02/2026,  ACC0052 ,Bolt & Screw Ltd,157.47,EUR,bank_transfer,reversed
A001937,05/02/2026,ACC0005,Kite Digital,33.11,USD,direct_debit,reversed
A001938,02/02/2026,ACC0075,"Wembley Tyres, Ltd",35.6,GBP,bank_transfer,settled
A001939,17/03/2026,ACC0058,Dhillon & Sons,15.6,GBP,card,pending
A001940,20/01/2026,ACC0067,Sandbrook Utilities,1.87,USD,card,pending
A001941,19/03/2026,ACC0118,Harrow Sports Club,21.61,gbp,card,settled
A001942,31/03/2026,ACC0037,The Old Print Works,41.25,GBP,card,reversed
A002731,16/01/2026,ACC0043,Ashvale Clinic,28.76,EUR,card,settled
A001944,09/03/2026,ACC0002,Sandbrook Utilities,656.62,GBP,card,settled
A001945,11/03/2026,ACC0064,Northline Freight,28.42,GBP,card,failed
A001946,29/01/2026,ACC0120,Corner Cafe,145.71,EUR,card,settled
A001947,28/02/2026,ACC0091,Harrow Sports Club,150.71,USD,card,failed
A001948,09/01/2026,ACC0049,Northline Freight,6.86,gbp,direct_debit,pending
A001949,11/01/2026,ACC0092,Petra Logistics,67.95,GBP,card,reversed
A001950,30/01/2026,ACC0019,"Marlow ""Fine"" Foods",15.02,GBP,card,settled
A001951,26/02/2026,ACC0080,Dhillon & Sons,12.39,USD,direct_debit,pending
A001952,23/03/2026,ACC0027,The Old Print Works,82.18,GBP,card,pending
A001953,06/01/2026,ACC0011,"Marlow ""Fine"" Foods",46.15,GBP,bank_transfer,pending
A001954,13/01/2026,ACC0019,Ashvale Clinic,22.02,EUR,card,pending
A001955,16/03/2026,ACC0066,"Marlow ""Fine"" Foods",179.24,GBP,card,pending
A001956,11/01/2026,ACC0115,Corner Cafe,427.99,GBP,direct_debit,pending
A001957,06/01/2026,ACC0058,The Old Print Works,44.45,EUR,card,reversed
A001958,16/01/2026,ACC0086,Sandbrook Utilities,199.5,EUR,card,settled
A001959,17/02/2026,ACC0068,Kite Digital,17.63,USD,bank_transfer,pending
A001960,05/01/2026,ACC0117,Ashvale Clinic,67.13,gbp,card,settled
A001961,30/01/2026,ACC0099,Corner Cafe,36.19,GBP,bank_transfer,pending
A001962,09/07/2026,ACC0061,Kite Digital,249.41,GBP,card,pending
A001963,03/12/2026,ACC0029,Dhillon & Sons,106.17,EUR,direct_debit,pending
A001964,16/01/2026,ACC0109,Bolt & Screw Ltd,200.67,EUR,card,pending
A001965,18/03/2026,ACC0093,Ashvale Clinic,262.88,EUR,direct_debit,failed
A001966,18/02/2026,ACC0074,Northline Freight,14.4,gbp,direct_debit,reversed
A001967,28/03/2026,ACC0110,Harrow Sports Club,100.56,GBP,card,pending
A001968,04/03/2026,ACC0107,Dhillon & Sons,74.29,USD,direct_debit,reversed
A001969,26/03/2026,ACC0089,"Wembley Tyres, Ltd",72.6,USD,bank_transfer,reversed
A001970,19/02/2026,ACC0102,Petra Logistics,25.3,GBP,card,settled
A001971,23/02/2026,ACC0110,"Wembley Tyres, Ltd",96.29,gbp,card,settled
A001972,09/01/2026,ACC0020,"Marlow ""Fine"" Foods",224.04,gbp,bank_transfer,reversed
A001973,29/01/2026,ACC0090,"Wembley Tyres, Ltd",77.4,GBP,card,reversed
A001974,11/02/2026,ACC0112,"Wembley Tyres, Ltd",39.02,GBP,card,settled
A001975,05/02/2026,ACC0112,Ashvale Clinic,7.99,GBP,bank_transfer,settled
A001976,23/03/2026,ACC0102,Corner Cafe,4.39,gbp,bank_transfer,pending
A001977,06/03/2026,ACC0041,Sandbrook Utilities,115.42,GBP,card,failed
A001978,03/02/2026,ACC0026,Bolt & Screw Ltd,15.0,EUR,direct_debit,settled
A001979,01/03/2026,ACC0116,Dhillon & Sons,28.17,gbp,card,reversed
A001980,18/01/2026,ACC0119,Ashvale Clinic,46.65,GBP,bank_transfer,pending
A001981,12/01/2026,ACC0011,Petra Logistics,24.08,USD,card,settled
A001982,21/01/2026,ACC0084,Harrow Sports Club,16.32,EUR,card,settled
A001983,22/02/2026,ACC0059,Kite Digital,11.39,USD,card,settled
A001984,07/02/2026,ACC0040,Ashvale Clinic,5.87,GBP,card,pending
A001985,14/02/2026,ACC0042,Northline Freight,340.22,USD,card,settled
A001986,24/02/2026,ACC0088,"Marlow ""Fine"" Foods",233.99,gbp,bank_transfer,settled
A001987,09/03/2026,ACC0030,Petra Logistics,179.39,USD,bank_transfer,settled
A001988,16/01/2026,ACC0058,Petra Logistics,13.56,EUR,card,settled
A001989,30/03/2026,ACC0085,"Wembley Tyres, Ltd",137.06,EUR,direct_debit,settled
A001990,23/02/2026,ACC0080,Petra Logistics,79.79,EUR,bank_transfer,settled
A001991,06/02/2026,ACC0031,Dhillon & Sons,12.28,gbp,direct_debit,settled
A001992,01/03/2026,ACC0061,Kite Digital,30.37,EUR,card,settled
A001993,26/01/2026,ACC0040,Bolt & Screw Ltd,36.5,gbp,card,pending
A001994,11/02/2026,ACC0032,Bolt & Screw Ltd,23.69,GBP,direct_debit,failed
A001995,10/03/2026,ACC0060,The Old Print Works,4.09,GBP,card,failed
A001996,03/01/2026,ACC0033,Northline Freight,46.63,gbp,card,settled
A001997,08/01/2026,ACC0062,Corner Cafe,86.66,gbp,card,settled
A001998,14/02/2026,ACC0109,Ashvale Clinic,9.29,GBP,bank_transfer,settled
A001999,16/02/2026,ACC0078,Sandbrook Utilities,34.19,USD,bank_transfer,settled
A002000,12/02/2026,ACC0113,Petra Logistics,35.45,GBP,bank_transfer,reversed
A002001,04/03/2026,ACC0012,"Wembley Tyres, Ltd",16.71,GBP,bank_transfer,failed
A002002,22/02/2026,ACC0023,Petra Logistics,25.57,gbp,card,pending
A002003,11/03/2026,ACC0013,Kite Digital,8.82,EUR,card,settled
A002004,29/01/2026,ACC0086,Dhillon & Sons,37.42,gbp,card,pending
A002005,06/01/2026,ACC0029,Northline Freight,18.67,GBP,card,settled
A002006,05/01/2026,ACC0058,Sandbrook Utilities,18.14,GBP,card,failed
A002007,01/02/2026,ACC0061,Northline Freight,133.05,gbp,bank_transfer,settled
A002008,02/01/2026,ACC0054,The Old Print Works,36.5,EUR,card,failed
A002009,17/01/2026,ACC0036,The Old Print Works,169.48,USD,card,settled
A002010,17/03/2026,ACC0119,Kite Digital,12.68,USD,card,reversed
A002011,05/03/2026,ACC0012,Ashvale Clinic,392.97,GBP,card,reversed
A002012,07/01/2026,ACC0042,Dhillon & Sons,82.62,USD,bank_transfer,settled
A002013,04/02/2026,ACC0059,Bolt & Screw Ltd,22.78,GBP,direct_debit,pending
A002014,27/02/2026,ACC0041,"Marlow ""Fine"" Foods",31.26,GBP,bank_transfer,pending
A002015,18/01/2026,ACC0104,Ashvale Clinic,141.12,USD,direct_debit,settled
A002016,21/02/2026,ACC0107,Corner Cafe,39.75,gbp,bank_transfer,failed
A002017,13/02/2026,ACC0098,Kite Digital,182.03,GBP,bank_transfer,failed
A002018,26/03/2026,ACC0016,Kite Digital,11.73,GBP,card,settled
A002019,11/03/2026,ACC0063,Kite Digital,196.05,GBP,direct_debit,pending
A002020,04/03/2026,ACC0006,Harrow Sports Club,25.72,GBP,bank_transfer,failed
A002021,03/02/2026,ACC0069,Northline Freight,45.13,gbp,bank_transfer,settled
A002022,07/03/2026,ACC0101,Sandbrook Utilities,63.22,GBP,bank_transfer,settled
A002023,21/02/2026,ACC0099,Petra Logistics,264.41,GBP,card,settled
A002024,24/02/2026,ACC0090,Sandbrook Utilities,252.02,GBP,card,settled
A002025,08/03/2026,ACC0064,Bolt & Screw Ltd,27.19,GBP,bank_transfer,pending
A002026,12/03/2026,ACC0045,Bolt & Screw Ltd,19.64,GBP,card,settled
A002027,11/03/2026,ACC0043,Northline Freight,189.93,GBP,bank_transfer,settled
A002028,09/03/2026,ACC0046,The Old Print Works,387.01,GBP,direct_debit,failed
A002029,23/01/2026,ACC0119,Corner Cafe,8.62,GBP,card,failed
A002030,21/02/2026,ACC0093,"Marlow ""Fine"" Foods",55.86,gbp,direct_debit,pending
A002031,22/03/2026,ACC0101,Petra Logistics,133.39,GBP,card,reversed
A002032,04/02/2026,ACC0084,Dhillon & Sons,6.3,GBP,card,reversed
A002033,21/02/2026,ACC0068,"Wembley Tyres, Ltd",6.28,gbp,card,reversed
A002034,05/02/2026,ACC0046,Bolt & Screw Ltd,31.69,gbp,card,pending
A002035,27/01/2026,ACC0026,Dhillon & Sons,339.92,GBP,bank_transfer,settled
A002036,23/03/2026,ACC0100,Corner Cafe,81.42,gbp,direct_debit,settled
A002037,11/03/2026,ACC0064,Petra Logistics,59.03,GBP,card,failed
A002038,11/01/2026,ACC0026,Kite Digital,35.46,gbp,card,settled
A002039,14/01/2026,ACC0078,Sandbrook Utilities,20.37,GBP,card,pending
A002040,25/03/2026,ACC0056,Ashvale Clinic,41.94,GBP,card,settled
A002041,31/03/2026,ACC0105,Corner Cafe,102.0,USD,direct_debit,failed
A002042,19/02/2026,ACC0017,The Old Print Works,41.34,EUR,card,pending
A002043,08/01/2026,ACC0075,Ashvale Clinic,1350.54,gbp,direct_debit,failed
A002044,24/01/2026,ACC0097,Northline Freight,72.61,USD,card,settled
A002045,21/03/2026,ACC0116,The Old Print Works,129.02,GBP,bank_transfer,failed
A002046,26/02/2026,ACC0044,Dhillon & Sons,109.31,EUR,card,settled
A002047,05/02/2026,ACC0083,Harrow Sports Club,75.25,gbp,card,reversed
A002048,16/02/2026,ACC0042,Sandbrook Utilities,191.05,EUR,card,settled
A002049,12/01/2026,ACC0029,"Wembley Tyres, Ltd",97.13,GBP,card,settled
A002050,12/03/2026,ACC0120,"Marlow ""Fine"" Foods",16.46,GBP,card,failed
A002051,05/02/2026,ACC0042,"Wembley Tyres, Ltd",25.11,EUR,card,settled
A002052,14/02/2026,ACC0046,Corner Cafe,64.26,GBP,card,failed
A002053,27/01/2026,ACC0079,Corner Cafe,162.58,GBP,bank_transfer,settled
A002054,31/03/2026,ACC0095,Corner Cafe,28.83,GBP,card,settled
A002055,15/01/2026,ACC0049,Ashvale Clinic,25.35,GBP,card,reversed
A002056,26/03/2026,ACC0017,Kite Digital,15.59,EUR,card,failed
A002057,22/02/2026,ACC0100,Corner Cafe,19.72,EUR,card,failed
A002058,09/02/2026,ACC0120,Ashvale Clinic,225.72,gbp,card,pending
A002059,03/02/2026,ACC0111,Kite Digital,19.89,GBP,card,settled
A002060,19/02/2026,ACC0065,Dhillon & Sons,97.87,GBP,card,failed
A002061,05/01/2026,ACC0065,Sandbrook Utilities,12.56,GBP,card,failed
A002062,04/12/2026,ACC0099,Ashvale Clinic,45.66,gbp,card,pending
A002063,02/01/2026,ACC0064,Corner Cafe,8.0,GBP,card,pending
A002064,03/01/2026,ACC0028,Harrow Sports Club,21.13,USD,bank_transfer,failed
A002065,13/02/2026,ACC0047,Northline Freight,136.97,GBP,card,reversed
A002066,01/02/2026,ACC0027,Bolt & Screw Ltd,30.8,gbp,card,settled
A002067,07/01/2026,ACC0036,Harrow Sports Club,47.4,EUR,direct_debit,settled
A002068,06/11/2026,ACC0107,Ashvale Clinic,249.47,EUR,card,failed
A002069,19/02/2026,ACC0035,"Marlow ""Fine"" Foods",110.57,GBP,bank_transfer,reversed
A002070,21/03/2026,ACC0042,"Marlow ""Fine"" Foods",44.17,EUR,card,settled
A002071,17/03/2026,ACC0090,Dhillon & Sons,181.39,gbp,card,pending
A002072,17/02/2026,ACC0081,"Marlow ""Fine"" Foods",11.23,GBP,card,reversed
A002073,27/03/2026,ACC0048,Kite Digital,48.92,USD,card,settled
A002074,01/01/2026,ACC0099,Northline Freight,77.47,GBP,card,settled
A002075,15/03/2026,ACC0098,Kite Digital,8.39,gbp,card,reversed
A002076,06/03/2026,ACC0070,Ashvale Clinic,1007.96,USD,bank_transfer,reversed
A002077,15/03/2026,ACC0106,Harrow Sports Club,24.26,gbp,card,settled
A002078,20/03/2026,ACC0024,Harrow Sports Club,14.71,GBP,card,pending
A002079,12/02/2026,ACC0051,"Marlow ""Fine"" Foods",477.18,USD,direct_debit,pending
A002080,25/03/2026,ACC0037,Harrow Sports Club,43.25,gbp,card,reversed
A002081,03/01/2026,ACC0023,The Old Print Works,46.8,EUR,bank_transfer,settled
A002082,08/03/2026,ACC0063,The Old Print Works,251.44,GBP,card,reversed
A002083,17/02/2026,ACC0007,Northline Freight,10.29,GBP,bank_transfer,failed
A002084,25/02/2026,ACC0074,Harrow Sports Club,33.92,gbp,direct_debit,settled
A002085,11/02/2026,ACC0099,Corner Cafe,182.97,GBP,card,settled
A002086,05/02/2026,ACC0004,"Marlow ""Fine"" Foods",78.32,GBP,card,settled
A002087,06/03/2026,ACC0016,Kite Digital,12.09,gbp,card,settled
A002088,30/01/2026,ACC0008,Corner Cafe,44.57,gbp,bank_transfer,reversed
A002089,31/01/2026,ACC0068,Sandbrook Utilities,26.22,EUR,card,pending
A002090,07/03/2026,ACC0057,The Old Print Works,29.11,gbp,card,pending
A002091,23/01/2026,ACC0114,Corner Cafe,124.63,EUR,card,settled
A002092,10/03/2026,ACC0072,Ashvale Clinic,40.22,gbp,card,pending
A002093,25/02/2026,ACC0025,Corner Cafe,65.12,GBP,card,reversed
A002094,11/05/2026,ACC0079,"Wembley Tyres, Ltd",29.13,USD,card,settled
A002095,19/01/2026,ACC0082,Corner Cafe,449.44,EUR,card,failed
A002096,18/03/2026,ACC0095,Sandbrook Utilities,147.97,EUR,card,reversed
A002097,17/01/2026,ACC0107,Harrow Sports Club,136.99,GBP,bank_transfer,settled
A002098,12/12/2026,ACC0017,Ashvale Clinic,51.07,gbp,card,settled
A002099,24/02/2026,ACC0047,The Old Print Works,70.91,GBP,card,reversed
A002100,20/01/2026,ACC0059,Bolt & Screw Ltd,103.47,EUR,bank_transfer,failed
A002101,23/02/2026,ACC0035,"Marlow ""Fine"" Foods",71.76,EUR,card,settled
A002102,08/03/2026,ACC0109,The Old Print Works,19.27,USD,card,settled
A002103,11/03/2026,ACC0065,Sandbrook Utilities,7.29,USD,direct_debit,pending
A002104,13/02/2026,ACC0022,Bolt & Screw Ltd,63.53,gbp,direct_debit,settled
A002105,03/01/2026,ACC0065,"Wembley Tyres, Ltd",3.71,USD,card,settled
A002106,03/02/2026,ACC0082,Sandbrook Utilities,73.2,EUR,card,settled
A002107,26/02/2026,ACC0040,Corner Cafe,33.07,GBP,bank_transfer,failed
A002108,23/03/2026,ACC0105,The Old Print Works,36.36,GBP,bank_transfer,reversed
A002109,29/01/2026,ACC0068,Harrow Sports Club,290.92,GBP,direct_debit,pending
A002110,26/02/2026,ACC0086,"Marlow ""Fine"" Foods",4.19,gbp,bank_transfer,failed
A002111,09/03/2026,ACC0047,Sandbrook Utilities,156.6,GBP,direct_debit,reversed
A002112,01/01/2026,ACC0077,Northline Freight,38.31,USD,card,settled
A002113,03/02/2026,ACC0106,Kite Digital,14.99,USD,direct_debit,settled
A002114,06/02/2026,ACC0028,Ashvale Clinic,554.53,GBP,card,settled
A002115,15/02/2026,ACC0064,Corner Cafe,182.58,EUR,card,settled
A002116,03/03/2026,ACC0111,Harrow Sports Club,72.93,GBP,bank_transfer,reversed
A002117,06/01/2026,ACC0058,"Wembley Tyres, Ltd",33.26,EUR,card,failed
A002118,17/02/2026,ACC0057,Harrow Sports Club,174.33,EUR,card,settled
A002119,30/03/2026,ACC0106,Dhillon & Sons,113.69,GBP,card,failed
A002120,02/02/2026,ACC0111,Petra Logistics,21.23,GBP,bank_transfer,pending
A002121,12/02/2026,ACC0061,Ashvale Clinic,231.38,USD,card,reversed
A002122,05/01/2026,ACC0040,"Wembley Tyres, Ltd",25.57,USD,direct_debit,reversed
A002123,03/03/2026,ACC0044,Harrow Sports Club,302.24,gbp,card,settled
A002124,07/01/2026,ACC0095,Dhillon & Sons,8.61,GBP,card,settled
A002125,24/02/2026,ACC0082,Ashvale Clinic,40.27,gbp,card,pending
A002126,12/03/2026,ACC0032,Dhillon & Sons,40.3,gbp,card,failed
A002127,28/01/2026,ACC0109,Ashvale Clinic,90.03,GBP,direct_debit,failed
A002128,20/03/2026,ACC0072,Dhillon & Sons,119.17,EUR,card,failed
A002129,26/02/2026,ACC0084,"Marlow ""Fine"" Foods",135.76,GBP,card,failed
A002130,19/03/2026,ACC0109,Kite Digital,71.39,USD,card,pending
A002131,09/02/2026,ACC0062,"Marlow ""Fine"" Foods",8.6,GBP,direct_debit,settled
A002132,26/03/2026,ACC0033,Bolt & Screw Ltd,106.05,GBP,card,settled
A002133,08/03/2026,ACC0013,Dhillon & Sons,70.49,GBP,card,reversed
A002134,21/01/2026,ACC0047,Ashvale Clinic,27.42,USD,card,failed
A002135,03/02/2026,ACC0023,Sandbrook Utilities,27.18,USD,card,settled
A002136,24/02/2026,ACC0082,Petra Logistics,33.03,EUR,card,settled
A002137,03/08/2026,ACC0065,Kite Digital,245.4,GBP,bank_transfer,failed
A002138,11/02/2026,ACC0053,Northline Freight,37.95,GBP,card,settled
A002139,24/01/2026,ACC0089,Harrow Sports Club,5.69,gbp,card,settled
A002140,31/03/2026,ACC0034,Kite Digital,11.19,gbp,direct_debit,pending
A002141,08/09/2026,ACC0069,The Old Print Works,105.56,GBP,card,settled
A002142,04/02/2026,ACC0093,"Wembley Tyres, Ltd",64.88,USD,direct_debit,pending
A002143,18/03/2026,ACC0119,Northline Freight,70.75,gbp,direct_debit,pending
A002144,30/03/2026,ACC0078,Bolt & Screw Ltd,5.68,EUR,bank_transfer,settled
A002145,15/01/2026,ACC0100,Kite Digital,60.89,GBP,card,settled
A002146,06/02/2026,ACC0117,The Old Print Works,165.05,USD,card,settled
A002147,31/03/2026,ACC0027,Sandbrook Utilities,24.24,GBP,card,reversed
A002148,10/03/2026,ACC0118,Bolt & Screw Ltd,81.78,GBP,bank_transfer,reversed
A002149,14/03/2026,ACC0005,"Wembley Tyres, Ltd",331.4,USD,direct_debit,reversed
A002150,29/01/2026,ACC0028,The Old Print Works,24.39,GBP,card,settled
A002151,15/03/2026,ACC0062,Bolt & Screw Ltd,14.08,gbp,bank_transfer,settled
A002152,23/02/2026,ACC0058,Sandbrook Utilities,72.93,USD,bank_transfer,settled
A002153,01/01/2026,ACC0011,Sandbrook Utilities,20.4,USD,card,settled
A002154,05/03/2026,ACC0117,"Wembley Tyres, Ltd",78.26,GBP,card,settled
A002155,17/03/2026,ACC0088,"Marlow ""Fine"" Foods",179.95,GBP,card,failed
A002156,26/02/2026,ACC0045,Petra Logistics,172.42,GBP,card,settled
A002157,21/01/2026,ACC0100,Sandbrook Utilities,601.6,USD,card,reversed
A002158,13/02/2026,ACC0011,Bolt & Screw Ltd,83.51,USD,card,settled
A002159,08/01/2026,ACC0087,The Old Print Works,13.97,GBP,card,settled
A002160,10/03/2026,ACC0020,The Old Print Works,6.7,gbp,card,settled
A002161,04/03/2026,ACC0044,Petra Logistics,28.32,gbp,card,failed
A002162,01/03/2026,ACC0120,Harrow Sports Club,310.91,EUR,direct_debit,reversed
A002163,01/01/2026,ACC0080,"Marlow ""Fine"" Foods",36.26,GBP,card,settled
A002164,26/01/2026,ACC0107,Dhillon & Sons,-56.0,GBP,bank_transfer,settled
A002165,17/01/2026,ACC0100,The Old Print Works,55.79,gbp,card,settled
A002166,11/03/2026,ACC0120,Petra Logistics,60.56,gbp,direct_debit,pending
A002167,25/02/2026,ACC0018,Kite Digital,10.24,GBP,card,pending
A002168,08/01/2026,ACC0076,Ashvale Clinic,18.25,EUR,card,settled
A002169,08/04/2026,ACC0044,Harrow Sports Club,128.54,EUR,card,pending
A002170,11/01/2026,ACC0072,Ashvale Clinic,60.78,GBP,card,settled
A002171,27/03/2026,ACC0071,"Wembley Tyres, Ltd",36.05,GBP,card,failed
A002172,19/02/2026,ACC0057,"Marlow ""Fine"" Foods",42.39,EUR,card,settled
A002173,03/02/2026,ACC0064,Ashvale Clinic,488.02,USD,direct_debit,pending
A002174,13/01/2026,ACC0053,Corner Cafe,29.96,GBP,card,pending
A002175,15/01/2026,ACC0043,Harrow Sports Club,6.2,EUR,direct_debit,settled
A002176,23/03/2026,ACC0114,Kite Digital,29.64,USD,bank_transfer,pending
A002177,10/02/2026,ACC0065,Harrow Sports Club,178.86,GBP,card,settled
A002178,04/01/2026,ACC0055,Northline Freight,97.29,gbp,card,failed
A002179,16/03/2026,ACC0062,Northline Freight,79.93,GBP,bank_transfer,reversed
A002180,31/01/2026,ACC0006,Northline Freight,18.49,GBP,card,pending
A002181,05/01/2026,ACC0085,Dhillon & Sons,97.84,GBP,bank_transfer,failed
A002182,29/01/2026,ACC0072,Petra Logistics,37.96,EUR,card,settled
A002183,21/02/2026,ACC0106,Sandbrook Utilities,9.75,gbp,bank_transfer,failed
A002184,28/02/2026,ACC0009,"Marlow ""Fine"" Foods",42.38,GBP,card,reversed
A002185,18/01/2026,ACC0015,Kite Digital,17.01,gbp,bank_transfer,reversed
A002186,26/02/2026,ACC0100,The Old Print Works,196.52,GBP,bank_transfer,failed
A002187,22/02/2026,ACC0055,Corner Cafe,15.43,EUR,card,reversed
A002188,26/02/2026,ACC0031,Sandbrook Utilities,10.29,EUR,direct_debit,pending
A002189,09/02/2026,ACC0108,The Old Print Works,97.84,USD,bank_transfer,settled
A002190,06/01/2026,ACC0096,Sandbrook Utilities,94.31,gbp,bank_transfer,settled
A002191,31/03/2026,ACC0096,The Old Print Works,357.56,GBP,card,settled
A002192,02/01/2026,ACC0119,Corner Cafe,199.22,GBP,card,settled
A002193,05/02/2026,ACC0026,Kite Digital,6.59,EUR,card,pending
A002194,19/01/2026,ACC0010,Harrow Sports Club,133.02,GBP,bank_transfer,settled
A002195,03/01/2026,ACC0110,Dhillon & Sons,43.56,GBP,direct_debit,pending
A002196,03/01/2026,ACC0050,"Marlow ""Fine"" Foods",10.94,GBP,card,reversed
A002197,08/06/2026,ACC0034,Corner Cafe,505.46,USD,direct_debit,settled
A002198,02/03/2026,ACC0052,Kite Digital,129.34,EUR,card,reversed
A002199,28/01/2026,ACC0072,The Old Print Works,58.0,USD,direct_debit,settled
A002200,04/03/2026,ACC0065,"Marlow ""Fine"" Foods",78.6,USD,card,settled
A002201,23/03/2026,ACC0018,Sandbrook Utilities,21.58,GBP,direct_debit,settled
A002202,17/01/2026,ACC0100,Harrow Sports Club,83.7,gbp,card,failed
A002203,29/01/2026,ACC0069,Bolt & Screw Ltd,20.42,GBP,card,settled
A004624,04/02/2026,ACC0098,Kite Digital,9.26,GBP,direct_debit,reversed
A002205,25/01/2026,ACC0097,Northline Freight,9.21,GBP,card,settled
A002206,09/02/2026,ACC0066,Dhillon & Sons,37.46,gbp,card,reversed
A002207,12/01/2026,ACC0042,Bolt & Screw Ltd,21.9,gbp,card,settled
A002208,06/03/2026,ACC0032,Harrow Sports Club,27.65,USD,bank_transfer,reversed
A002209,09/01/2026,ACC0099,Dhillon & Sons,24.28,GBP,bank_transfer,settled
A002210,07/10/2026,ACC0059,Ashvale Clinic,41.68,gbp,card,settled
A002211,05/03/2026,ACC0011,Petra Logistics,5.78,GBP,direct_debit,settled
A002212,24/02/2026,ACC0107,Ashvale Clinic,16.31,GBP,card,settled
A002213,02/01/2026,ACC0029,Northline Freight,93.72,USD,card,settled
A002214,03/01/2026,ACC0050,"Marlow ""Fine"" Foods",223.63,GBP,card,settled
A002215,05/04/2026,ACC0072,Corner Cafe,80.59,EUR,card,settled
A002216,14/03/2026,ACC0004,Petra Logistics,48.0,GBP,card,settled
A002217,04/03/2026,ACC0063,Sandbrook Utilities,21.34,USD,bank_transfer,settled
A002218,16/02/2026,ACC0011,Bolt & Screw Ltd,58.37,USD,card,settled
A002219,14/01/2026,ACC0056,Sandbrook Utilities,32.3,USD,bank_transfer,settled
A002220,07/01/2026,ACC0053,Ashvale Clinic,56.74,gbp,card,settled
A002221,18/03/2026,ACC0061,Northline Freight,28.13,EUR,card,settled
A002222,09/01/2026,ACC0041,"Wembley Tyres, Ltd",23.15,GBP,bank_transfer,settled
A002223,22/01/2026,ACC0108,Ashvale Clinic,29.66,GBP,card,settled
A002224,09/03/2026,ACC0048,The Old Print Works,574.59,GBP,bank_transfer,reversed
A002225,18/02/2026,ACC0060,The Old Print Works,75.43,USD,direct_debit,failed
A002226,19/03/2026,ACC0072,Bolt & Screw Ltd,146.14,USD,card,failed
A002227,25/01/2026,ACC0039,"Marlow ""Fine"" Foods",123.7,USD,card,reversed
A002228,08/03/2026,ACC0094,The Old Print Works,32.03,GBP,card,settled
A002229,09/03/2026,ACC0047,Bolt & Screw Ltd,76.62,USD,direct_debit,reversed
A002230,09/02/2026,ACC0119,Northline Freight,7.46,GBP,card,settled
A002231,28/02/2026,ACC0053,"Wembley Tyres, Ltd",198.81,USD,card,reversed
A002232,17/03/2026,ACC0120,Petra Logistics,911.31,EUR,bank_transfer,settled
A002233,07/03/2026,ACC0108,Dhillon & Sons,44.52,GBP,bank_transfer,reversed
A002234,07/02/2026,ACC0069,Bolt & Screw Ltd,55.52,GBP,bank_transfer,settled
A002235,17/03/2026,ACC0117,"Wembley Tyres, Ltd",5.48,gbp,card,reversed
A002236,07/03/2026,ACC0047,"Wembley Tyres, Ltd",55.82,EUR,card,reversed
A002237,31/01/2026,ACC0063,"Wembley Tyres, Ltd",192.98,gbp,card,failed
A002238,11/03/2026,ACC0090,"Wembley Tyres, Ltd",26.78,gbp,direct_debit,failed
A002239,17/03/2026,ACC0007,Bolt & Screw Ltd,21.37,gbp,bank_transfer,pending
A002240,04/03/2026,ACC0095,Ashvale Clinic,111.12,gbp,card,settled
A002241,20/01/2026,ACC0061,Sandbrook Utilities,60.23,GBP,card,failed
A002242,17/02/2026,ACC0031,The Old Print Works,26.6,USD,card,settled
A002243,05/03/2026,ACC0075,Petra Logistics,94.47,GBP,bank_transfer,pending
A002244,07/01/2026,ACC0043,Northline Freight,16.79,GBP,card,pending
A002245,10/03/2026,ACC0025,Harrow Sports Club,19.86,GBP,direct_debit,pending
A002246,30/01/2026,ACC0033,Ashvale Clinic,11.25,GBP,card,failed
A002247,01/03/2026,ACC0002,Petra Logistics,52.1,GBP,card,pending
A002248,09/02/2026,ACC0037,The Old Print Works,67.76,gbp,card,settled
A002249,05/01/2026,ACC0028,Corner Cafe,47.27,GBP,card,settled
A002250,25/01/2026,ACC0036,Petra Logistics,26.8,USD,card,settled
A002251,14/01/2026,ACC0086,Dhillon & Sons,189.22,gbp,bank_transfer,pending
A002252,11/03/2026,ACC0094,Ashvale Clinic,155.89,GBP,direct_debit,failed
A002253,14/01/2026,ACC0038,The Old Print Works,41.7,gbp,card,reversed
A002254,08/01/2026,ACC0063,Northline Freight,55.93,USD,direct_debit,settled
A002255,14/02/2026,ACC0001,"Wembley Tyres, Ltd",281.23,USD,card,settled
A002256,09/02/2026,ACC0084,Petra Logistics,98.32,gbp,card,settled
A002257,04/01/2026,ACC0057,Bolt & Screw Ltd,43.94,GBP,direct_debit,settled
A002258,22/02/2026,ACC0086,Northline Freight,20.88,GBP,direct_debit,failed
A002259,20/01/2026,ACC0113,Dhillon & Sons,198.66,GBP,card,settled
A002260,04/03/2026,ACC0095,Kite Digital,91.96,GBP,bank_transfer,settled
A002261,06/10/2026,ACC0031,The Old Print Works,56.83,GBP,card,failed
A002262,27/03/2026,ACC0076,Northline Freight,101.74,USD,card,failed
A002263,06/01/2026,ACC0078,"Marlow ""Fine"" Foods",166.52,GBP,direct_debit,failed
A002264,13/03/2026,ACC0014,The Old Print Works,247.03,USD,card,settled
A002265,30/01/2026,ACC0072,Bolt & Screw Ltd,28.74,USD,card,failed
A002266,06/01/2026,ACC0074,Ashvale Clinic,98.83,GBP,card,settled
A002267,07/02/2026,ACC0027,Ashvale Clinic,22.95,GBP,direct_debit,reversed
A002268,22/03/2026,ACC0032,Dhillon & Sons,22.34,GBP,card,settled
A002269,28/03/2026,ACC0113,Bolt & Screw Ltd,73.65,EUR,bank_transfer,settled
A002270,09/06/2026,ACC0026,"Marlow ""Fine"" Foods",30.85,gbp,card,settled
A002271,14/02/2026,ACC0005,Bolt & Screw Ltd,14.48,gbp,card,pending
A002272,14/01/2026,ACC0116,Corner Cafe,74.64,GBP,direct_debit,settled
A002273,01/02/2026,ACC0073,Ashvale Clinic,44.37,GBP,direct_debit,reversed
A002274,11/01/2026,ACC0072,Bolt & Screw Ltd,91.52,GBP,card,reversed
A002275,19/01/2026,ACC0053,"Wembley Tyres, Ltd",62.65,USD,direct_debit,settled
A002276,10/03/2026,ACC0004,Ashvale Clinic,18.74,gbp,card,pending
A002277,15/02/2026,ACC0105,Sandbrook Utilities,38.31,GBP,card,failed
A002278,16/02/2026,ACC0029,Dhillon & Sons,26.02,EUR,direct_debit,reversed
A002279,20/01/2026,ACC0112,Dhillon & Sons,35.3,GBP,card,reversed
A002280,25/02/2026,ACC0078,Bolt & Screw Ltd,9.07,EUR,bank_transfer,settled
A002281,11/03/2026,ACC0031,"Wembley Tyres, Ltd",31.43,USD,card,reversed
A002282,13/02/2026,ACC0010,Petra Logistics,20.51,GBP,bank_transfer,settled
A002283,14/03/2026,ACC0069,Harrow Sports Club,49.19,GBP,bank_transfer,settled
A002284,18/01/2026,ACC0088,Northline Freight,40.52,EUR,bank_transfer,settled
A002285,10/01/2026,ACC0115,Kite Digital,56.46,gbp,card,pending
A002286,11/03/2026,ACC0100,"Wembley Tyres, Ltd",40.09,gbp,card,settled
A002287,18/01/2026,ACC0042,Dhillon & Sons,256.44,USD,card,settled
A002288,05/03/2026,ACC0076,Dhillon & Sons,15.79,GBP,bank_transfer,pending
A002289,05/01/2026,ACC0074,Northline Freight,115.59,gbp,card,settled
A002290,01/03/2026,ACC0064,Corner Cafe,38.24,USD,direct_debit,pending
A002291,22/01/2026,ACC0071,Sandbrook Utilities,31.38,GBP,card,pending
A002292,23/01/2026,ACC0009,Corner Cafe,5.92,EUR,card,pending
A002293,28/01/2026,ACC0093,Sandbrook Utilities,8.49,gbp,bank_transfer,settled
A002294,11/01/2026,ACC0043,Corner Cafe,69.72,GBP,card,failed
A002295,14/03/2026,ACC0120,Sandbrook Utilities,37.89,GBP,card,failed
A002296,08/02/2026,ACC0053,Kite Digital,47.28,USD,card,settled
A002297,26/02/2026,ACC0028,Corner Cafe,29.34,GBP,bank_transfer,settled
A002298,02/01/2026,ACC0057,"Marlow ""Fine"" Foods",18.07,GBP,bank_transfer,settled
A002299,08/06/2026,ACC0011,Petra Logistics,237.65,USD,direct_debit,settled
A002300,31/03/2026,ACC0052,"Wembley Tyres, Ltd",19.83,gbp,card,settled
A002301,03/01/2026,ACC0004,Corner Cafe,10.19,EUR,card,failed
A002302,19/02/2026,ACC0091,"Marlow ""Fine"" Foods",12.55,USD,card,reversed
A002303,15/01/2026,ACC0017,Sandbrook Utilities,435.83,GBP,direct_debit,failed
A002304,27/03/2026,ACC0004,Harrow Sports Club,151.56,GBP,direct_debit,failed
A002305,20/03/2026,ACC0074,Corner Cafe,110.22,EUR,direct_debit,settled
A002306,10/01/2026,ACC0090,"Wembley Tyres, Ltd",246.84,GBP,bank_transfer,settled
A002307,30/01/2026,ACC0089,Northline Freight,7.26,GBP,direct_debit,reversed
A002308,15/01/2026,ACC0096,Northline Freight,35.25,GBP,card,failed
A002309,02/03/2026,ACC0094,The Old Print Works,46.69,USD,card,settled
A002310,10/03/2026,ACC0093,Bolt & Screw Ltd,70.97,gbp,card,pending
A002311,09/01/2026,ACC0046,Dhillon & Sons,180.75,EUR,card,failed
A002312,18/01/2026,ACC0025,Sandbrook Utilities,62.31,EUR,card,settled
A002313,05/02/2026,ACC0002,Northline Freight,33.56,GBP,card,settled
A002314,31/03/2026,ACC0042,Petra Logistics,130.17,USD,direct_debit,pending
A002315,16/02/2026,ACC0112,Northline Freight,993.19,GBP,card,settled
A002316,15/02/2026,ACC0074,"Wembley Tyres, Ltd",13.27,GBP,card,failed
A002317,23/03/2026,ACC0013,"Wembley Tyres, Ltd",415.25,GBP,bank_transfer,reversed
A002318,07/07/2026,ACC0018,Corner Cafe,35.59,EUR,direct_debit,settled
A002319,12/01/2026,ACC0025,The Old Print Works,137.47,USD,card,settled
A002320,11/01/2026,ACC0020,"Marlow ""Fine"" Foods",30.62,GBP,card,settled
A002321,07/04/2026,ACC0107,Harrow Sports Club,17.68,USD,direct_debit,settled
A002322,16/03/2026,ACC0030,Petra Logistics,9.64,GBP,card,settled
A002323,01/04/2026,ACC0067,Sandbrook Utilities,30.48,gbp,card,pending
A002324,23/03/2026,ACC0047,Bolt & Screw Ltd,34.45,GBP,direct_debit,settled
A002325,03/02/2026,ACC0087,"Marlow ""Fine"" Foods",38.62,GBP,bank_transfer,reversed
A002326,02/02/2026,ACC0059,Northline Freight,18.63,GBP,card,pending
A002327,10/03/2026,ACC0068,Dhillon & Sons,127.53,GBP,bank_transfer,settled
A002328,16/02/2026,ACC0025,Petra Logistics,128.8,GBP,bank_transfer,pending
A002329,19/01/2026,ACC0109,"Wembley Tyres, Ltd",59.32,EUR,card,settled
A002330,19/02/2026,ACC0044,Harrow Sports Club,108.75,GBP,card,settled
A002331,08/02/2026,ACC0080,Harrow Sports Club,69.75,GBP,card,reversed
A002332,15/02/2026,ACC0095,Kite Digital,39.2,GBP,card,settled
A002333,03/03/2026,ACC0028,Bolt & Screw Ltd,113.24,EUR,card,reversed
A002334,07/03/2026,ACC0071,Harrow Sports Club,21.09,USD,card,settled
A002335,18/03/2026,ACC0044,Corner Cafe,213.61,GBP,card,settled
A002336,01/03/2026,ACC0097,Petra Logistics,19.47,GBP,bank_transfer,settled
A002337,11/07/2026,ACC0074,Dhillon & Sons,31.11,gbp,card,settled
A002338,17/03/2026,ACC0067,Petra Logistics,35.45,GBP,card,settled
A002339,26/03/2026,ACC0063,The Old Print Works,88.92,GBP,card,failed
A002340,22/01/2026,ACC0025,Dhillon & Sons,48.18,GBP,direct_debit,reversed
A002341,11/02/2026,ACC0088,Dhillon & Sons,19.48,GBP,card,settled
A002342,08/01/2026,ACC0091,The Old Print Works,129.51,GBP,bank_transfer,failed
A002343,25/03/2026,ACC0087,Harrow Sports Club,4.58,GBP,card,reversed
A002344,13/02/2026,ACC0032,Harrow Sports Club,11.97,GBP,card,settled
A002345,22/03/2026,ACC0079,Northline Freight,21.78,gbp,bank_transfer,pending
A002346,17/01/2026,ACC0003,Sandbrook Utilities,155.32,EUR,direct_debit,pending
A002347,09/02/2026,ACC0048,Harrow Sports Club,8.03,GBP,card,failed
A002348,29/01/2026,ACC0052,"Wembley Tyres, Ltd",176.46,USD,card,failed
A002349,08/02/2026,ACC0025,Harrow Sports Club,135.82,USD,card,settled
A002350,05/03/2026,ACC0094,Corner Cafe,69.39,GBP,direct_debit,settled
A002351,24/01/2026,ACC0070,Sandbrook Utilities,52.62,GBP,card,reversed
A002352,06/01/2026,ACC0047,Dhillon & Sons,23.02,EUR,card,settled
A002353,23/01/2026,ACC0053,Petra Logistics,120.44,USD,card,settled
A002354,10/01/2026,ACC0099,Dhillon & Sons,20.37,USD,direct_debit,failed
A002355,19/03/2026,ACC0070,Bolt & Screw Ltd,40.0,GBP,direct_debit,failed
A002356,20/03/2026,ACC0082,Sandbrook Utilities,558.35,GBP,card,reversed
A002357,18/02/2026,ACC0002,"Wembley Tyres, Ltd",26.53,gbp,card,settled
A002358,09/01/2026,ACC0057,Corner Cafe,469.57,gbp,card,settled
A002359,25/01/2026,ACC0054,Bolt & Screw Ltd,84.1,EUR,direct_debit,settled
A002360,23/01/2026,ACC0120,Bolt & Screw Ltd,11.06,GBP,card,settled
A002361,08/02/2026,ACC0080,Northline Freight,119.71,gbp,direct_debit,pending
A002362,09/01/2026,ACC0103,Sandbrook Utilities,151.39,EUR,card,reversed
A002363,02/03/2026,ACC0088,Corner Cafe,90.71,GBP,card,settled
A002364,03/02/2026,ACC0072,Northline Freight,17.61,GBP,card,settled
A002365,24/01/2026,ACC0071,"Wembley Tyres, Ltd",154.3,gbp,card,settled
A002366,28/02/2026,ACC0061,Bolt & Screw Ltd,10.6,GBP,card,settled
A002367,14/01/2026,ACC0570,Petra Logistics,22.32,USD,bank_transfer,reversed
A002368,03/03/2026,ACC0076,Corner Cafe,25.45,GBP,card,pending
A002369,04/01/2026,ACC0081,Kite Digital,61.2,EUR,card,settled
A002370,20/01/2026,ACC0027,"Marlow ""Fine"" Foods",60.71,GBP,direct_debit,pending
A002371,04/03/2026,ACC0080,"Marlow ""Fine"" Foods",19.8,GBP,card,settled
A002372,17/01/2026,ACC0022,"Wembley Tyres, Ltd",18.74,gbp,card,pending
A002373,01/02/2026,ACC0093,"Wembley Tyres, Ltd",251.93,USD,direct_debit,reversed
A002374,07/09/2026,ACC0096,Harrow Sports Club,6.39,GBP,direct_debit,settled
A002375,12/01/2026,ACC0021,Bolt & Screw Ltd,22.09,GBP,bank_transfer,failed
A002376,16/02/2026,ACC0050,Ashvale Clinic,71.87,gbp,card,settled
A002377,07/02/2026,ACC0077,Ashvale Clinic,49.38,gbp,card,failed
A002378,07/03/2026,ACC0116,Sandbrook Utilities,121.48,gbp,card,reversed
A002379,02/01/2026,ACC0058,Northline Freight,21.86,GBP,card,reversed
A002380,03/03/2026,ACC0114,Dhillon & Sons,173.76,EUR,bank_transfer,settled
A002381,11/01/2026,ACC0112,Bolt & Screw Ltd,30.24,EUR,bank_transfer,settled
A002382,14/02/2026,ACC0029,Sandbrook Utilities,27.16,gbp,card,reversed
A002383,09/02/2026,ACC0015,Ashvale Clinic,249.05,GBP,direct_debit,settled
A002384,10/01/2026,ACC0114,Sandbrook Utilities,243.34,GBP,card,pending
A002385,27/03/2026,ACC0070,Dhillon & Sons,7.2,GBP,card,failed
A002386,30/03/2026,ACC0041,Harrow Sports Club,34.4,EUR,bank_transfer,reversed
A002387,08/02/2026,ACC0038,Petra Logistics,199.67,EUR,card,settled
A002388,07/01/2026,ACC0001,The Old Print Works,13.98,USD,card,settled
A002389,11/01/2026,ACC0105,Northline Freight,45.54,gbp,card,reversed
A002390,08/02/2026,ACC0029,The Old Print Works,172.85,gbp,card,settled
A002391,14/02/2026,ACC0114,Ashvale Clinic,24.09,GBP,bank_transfer,failed
A002392,20/03/2026,ACC0052,Sandbrook Utilities,45.68,USD,direct_debit,failed
A002393,11/02/2026,ACC0033,Bolt & Screw Ltd,25.18,GBP,bank_transfer,settled
A002394,13/01/2026,ACC0110,Harrow Sports Club,63.02,USD,direct_debit,pending
A002395,15/01/2026,ACC0022,Sandbrook Utilities,403.94,EUR,bank_transfer,settled
A002396,26/03/2026,ACC0048,Sandbrook Utilities,19.0,GBP,bank_transfer,settled
A002397,05/01/2026,ACC0064,Petra Logistics,31.55,GBP,bank_transfer,settled
A002398,03/02/2026,ACC0050,Petra Logistics,109.18,EUR,direct_debit,settled
A002399,01/03/2026,ACC0014,Northline Freight,29.49,GBP,card,settled
A002400,16/03/2026,ACC0035,Harrow Sports Club,28.45,gbp,card,failed
A002401,02/01/2026,ACC0016,Petra Logistics,769.32,gbp,card,pending
A002402,05/03/2026,ACC0076,Northline Freight,74.72,GBP,card,pending
A002403,02/10/2026,ACC0113,Petra Logistics,418.86,USD,direct_debit,settled
A002404,18/01/2026,ACC0079,Kite Digital,53.83,USD,card,settled
A002405,03/01/2026,ACC0006,Kite Digital,65.28,EUR,bank_transfer,settled
A002406,30/03/2026,ACC0023,Sandbrook Utilities,89.53,GBP,card,settled
A002407,29/03/2026,ACC0106,"Marlow ""Fine"" Foods",160.71,USD,card,settled
A002408,05/03/2026,ACC0096,Dhillon & Sons,63.53,USD,card,pending
A002409,03/02/2026,ACC0074,Harrow Sports Club,65.72,GBP,direct_debit,failed
A002410,28/03/2026,ACC0045,The Old Print Works,187.28,GBP,card,reversed
A002411,14/02/2026,ACC0018,The Old Print Works,26.03,gbp,direct_debit,reversed
A002412,10/01/2026,ACC0090,"Marlow ""Fine"" Foods",25.15,gbp,card,settled
A002413,25/02/2026,ACC0120,The Old Print Works,119.68,gbp,card,failed
A002414,26/03/2026,ACC0002,Dhillon & Sons,213.88,USD,direct_debit,pending
A002415,27/02/2026,ACC0045,Northline Freight,14.23,GBP,direct_debit,pending
A002416,13/03/2026,ACC0070,Harrow Sports Club,28.14,GBP,card,settled
A002417,09/02/2026,ACC0036,"Wembley Tyres, Ltd",28.4,EUR,card,reversed
A002418,14/01/2026,ACC0093,The Old Print Works,17.66,GBP,card,failed
A002419,06/02/2026,ACC0024,"Wembley Tyres, Ltd",10.14,GBP,bank_transfer,reversed
A002420,14/01/2026,ACC0037,Corner Cafe,159.95,GBP,direct_debit,settled
A002421,09/03/2026,ACC0098,"Marlow ""Fine"" Foods",10.53,GBP,bank_transfer,settled
A002422,11/06/2026,ACC0110,Harrow Sports Club,22.44,GBP,bank_transfer,pending
A002423,28/01/2026,ACC0100,Dhillon & Sons,27.91,EUR,card,settled
A002424,24/03/2026,ACC0062,Dhillon & Sons,7.43,GBP,card,reversed
A002425,29/01/2026,ACC0092,Northline Freight,40.86,EUR,card,failed
A002426,27/02/2026,ACC0115,Sandbrook Utilities,164.55,USD,direct_debit,settled
A002427,07/01/2026,ACC0505,Dhillon & Sons,23.92,GBP,direct_debit,failed
A002428,07/01/2026,ACC0034,Harrow Sports Club,345.89,GBP,bank_transfer,settled
A002429,19/01/2026,ACC0112,Ashvale Clinic,26.7,GBP,card,settled
A002430,21/01/2026,ACC0090,Northline Freight,118.32,EUR,card,settled
A002431,02/03/2026,ACC0102,Northline Freight,54.87,gbp,card,pending
A002432,17/03/2026,ACC0062,Dhillon & Sons,47.03,USD,bank_transfer,pending
A002433,21/01/2026,ACC0118,Dhillon & Sons,,GBP,card,failed
A002434,15/01/2026,ACC0024,"Marlow ""Fine"" Foods",13.02,EUR,bank_transfer,pending
A002435,26/03/2026,ACC0018,Corner Cafe,587.32,GBP,card,settled
A002436,03/03/2026,ACC0049,Harrow Sports Club,17.91,GBP,bank_transfer,settled
A002437,10/01/2026,ACC0026,"Marlow ""Fine"" Foods",57.58,gbp,card,settled
A002438,25/03/2026,ACC0039,Corner Cafe,174.5,GBP,card,failed
A002439,07/02/2026,ACC0105,Sandbrook Utilities,125.35,GBP,direct_debit,settled
A002440,26/01/2026,ACC0063,Dhillon & Sons,38.06,GBP,card,failed
A002441,25/03/2026,ACC0112,Petra Logistics,33.34,gbp,card,reversed
A002442,01/02/2026,ACC0033,Kite Digital,20.79,USD,direct_debit,settled
A002443,16/02/2026,ACC0036,Corner Cafe,140.36,USD,card,settled
A002444,21/03/2026,ACC0112,The Old Print Works,36.78,USD,card,settled
A002445,18/03/2026,ACC0099,"Wembley Tyres, Ltd",22.15,GBP,direct_debit,reversed
A002446,05/02/2026,ACC0088,"Wembley Tyres, Ltd",,gbp,bank_transfer,settled
A002447,11/03/2026,ACC0029,Ashvale Clinic,25.87,GBP,card,settled
A002448,18/01/2026,ACC0003,"Marlow ""Fine"" Foods",115.1,GBP,card,settled
A002449,09/03/2026,ACC0119,Ashvale Clinic,72.67,EUR,direct_debit,settled
A002450,15/01/2026,ACC0099,Sandbrook Utilities,98.65,GBP,card,settled
A002451,01/02/2026,ACC0098,"Marlow ""Fine"" Foods",71.17,GBP,card,failed
A002452,26/03/2026,ACC0071,Bolt & Screw Ltd,130.57,USD,card,pending
A002453,22/03/2026,ACC0033,"Wembley Tyres, Ltd",57.45,gbp,card,settled
A002454,02/01/2026,ACC0105,Dhillon & Sons,34.33,GBP,card,settled
A002455,09/03/2026,ACC0036,Northline Freight,367.9,USD,card,settled
A002456,26/02/2026,ACC0081,Bolt & Screw Ltd,1.99,gbp,card,settled
A002457,26/01/2026,ACC0039,Kite Digital,121.83,GBP,card,settled
A002458,08/03/2026,ACC0042,The Old Print Works,4.9,gbp,card,failed
A002459,17/03/2026,ACC0032,"Marlow ""Fine"" Foods",79.42,GBP,bank_transfer,reversed
A002460,31/01/2026,ACC0109,"Wembley Tyres, Ltd",39.69,GBP,card,settled
A002461,06/01/2026,ACC0003,Sandbrook Utilities,38.24,USD,card,settled
A002462,27/02/2026,ACC0090,Ashvale Clinic,164.67,gbp,card,failed
A002463,10/02/2026,ACC0114,Harrow Sports Club,30.11,gbp,card,settled
A002464,28/02/2026,ACC0068,"Wembley Tyres, Ltd",345.64,GBP,direct_debit,settled
A002465,20/02/2026,ACC0082,Kite Digital,48.64,GBP,card,settled
A002466,23/03/2026,ACC0040,Northline Freight,9.35,EUR,card,pending
A002467,21/02/2026,ACC0113,Sandbrook Utilities,38.18,EUR,card,settled
A002468,12/02/2026,ACC0047,Petra Logistics,136.77,GBP,card,settled
A002469,25/03/2026,ACC0069,"Wembley Tyres, Ltd",232.89,USD,bank_transfer,settled
A002470,20/03/2026,ACC0090,Petra Logistics,16.1,GBP,card,settled
A002471,23/01/2026,ACC0007,The Old Print Works,130.41,GBP,card,settled
A002472,04/03/2026,ACC0100,Dhillon & Sons,97.88,gbp,card,settled
A002473,22/01/2026,ACC0009,"Marlow ""Fine"" Foods",21.89,USD,card,pending
A002474,03/07/2026,ACC0005,"Wembley Tyres, Ltd",17.19,GBP,card,settled
A002475,16/03/2026,ACC0063,Kite Digital,287.76,EUR,bank_transfer,pending
A002476,17/02/2026,ACC0114,"Marlow ""Fine"" Foods",95.38,GBP,card,reversed
A002477,24/01/2026,ACC0023,Sandbrook Utilities,196.21,USD,card,settled
A002478,02/12/2026,ACC0058,Bolt & Screw Ltd,208.16,USD,card,failed
A002479,30/01/2026,ACC0034,Petra Logistics,23.47,GBP,bank_transfer,pending
A002480,11/02/2026,ACC0001,Northline Freight,11.51,GBP,direct_debit,settled
A002481,15/03/2026,ACC0081,Kite Digital,73.74,EUR,direct_debit,settled
A002482,23/01/2026,ACC0032,"Marlow ""Fine"" Foods",59.38,GBP,card,pending
A002483,22/02/2026,ACC0062,Corner Cafe,97.64,GBP,bank_transfer,pending
A002484,24/03/2026,ACC0023,"Marlow ""Fine"" Foods",18.93,GBP,card,failed
A002485,24/01/2026,ACC0060,Corner Cafe,425.98,USD,bank_transfer,failed
A002486,01/01/2026,ACC0069,Dhillon & Sons,57.32,USD,card,settled
A002487,20/03/2026,ACC0118,Bolt & Screw Ltd,94.83,GBP,direct_debit,failed
A002488,12/01/2026,ACC0027,Dhillon & Sons,101.66,GBP,card,reversed
A002489,15/01/2026,ACC0083,Ashvale Clinic,87.94,EUR,direct_debit,settled
A002490,02/02/2026,ACC0001,Dhillon & Sons,13.99,GBP,direct_debit,pending
A002491,16/03/2026,ACC0069,Corner Cafe,59.52,GBP,direct_debit,reversed
A002492,12/07/2026,ACC0038,Corner Cafe,16.82,GBP,card,settled
A002493,22/03/2026,ACC0069,Northline Freight,53.36,gbp,card,settled
A002494,08/02/2026,ACC0052,Harrow Sports Club,79.3,GBP,card,settled
A002495,06/01/2026,ACC0085,Sandbrook Utilities,34.53,GBP,card,settled
A002496,29/01/2026,ACC0060,Bolt & Screw Ltd,49.17,GBP,bank_transfer,pending
A002497,06/03/2026,ACC0099,Bolt & Screw Ltd,33.91,EUR,card,settled
A002498,30/03/2026,ACC0070,Harrow Sports Club,56.08,USD,bank_transfer,settled
A002499,26/02/2026,ACC0038,Petra Logistics,212.33,gbp,card,pending
A002500,15/01/2026,ACC0033,Sandbrook Utilities,147.21,GBP,bank_transfer,settled
A002501,06/02/2026,ACC0023,The Old Print Works,204.44,GBP,bank_transfer,failed
A002502,28/01/2026,ACC0114,"Marlow ""Fine"" Foods",17.62,GBP,card,settled
A002503,31/03/2026,ACC0071,"Wembley Tyres, Ltd",42.4,EUR,direct_debit,pending
A002504,28/02/2026,ACC0053,Harrow Sports Club,99.94,EUR,card,reversed
A002505,12/01/2026,ACC0065,Petra Logistics,122.2,GBP,card,settled
A002506,27/03/2026,ACC0010,Dhillon & Sons,94.25,GBP,bank_transfer,failed
A002507,11/01/2026,ACC0006,Sandbrook Utilities,66.29,EUR,bank_transfer,reversed
A002508,16/03/2026,ACC0057,"Marlow ""Fine"" Foods",,GBP,card,failed
A002509,13/01/2026,ACC0068,Harrow Sports Club,11.52,gbp,card,settled
A002510,10/02/2026,ACC0045,Corner Cafe,15.52,EUR,card,settled
A002511,22/02/2026,ACC0043,Corner Cafe,77.69,EUR,direct_debit,reversed
A002512,18/02/2026,ACC0043,The Old Print Works,84.62,gbp,card,failed
A002513,07/03/2026,ACC0040,Petra Logistics,121.36,gbp,card,reversed
A002514,19/02/2026,ACC0118,Sandbrook Utilities,63.65,gbp,direct_debit,failed
A002515,21/01/2026,ACC0118,Bolt & Screw Ltd,50.04,GBP,card,pending
A002516,19/01/2026,ACC0024,The Old Print Works,107.33,GBP,direct_debit,settled
A002517,15/01/2026,ACC0108,Kite Digital,129.92,EUR,direct_debit,settled
A002518,21/02/2026,ACC0079,The Old Print Works,68.96,USD,direct_debit,failed
A002519,09/01/2026,ACC0010,Ashvale Clinic,198.0,EUR,direct_debit,settled
A002520,26/01/2026,ACC0113,Petra Logistics,42.19,GBP,card,reversed
A002521,25/01/2026,ACC0069,Northline Freight,10.35,EUR,direct_debit,settled
A002522,04/02/2026,ACC0077,Dhillon & Sons,89.92,GBP,bank_transfer,settled
A002523,14/02/2026,ACC0034,Kite Digital,9.96,GBP,card,settled
A002524,30/03/2026,ACC0068,Petra Logistics,64.78,GBP,bank_transfer,pending
A002525,07/03/2026,ACC0087,Corner Cafe,19.43,GBP,card,reversed
A002526,28/01/2026,ACC0084,Kite Digital,16.34,GBP,card,reversed
A002527,23/03/2026,ACC0105,Petra Logistics,111.67,EUR,card,settled
A002528,25/03/2026,ACC0013,The Old Print Works,338.56,USD,direct_debit,pending
A002529,28/02/2026,ACC0082,Dhillon & Sons,139.84,GBP,card,failed
A002530,31/03/2026,ACC0101,The Old Print Works,59.62,GBP,bank_transfer,settled
A002531,02/02/2026,ACC0101,"Wembley Tyres, Ltd",286.38,gbp,card,pending
A002532,12/03/2026,ACC0073,Corner Cafe,51.6,gbp,direct_debit,settled
A002533,23/02/2026,ACC0088,"Marlow ""Fine"" Foods",41.06,USD,bank_transfer,reversed
A002534,02/03/2026,ACC0072,"Wembley Tyres, Ltd",58.41,gbp,bank_transfer,reversed
A002535,28/02/2026,ACC0097,Dhillon & Sons,35.52,USD,card,settled
A002536,16/01/2026,ACC0059,Northline Freight,61.67,gbp,direct_debit,failed
A002537,03/02/2026,ACC0075,Corner Cafe,20.5,GBP,direct_debit,settled
A002538,09/02/2026,ACC0020,Harrow Sports Club,137.07,GBP,card,settled
A002539,19/01/2026,ACC0079,Sandbrook Utilities,63.92,EUR,card,reversed
A002540,25/03/2026,ACC0057,Sandbrook Utilities,18.05,USD,bank_transfer,settled
A002541,07/01/2026,ACC0100,Sandbrook Utilities,67.96,EUR,direct_debit,pending
A002542,14/03/2026,ACC0060,"Marlow ""Fine"" Foods",110.18,GBP,card,reversed
A002543,23/02/2026,ACC0046,Bolt & Screw Ltd,72.08,GBP,card,reversed
A002544,18/03/2026,ACC0115,Kite Digital,35.8,EUR,bank_transfer,settled
A002545,09/01/2026,ACC0103,Ashvale Clinic,102.82,EUR,direct_debit,reversed
A002546,20/02/2026,ACC0110,Northline Freight,69.32,GBP,card,settled
A002547,15/02/2026,ACC0008,Kite Digital,8.74,EUR,bank_transfer,failed
A002548,18/03/2026,ACC0114,Kite Digital,201.26,USD,card,settled
A002549,28/02/2026,ACC0028,Bolt & Screw Ltd,46.41,GBP,bank_transfer,settled
A002550,11/03/2026,ACC0064,Bolt & Screw Ltd,66.97,GBP,card,failed
A002551,15/03/2026,ACC0061,Kite Digital,18.62,GBP,card,reversed
A002552,25/01/2026,ACC0113,Sandbrook Utilities,48.98,USD,direct_debit,settled
A002553,24/01/2026,ACC0016,Harrow Sports Club,117.52,gbp,bank_transfer,settled
A002554,08/03/2026,ACC0097,Kite Digital,293.43,EUR,card,settled
A002555,22/01/2026,ACC0083,The Old Print Works,100.15,EUR,card,settled
A002556,18/01/2026,ACC0016,Harrow Sports Club,5.98,GBP,card,failed
A002557,20/01/2026,ACC0083,Northline Freight,41.65,GBP,card,settled
A002558,03/01/2026,ACC0037,Ashvale Clinic,75.4,gbp,card,failed
A002559,16/02/2026,ACC0061,"Marlow ""Fine"" Foods",21.28,GBP,card,settled
A002560,10/02/2026,ACC0058,The Old Print Works,167.45,GBP,bank_transfer,pending
A002561,31/01/2026,ACC0067,Kite Digital,129.65,gbp,card,settled
A002562,18/01/2026,ACC0053,Harrow Sports Club,444.43,USD,card,failed
A002563,28/03/2026,ACC0004,Ashvale Clinic,95.29,GBP,card,failed
A002564,20/02/2026,ACC0084,Northline Freight,33.61,USD,direct_debit,settled
A002565,15/03/2026,ACC0060,Kite Digital,117.6,GBP,card,settled
A002566,02/01/2026,ACC0010,Dhillon & Sons,30.53,gbp,card,settled
A002567,05/02/2026,ACC0036,"Marlow ""Fine"" Foods",130.54,EUR,card,settled
A002568,15/03/2026,ACC0050,Sandbrook Utilities,14.68,GBP,bank_transfer,settled
A002569,24/01/2026,ACC0108,Sandbrook Utilities,210.79,EUR,card,pending
A002570,10/02/2026,ACC0060,Harrow Sports Club,236.02,EUR,direct_debit,pending
A002571,25/02/2026,ACC0060,Ashvale Clinic,289.01,USD,card,settled
A002572,04/01/2026,ACC0120,Northline Freight,443.73,gbp,card,pending
A002573,03/07/2026,ACC0027,Bolt & Screw Ltd,21.42,gbp,card,settled
A002574,15/03/2026,ACC0056,Northline Freight,192.76,gbp,card,settled
A002575,18/02/2026,ACC0010,"Marlow ""Fine"" Foods",21.78,USD,direct_debit,settled
A002576,07/02/2026,ACC0109,The Old Print Works,14.4,GBP,card,reversed
A002577,08/02/2026,ACC0011,Harrow Sports Club,50.89,USD,card,pending
A002578,25/01/2026,ACC0092,Petra Logistics,141.21,GBP,card,settled
A002579,15/02/2026,ACC0076,Sandbrook Utilities,34.23,GBP,direct_debit,settled
A002580,03/03/2026,ACC0077,Bolt & Screw Ltd,66.54,EUR,bank_transfer,failed
A002581,21/03/2026,ACC0038,Ashvale Clinic,570.72,GBP,direct_debit,settled
A002582,22/01/2026,ACC0109,Dhillon & Sons,82.11,gbp,card,reversed
A002583,25/03/2026,ACC0017,Sandbrook Utilities,47.82,GBP,direct_debit,settled
A002584,09/11/2026,ACC0048,Bolt & Screw Ltd,39.72,GBP,card,pending
A002585,14/02/2026,ACC0030,Ashvale Clinic,91.27,gbp,card,reversed
A002586,24/01/2026,ACC0034,Ashvale Clinic,271.63,GBP,card,settled
A002587,31/03/2026,ACC0062,Corner Cafe,40.46,gbp,card,failed
A002588,31/03/2026,ACC0098,Ashvale Clinic,16.33,GBP,bank_transfer,settled
A002589,07/03/2026,ACC0081,The Old Print Works,4.34,GBP,card,settled
A002590,05/03/2026,ACC0010,Kite Digital,30.22,EUR,card,pending
A002591,11/11/2026,ACC0063,Ashvale Clinic,562.78,USD,card,pending
A002592,07/02/2026,ACC0061,Kite Digital,37.11,GBP,card,pending
A002593,22/01/2026,ACC0008,Kite Digital,218.56,GBP,bank_transfer,settled
A002594,17/03/2026,ACC0078,Harrow Sports Club,59.51,EUR,direct_debit,settled
A002595,26/03/2026,ACC0079,Dhillon & Sons,31.43,GBP,card,settled
A002596,11/02/2026,ACC0001,Sandbrook Utilities,227.88,GBP,bank_transfer,reversed
A002597,18/01/2026,ACC0071,Bolt & Screw Ltd,23.38,gbp,bank_transfer,reversed
A002598,20/02/2026,ACC0022,Petra Logistics,21.69,EUR,bank_transfer,pending
A002599,09/03/2026,ACC0003,Harrow Sports Club,7.78,gbp,card,settled
A002600,29/03/2026,ACC0012,"Wembley Tyres, Ltd",129.35,gbp,card,reversed
A002601,18/01/2026,ACC0032,Kite Digital,47.29,USD,card,failed
A002602,19/02/2026,ACC0100,Bolt & Screw Ltd,46.05,GBP,direct_debit,settled
A002603,06/09/2026,ACC0104,Ashvale Clinic,77.95,GBP,bank_transfer,settled
A002604,01/08/2026,ACC0068,The Old Print Works,281.53,GBP,card,settled
A002605,24/03/2026,ACC0002,Corner Cafe,107.72,USD,direct_debit,reversed
A002606,29/03/2026,ACC0093,Harrow Sports Club,458.17,GBP,card,reversed
A002607,17/03/2026,ACC0079,Petra Logistics,111.84,EUR,card,reversed
A002608,11/01/2026,ACC0046,Harrow Sports Club,50.77,GBP,bank_transfer,failed
A002609,28/01/2026,ACC0003,Sandbrook Utilities,58.86,GBP,card,reversed
A002610,09/01/2026,ACC0082,Dhillon & Sons,10.26,gbp,card,pending
A002611,24/03/2026,ACC0032,Dhillon & Sons,,GBP,card,failed
A002612,21/02/2026,ACC0016,Harrow Sports Club,45.65,GBP,card,settled
A002613,04/01/2026,ACC0107,Dhillon & Sons,150.52,GBP,bank_transfer,failed
A002614,20/03/2026,ACC0082,Sandbrook Utilities,33.07,GBP,card,settled
A002615,07/09/2026,ACC0074,Ashvale Clinic,124.1,GBP,bank_transfer,settled
A002616,12/08/2026,ACC0005,The Old Print Works,33.58,GBP,card,settled
A002617,02/03/2026,ACC0010,Bolt & Screw Ltd,59.09,USD,card,settled
A002618,26/02/2026,ACC0096,Harrow Sports Club,200.34,GBP,direct_debit,reversed
A002619,30/03/2026,ACC0087,Corner Cafe,121.82,USD,bank_transfer,settled
A002620,07/01/2026,ACC0088,Bolt & Screw Ltd,2.65,GBP,card,reversed
A002621,20/01/2026,ACC0118,Corner Cafe,15.97,gbp,card,settled
A002622,02/01/2026,ACC0002,Dhillon & Sons,,USD,direct_debit,reversed
A002623,11/01/2026,ACC0007,Ashvale Clinic,132.72,GBP,card,reversed
A002624,14/01/2026,ACC0015,Petra Logistics,89.29,gbp,direct_debit,settled
A002625,13/03/2026,ACC0039,Harrow Sports Club,24.61,GBP,card,settled
A002626,24/03/2026,ACC0101,Ashvale Clinic,46.59,GBP,card,reversed
A002627,31/03/2026,ACC0010,Ashvale Clinic,18.57,gbp,bank_transfer,settled
A002628,23/03/2026,ACC0105,Corner Cafe,39.64,GBP,card,settled
A002629,31/03/2026,ACC0050,Corner Cafe,73.65,EUR,card,reversed
A002630,01/03/2026,ACC0036,Petra Logistics,6.78,GBP,card,settled
A002631,28/01/2026,ACC0037,"Marlow ""Fine"" Foods",17.66,gbp,bank_transfer,reversed
A002632,07/03/2026,ACC0017,Northline Freight,170.34,GBP,card,settled
A002633,14/02/2026,ACC0024,The Old Print Works,18.49,USD,card,settled
A002634,28/02/2026,ACC0064,Petra Logistics,12.49,GBP,card,settled
A002635,05/03/2026,ACC0013,The Old Print Works,94.72,EUR,direct_debit,failed
A002636,03/02/2026,ACC0049,Corner Cafe,7.59,GBP,direct_debit,failed
A002637,10/01/2026,ACC0011,The Old Print Works,98.61,GBP,bank_transfer,settled
A002638,11/01/2026,ACC0026,Petra Logistics,214.3,GBP,bank_transfer,settled
A002639,09/01/2026,ACC0001,Bolt & Screw Ltd,98.48,EUR,card,failed
A002640,19/03/2026,ACC0017,Kite Digital,156.25,GBP,bank_transfer,pending
A002641,14/03/2026,ACC0084,"Marlow ""Fine"" Foods",96.22,GBP,direct_debit,failed
A002642,04/03/2026,ACC0080,Bolt & Screw Ltd,9.12,GBP,direct_debit,pending
A002643,02/04/2026,ACC0075,The Old Print Works,219.92,GBP,card,reversed
A002644,03/01/2026,ACC0063,Northline Freight,27.75,GBP,card,settled
A002645,25/01/2026,ACC0112,Kite Digital,73.45,EUR,card,settled
A002646,14/02/2026,ACC0040,"Wembley Tyres, Ltd",248.25,GBP,card,settled
A002647,08/03/2026,ACC0034,Petra Logistics,360.5,gbp,direct_debit,settled
A002648,17/01/2026,ACC0072,Petra Logistics,95.83,EUR,card,failed
A002649,11/01/2026,ACC0116,Dhillon & Sons,61.33,GBP,card,settled
A002650,19/03/2026,ACC0043,"Marlow ""Fine"" Foods",32.89,EUR,card,reversed
A002651,09/01/2026,ACC0069,Bolt & Screw Ltd,156.25,USD,card,pending
A002652,16/02/2026,ACC0074,Corner Cafe,20.2,EUR,direct_debit,pending
A002653,13/02/2026,ACC0047,Petra Logistics,14.61,USD,direct_debit,failed
A002654,19/01/2026,ACC0112,The Old Print Works,62.09,USD,card,settled
A002655,21/03/2026,ACC0093,Sandbrook Utilities,18.17,GBP,card,settled
A002656,16/03/2026,ACC0114,Corner Cafe,210.18,GBP,direct_debit,pending
A002657,31/03/2026,ACC0076,Corner Cafe,14.77,EUR,card,pending
A002658,25/01/2026,ACC0017,Harrow Sports Club,120.96,GBP,card,pending
A002659,10/01/2026,ACC0074,"Wembley Tyres, Ltd",1074.33,USD,bank_transfer,failed
A002660,04/01/2026,ACC0044,The Old Print Works,34.46,GBP,card,failed
A002661,22/03/2026,ACC0044,Kite Digital,200.19,GBP,bank_transfer,settled
A002662,28/03/2026,ACC0112,Northline Freight,139.17,GBP,direct_debit,settled
A002663,21/02/2026,ACC0101,Harrow Sports Club,34.34,USD,direct_debit,reversed
A002664,10/01/2026,ACC0025,"Marlow ""Fine"" Foods",117.58,EUR,bank_transfer,settled
A002665,06/02/2026,ACC0061,Kite Digital,211.88,gbp,card,pending
A002666,10/04/2026,ACC0057,Petra Logistics,21.15,USD,card,pending
A002667,26/01/2026,ACC0099,Sandbrook Utilities,32.03,GBP,card,settled
A002668,22/02/2026,ACC0001,Petra Logistics,12.7,GBP,direct_debit,settled
A002669,15/01/2026,ACC0094,Bolt & Screw Ltd,47.92,EUR,card,reversed
A002670,06/02/2026,ACC0031,Harrow Sports Club,44.69,GBP,bank_transfer,settled
A002671,25/03/2026,ACC0059,Kite Digital,68.95,gbp,card,reversed
A002672,19/03/2026,ACC0011,Bolt & Screw Ltd,22.88,GBP,direct_debit,settled
A002673,04/04/2026,ACC0058,Harrow Sports Club,130.3,GBP,card,settled
A002674,13/02/2026,ACC0012,Ashvale Clinic,93.84,USD,bank_transfer,reversed
A002675,11/03/2026,ACC0032,"Wembley Tyres, Ltd",158.3,GBP,card,pending
A002676,25/03/2026,ACC0019,Kite Digital,46.54,gbp,card,failed
A002677,29/01/2026,ACC0060,Kite Digital,81.59,EUR,card,settled
A002678,25/01/2026,ACC0094,Harrow Sports Club,15.19,USD,bank_transfer,settled
A002679,30/03/2026,ACC0077,Sandbrook Utilities,244.68,GBP,card,failed
A002680,28/03/2026,ACC0120,Northline Freight,33.1,GBP,card,reversed
A002681,10/03/2026,  ACC0079 ,Petra Logistics,155.98,USD,direct_debit,settled
A002682,20/03/2026,ACC0020,Bolt & Screw Ltd,9.78,gbp,bank_transfer,reversed
A002683,10/01/2026,ACC0014,Dhillon & Sons,8.17,USD,direct_debit,pending
A002684,06/08/2026,ACC0067,Bolt & Screw Ltd,29.8,GBP,card,reversed
A002685,26/02/2026,ACC0080,Kite Digital,47.62,GBP,card,settled
A002686,11/02/2026,ACC0053,"Marlow ""Fine"" Foods",164.0,USD,card,pending
A002687,29/03/2026,ACC0066,"Marlow ""Fine"" Foods",214.06,GBP,card,settled
A002688,12/03/2026,ACC0041,Harrow Sports Club,103.67,GBP,card,pending
A002689,19/01/2026,ACC0014,Corner Cafe,23.86,EUR,card,settled
A002690,15/01/2026,ACC0044,"Marlow ""Fine"" Foods",20.48,GBP,card,settled
A002691,31/03/2026,ACC0040,Dhillon & Sons,31.7,gbp,card,pending
A002692,10/02/2026,ACC0008,Petra Logistics,96.95,USD,card,settled
A002693,11/03/2026,ACC0020,Petra Logistics,35.86,GBP,card,failed
A002694,04/01/2026,ACC0043,Petra Logistics,73.99,gbp,card,settled
A002695,04/02/2026,ACC0092,Northline Freight,173.87,EUR,card,settled
A002696,11/02/2026,ACC0098,"Marlow ""Fine"" Foods",196.81,gbp,bank_transfer,pending
A002697,03/02/2026,ACC0075,Petra Logistics,43.59,USD,direct_debit,settled
A002698,15/01/2026,ACC0024,"Marlow ""Fine"" Foods",22.38,gbp,card,reversed
A002699,19/02/2026,ACC0035,Ashvale Clinic,34.8,GBP,card,settled
A002700,27/01/2026,ACC0033,Northline Freight,8.91,USD,card,settled
A002701,15/02/2026,ACC0004,Kite Digital,69.24,GBP,card,failed
A002702,16/02/2026,ACC0059,"Wembley Tyres, Ltd",5.21,GBP,card,settled
A002703,16/03/2026,ACC0073,Sandbrook Utilities,105.58,GBP,card,pending
A002704,29/03/2026,ACC0064,Northline Freight,151.81,GBP,card,reversed
A002705,07/02/2026,ACC0037,Bolt & Screw Ltd,20.87,EUR,card,settled
A002706,17/03/2026,ACC0055,Corner Cafe,14.47,USD,card,settled
A002707,07/07/2026,ACC0027,Bolt & Screw Ltd,54.13,gbp,card,settled
A002708,01/01/2026,ACC0096,"Wembley Tyres, Ltd",247.19,EUR,bank_transfer,failed
A002709,24/01/2026,ACC0061,Corner Cafe,63.6,USD,bank_transfer,pending
A002710,11/02/2026,ACC0101,"Wembley Tyres, Ltd",,GBP,direct_debit,reversed
A002711,17/03/2026,ACC0014,Corner Cafe,212.78,USD,direct_debit,failed
A002712,24/02/2026,ACC0078,The Old Print Works,192.19,USD,card,failed
A002713,31/03/2026,ACC0018,Corner Cafe,72.84,gbp,card,failed
A002714,01/03/2026,ACC0091,Dhillon & Sons,100.54,EUR,direct_debit,settled
A002715,09/02/2026,ACC0102,Dhillon & Sons,30.42,GBP,direct_debit,settled
A002716,23/02/2026,ACC0030,"Marlow ""Fine"" Foods",77.23,USD,card,pending
A002717,04/12/2026,ACC0024,Corner Cafe,14.55,USD,card,settled
A002718,08/01/2026,ACC0064,Bolt & Screw Ltd,51.8,USD,card,settled
A002719,27/02/2026,ACC0040,The Old Print Works,42.38,GBP,direct_debit,settled
A002720,05/01/2026,ACC0036,Ashvale Clinic,83.53,USD,card,settled
A002721,06/01/2026,ACC0076,Harrow Sports Club,44.14,EUR,card,failed
A002722,24/03/2026,ACC0588,Ashvale Clinic,69.8,EUR,bank_transfer,pending
A002723,18/02/2026,ACC0091,The Old Print Works,116.68,EUR,card,failed
A002724,12/10/2026,ACC0098,Northline Freight,139.74,GBP,direct_debit,failed
A002725,25/03/2026,ACC0075,Ashvale Clinic,63.58,GBP,card,settled
A002726,10/01/2026,ACC0038,"Marlow ""Fine"" Foods",35.72,GBP,card,failed
A002727,25/01/2026,ACC0096,Sandbrook Utilities,31.52,GBP,card,failed
A002728,12/03/2026,ACC0107,Sandbrook Utilities,387.6,GBP,card,reversed
A002729,24/03/2026,ACC0087,Harrow Sports Club,54.15,GBP,card,settled
A002730,11/02/2026,ACC0089,Corner Cafe,158.81,GBP,card,settled
A002731,10/07/2026,ACC0016,Bolt & Screw Ltd,289.66,USD,direct_debit,settled
A002732,05/03/2026,ACC0087,Sandbrook Utilities,186.92,EUR,card,reversed
A002733,14/03/2026,ACC0068,"Wembley Tyres, Ltd",19.63,EUR,direct_debit,settled
A002734,01/01/2026,ACC0013,The Old Print Works,19.04,EUR,card,settled
A002735,21/02/2026,ACC0120,Bolt & Screw Ltd,33.41,GBP,card,reversed
A002736,07/01/2026,ACC0001,Petra Logistics,8.25,GBP,card,settled
A002737,17/03/2026,ACC0076,"Marlow ""Fine"" Foods",77.46,GBP,card,settled
A002738,07/02/2026,ACC0042,Kite Digital,182.09,GBP,card,failed
A002739,06/03/2026,ACC0050,Ashvale Clinic,85.46,EUR,card,reversed
A002740,25/02/2026,  ACC0005 ,Ashvale Clinic,522.09,GBP,direct_debit,settled
A002741,02/03/2026,ACC0028,"Wembley Tyres, Ltd",16.51,EUR,direct_debit,failed
A002742,25/03/2026,ACC0119,Corner Cafe,8.93,gbp,card,settled
A002743,26/01/2026,ACC0026,Corner Cafe,51.83,GBP,bank_transfer,pending
A002744,02/01/2026,ACC0096,Bolt & Screw Ltd,106.66,GBP,bank_transfer,pending
A002745,17/02/2026,ACC0031,Ashvale Clinic,163.72,GBP,card,settled
A002746,13/02/2026,ACC0085,Ashvale Clinic,44.61,gbp,bank_transfer,reversed
A002747,03/01/2026,ACC0108,Bolt & Screw Ltd,14.63,GBP,direct_debit,settled
A002748,02/02/2026,ACC0108,"Wembley Tyres, Ltd",34.11,GBP,direct_debit,failed
A002749,24/02/2026,ACC0003,"Wembley Tyres, Ltd",118.63,USD,card,settled
A002750,22/02/2026,ACC0024,Corner Cafe,163.79,GBP,card,settled
A002751,18/02/2026,ACC0100,Petra Logistics,54.51,GBP,direct_debit,reversed
A002752,01/03/2026,ACC0090,Corner Cafe,202.62,gbp,card,settled
A002753,12/03/2026,ACC0013,Sandbrook Utilities,86.85,gbp,direct_debit,pending
A002754,10/01/2026,ACC0103,The Old Print Works,13.56,GBP,direct_debit,reversed
A002755,24/01/2026,ACC0096,The Old Print Works,71.82,GBP,card,settled
A002756,22/02/2026,ACC0117,Bolt & Screw Ltd,17.66,USD,card,settled
A002757,06/02/2026,ACC0004,Ashvale Clinic,62.91,gbp,direct_debit,settled
A002758,11/01/2026,ACC0021,Dhillon & Sons,13.03,gbp,direct_debit,failed
A002759,14/03/2026,ACC0010,Dhillon & Sons,87.6,GBP,card,pending
A002760,18/01/2026,ACC0119,Kite Digital,46.15,EUR,card,settled
A002761,28/03/2026,ACC0025,The Old Print Works,60.26,USD,card,pending
A002762,31/03/2026,ACC0092,Bolt & Screw Ltd,235.37,EUR,direct_debit,reversed
A002763,25/02/2026,ACC0034,Kite Digital,39.83,GBP,bank_transfer,settled
A002764,19/01/2026,ACC0054,Bolt & Screw Ltd,14.21,GBP,card,settled
A002765,09/01/2026,ACC0029,"Wembley Tyres, Ltd",11.99,USD,bank_transfer,settled
A002766,25/01/2026,ACC0007,The Old Print Works,39.51,gbp,card,settled
A002767,14/02/2026,ACC0058,Harrow Sports Club,57.77,gbp,bank_transfer,settled
A002768,04/03/2026,ACC0117,Northline Freight,23.6,GBP,card,pending
A002769,30/01/2026,ACC0111,Sandbrook Utilities,196.35,GBP,card,pending
A002770,10/02/2026,ACC0092,Sandbrook Utilities,46.84,gbp,card,settled
A002771,20/03/2026,ACC0043,"Wembley Tyres, Ltd",127.03,GBP,bank_transfer,settled
A002772,08/02/2026,  ACC0036 ,"Marlow ""Fine"" Foods",33.74,GBP,bank_transfer,settled
A002773,27/01/2026,ACC0053,Northline Freight,223.51,GBP,card,pending
A002774,01/01/2026,ACC0026,The Old Print Works,45.41,GBP,bank_transfer,settled
A002775,17/01/2026,ACC0007,Kite Digital,48.36,GBP,card,settled
A002776,01/03/2026,ACC0028,Ashvale Clinic,8.12,gbp,bank_transfer,settled
A002777,12/05/2026,ACC0088,Kite Digital,105.29,GBP,direct_debit,settled
A002778,11/02/2026,ACC0025,Bolt & Screw Ltd,461.14,GBP,card,pending
A002779,25/03/2026,ACC0075,Bolt & Screw Ltd,62.89,GBP,direct_debit,reversed
A002780,25/03/2026,ACC0516,"Marlow ""Fine"" Foods",210.75,EUR,card,settled
A002781,09/05/2026,ACC0085,Harrow Sports Club,60.75,GBP,card,reversed
A002782,11/03/2026,ACC0055,Harrow Sports Club,56.35,gbp,card,pending
A002783,21/01/2026,ACC0062,Bolt & Screw Ltd,5.79,EUR,bank_transfer,reversed
A002784,14/02/2026,ACC0045,Sandbrook Utilities,84.04,USD,bank_transfer,failed
A002785,31/01/2026,ACC0104,Kite Digital,129.68,GBP,card,settled
A002786,07/02/2026,ACC0066,Bolt & Screw Ltd,295.25,GBP,card,settled
A002787,11/11/2026,ACC0118,Ashvale Clinic,50.87,GBP,bank_transfer,failed
A002788,08/01/2026,ACC0045,"Marlow ""Fine"" Foods",74.16,GBP,direct_debit,settled
A002789,22/01/2026,ACC0091,Bolt & Screw Ltd,9.26,USD,card,failed
A002790,10/04/2026,ACC0094,Dhillon & Sons,51.92,gbp,bank_transfer,pending
A002791,13/02/2026,ACC0004,Kite Digital,216.67,gbp,card,settled
A002792,26/02/2026,ACC0046,Harrow Sports Club,45.35,gbp,card,reversed
A002793,07/01/2026,ACC0021,Petra Logistics,87.59,gbp,card,settled
A002794,21/02/2026,ACC0118,Sandbrook Utilities,85.95,gbp,card,settled
A002795,15/03/2026,ACC0096,Corner Cafe,113.49,GBP,card,pending
A002796,04/03/2026,ACC0083,Petra Logistics,11.54,GBP,card,pending
A002797,20/03/2026,ACC0048,Kite Digital,188.9,GBP,card,settled
A002798,10/02/2026,ACC0019,Sandbrook Utilities,67.81,GBP,card,settled
A002799,02/02/2026,ACC0011,Sandbrook Utilities,484.13,GBP,direct_debit,settled
A002800,07/03/2026,ACC0064,Petra Logistics,11.58,USD,card,reversed
A002801,02/01/2026,ACC0113,"Wembley Tyres, Ltd",66.35,GBP,card,settled
A002802,26/01/2026,ACC0081,Sandbrook Utilities,20.82,EUR,bank_transfer,settled
A002803,09/01/2026,ACC0079,"Wembley Tyres, Ltd",76.33,EUR,card,reversed
A002804,02/01/2026,ACC0107,"Wembley Tyres, Ltd",4.05,GBP,card,settled
A002805,20/03/2026,ACC0094,The Old Print Works,17.78,gbp,card,settled
A002806,01/03/2026,ACC0086,"Marlow ""Fine"" Foods",37.37,gbp,card,settled
A002807,03/03/2026,ACC0054,Kite Digital,80.06,GBP,bank_transfer,settled
A002808,13/02/2026,ACC0056,Northline Freight,285.48,EUR,card,pending
A002809,13/02/2026,ACC0114,Kite Digital,47.42,USD,bank_transfer,failed
A002810,21/02/2026,ACC0100,Harrow Sports Club,133.95,GBP,card,pending
A002811,01/03/2026,ACC0112,The Old Print Works,26.59,GBP,card,failed
A002812,13/02/2026,ACC0005,"Wembley Tyres, Ltd",14.78,GBP,card,settled
A002813,01/01/2026,ACC0020,Corner Cafe,8.4,GBP,direct_debit,pending
A002814,28/01/2026,ACC0112,Bolt & Screw Ltd,270.96,USD,card,failed
A002815,29/03/2026,ACC0093,Ashvale Clinic,19.82,EUR,bank_transfer,pending
A002816,07/12/2026,ACC0057,"Marlow ""Fine"" Foods",,USD,card,reversed
A002817,27/02/2026,ACC0088,Bolt & Screw Ltd,44.64,USD,card,settled
A002818,26/03/2026,ACC0102,Sandbrook Utilities,19.09,gbp,card,failed
A002819,12/01/2026,ACC0094,Northline Freight,55.12,GBP,bank_transfer,settled
A002820,27/01/2026,ACC0095,Harrow Sports Club,31.1,USD,card,settled
A002821,24/01/2026,ACC0003,Dhillon & Sons,-44.48,gbp,card,pending
A002822,16/03/2026,ACC0003,Kite Digital,29.27,GBP,card,failed
A002823,29/03/2026,ACC0041,Kite Digital,57.89,GBP,bank_transfer,settled
A002824,09/03/2026,ACC0110,Bolt & Screw Ltd,153.14,GBP,card,settled
A002825,25/02/2026,ACC0033,Dhillon & Sons,16.64,gbp,card,reversed
A002826,06/03/2026,ACC0016,Kite Digital,65.39,gbp,card,settled
A002827,19/02/2026,ACC0104,Dhillon & Sons,211.04,USD,card,reversed
A002828,01/03/2026,ACC0014,Kite Digital,15.81,GBP,card,settled
A002829,13/01/2026,ACC0008,Corner Cafe,23.89,GBP,card,reversed
A002830,06/01/2026,ACC0102,Harrow Sports Club,36.02,GBP,card,settled
A002831,08/07/2026,ACC0118,The Old Print Works,30.53,USD,card,settled
A002832,24/01/2026,ACC0029,Northline Freight,47.3,USD,card,settled
A002833,27/01/2026,ACC0033,Kite Digital,6.81,USD,card,reversed
A002834,24/02/2026,ACC0023,Sandbrook Utilities,244.96,GBP,card,settled
A002835,17/03/2026,ACC0020,Kite Digital,23.62,GBP,direct_debit,settled
A002836,03/01/2026,ACC0058,Bolt & Screw Ltd,169.26,EUR,card,settled
A002837,22/02/2026,ACC0106,Kite Digital,72.1,GBP,card,failed
A002838,23/02/2026,ACC0001,"Marlow ""Fine"" Foods",26.87,gbp,card,pending
A002839,26/03/2026,ACC0069,Kite Digital,80.56,gbp,card,reversed
A002840,01/03/2026,ACC0117,The Old Print Works,55.69,EUR,card,settled
A002841,01/03/2026,ACC0101,Petra Logistics,40.12,gbp,bank_transfer,failed
A002842,13/01/2026,ACC0024,Ashvale Clinic,396.06,GBP,card,pending
A002843,04/03/2026,ACC0013,Sandbrook Utilities,120.62,EUR,card,settled
A002844,13/03/2026,ACC0019,Northline Freight,119.03,GBP,card,reversed
A002845,11/01/2026,ACC0041,Corner Cafe,101.83,GBP,card,pending
A002846,07/02/2026,ACC0097,Ashvale Clinic,80.06,GBP,bank_transfer,settled
A002847,11/01/2026,ACC0015,Corner Cafe,57.07,gbp,card,settled
A002848,06/01/2026,ACC0039,"Marlow ""Fine"" Foods",75.45,GBP,card,settled
A002849,06/02/2026,ACC0058,"Marlow ""Fine"" Foods",15.17,EUR,card,reversed
A002850,19/03/2026,ACC0064,"Marlow ""Fine"" Foods",562.74,GBP,card,reversed
A002851,22/03/2026,ACC0047,"Wembley Tyres, Ltd",111.65,GBP,card,settled
A002852,01/03/2026,ACC0097,Kite Digital,173.02,GBP,card,settled
A002853,21/02/2026,ACC0079,Ashvale Clinic,30.95,USD,card,settled
A002854,01/01/2026,ACC0016,Petra Logistics,186.37,GBP,card,settled
A002855,05/01/2026,ACC0066,Northline Freight,99.94,GBP,card,failed
A002856,16/03/2026,ACC0106,"Marlow ""Fine"" Foods",6.29,GBP,direct_debit,settled
A002857,02/02/2026,ACC0093,Kite Digital,338.44,gbp,bank_transfer,settled
A002858,23/01/2026,ACC0067,Harrow Sports Club,33.9,USD,bank_transfer,reversed
A002859,27/02/2026,ACC0018,Sandbrook Utilities,23.95,EUR,bank_transfer,reversed
A002860,08/02/2026,ACC0006,"Marlow ""Fine"" Foods",27.52,GBP,card,settled
A002861,17/01/2026,ACC0117,Corner Cafe,166.65,gbp,card,failed
A002862,31/03/2026,ACC0049,Bolt & Screw Ltd,101.75,GBP,direct_debit,settled
A002863,12/01/2026,ACC0049,Ashvale Clinic,56.13,GBP,card,settled
A002864,22/02/2026,ACC0054,"Wembley Tyres, Ltd",36.26,GBP,card,failed
A002865,22/02/2026,ACC0050,Harrow Sports Club,76.02,GBP,card,settled
A002866,29/03/2026,ACC0030,Bolt & Screw Ltd,99.3,gbp,card,settled
A002867,13/03/2026,ACC0092,Sandbrook Utilities,91.6,GBP,card,reversed
A002868,21/01/2026,ACC0054,The Old Print Works,20.45,USD,direct_debit,settled
A002869,31/01/2026,ACC0074,Bolt & Screw Ltd,34.78,EUR,bank_transfer,settled
A002870,04/01/2026,ACC0036,Harrow Sports Club,23.95,GBP,card,settled
A002871,19/01/2026,ACC0080,Ashvale Clinic,100.92,GBP,direct_debit,settled
A002872,12/02/2026,ACC0068,Ashvale Clinic,105.73,GBP,card,pending
A002873,20/03/2026,ACC0106,"Wembley Tyres, Ltd",16.21,gbp,direct_debit,settled
A002874,17/02/2026,ACC0050,"Wembley Tyres, Ltd",6.13,USD,bank_transfer,pending
A002875,02/03/2026,ACC0022,The Old Print Works,13.81,GBP,card,settled
A002876,28/02/2026,ACC0071,Harrow Sports Club,11.32,gbp,direct_debit,pending
A002877,23/02/2026,ACC0002,Sandbrook Utilities,17.32,GBP,card,settled
A002878,14/02/2026,ACC0016,Sandbrook Utilities,70.43,GBP,bank_transfer,settled
A002879,03/01/2026,ACC0102,Petra Logistics,126.53,GBP,card,reversed
A002880,17/02/2026,ACC0096,The Old Print Works,63.8,GBP,card,reversed
A002881,12/01/2026,ACC0044,Corner Cafe,48.35,GBP,bank_transfer,pending
A002882,31/03/2026,ACC0039,Bolt & Screw Ltd,51.09,USD,card,pending
A002883,05/02/2026,ACC0023,Kite Digital,9.65,GBP,card,settled
A002884,28/03/2026,ACC0038,"Wembley Tyres, Ltd",49.84,USD,bank_transfer,failed
A002885,05/02/2026,ACC0026,Sandbrook Utilities,7.79,gbp,card,settled
A002886,10/02/2026,ACC0052,Ashvale Clinic,23.52,GBP,bank_transfer,reversed
A002887,06/03/2026,ACC0107,Northline Freight,53.13,EUR,card,settled
A002888,27/02/2026,ACC0044,Dhillon & Sons,182.25,USD,card,settled
A002889,10/02/2026,ACC0017,"Wembley Tyres, Ltd",16.03,gbp,card,settled
A002890,05/03/2026,ACC0083,Petra Logistics,18.29,USD,card,pending
A002891,29/01/2026,ACC0098,The Old Print Works,66.89,GBP,card,pending
A002892,15/02/2026,ACC0068,Northline Freight,24.9,EUR,card,settled
A002893,04/03/2026,ACC0052,Sandbrook Utilities,201.87,GBP,card,settled
A002894,24/02/2026,ACC0005,Sandbrook Utilities,273.33,GBP,card,settled
A002895,23/02/2026,ACC0088,Petra Logistics,210.05,GBP,card,settled
A002896,10/01/2026,ACC0015,Harrow Sports Club,29.54,gbp,bank_transfer,pending
A002897,10/02/2026,ACC0106,Kite Digital,26.85,gbp,card,reversed
A002898,30/03/2026,ACC0010,Corner Cafe,80.14,GBP,card,failed
A002899,29/01/2026,ACC0036,"Marlow ""Fine"" Foods",52.44,gbp,bank_transfer,settled
A002900,01/01/2026,ACC0029,Kite Digital,70.46,GBP,card,failed
A002901,17/01/2026,ACC0094,The Old Print Works,10.51,GBP,card,pending
A002902,27/02/2026,ACC0081,Corner Cafe,290.77,GBP,bank_transfer,pending
A002903,08/01/2026,ACC0062,Corner Cafe,57.99,gbp,card,pending
A002904,28/03/2026,ACC0016,The Old Print Works,6.61,USD,card,reversed
A002905,24/01/2026,ACC0085,"Wembley Tyres, Ltd",56.31,USD,card,reversed
A002906,08/10/2026,ACC0011,Harrow Sports Club,89.71,GBP,card,reversed
A002907,17/02/2026,ACC0052,Bolt & Screw Ltd,21.46,GBP,bank_transfer,settled
A002908,17/03/2026,ACC0045,Kite Digital,9.39,EUR,card,settled
A002909,05/02/2026,ACC0062,Petra Logistics,14.05,gbp,direct_debit,reversed
A002910,25/03/2026,ACC0023,Sandbrook Utilities,49.94,GBP,bank_transfer,settled
A002911,03/01/2026,ACC0085,"Wembley Tyres, Ltd",23.33,USD,bank_transfer,reversed
A002912,14/02/2026,ACC0017,Sandbrook Utilities,70.69,GBP,card,pending
A002913,01/03/2026,ACC0080,Kite Digital,46.68,GBP,bank_transfer,settled
A002914,14/02/2026,ACC0109,Bolt & Screw Ltd,71.16,USD,card,settled
A002915,09/01/2026,ACC0032,Ashvale Clinic,17.53,GBP,card,failed
A002916,14/01/2026,ACC0010,"Marlow ""Fine"" Foods",74.17,USD,card,failed
A002917,20/01/2026,ACC0041,Petra Logistics,10.99,GBP,bank_transfer,settled
A002918,18/02/2026,ACC0054,Northline Freight,55.47,EUR,bank_transfer,pending
A002919,24/02/2026,ACC0100,"Wembley Tyres, Ltd",45.08,GBP,card,reversed
A002920,05/03/2026,ACC0049,Corner Cafe,147.68,USD,card,settled
A002921,05/01/2026,ACC0005,"Wembley Tyres, Ltd",85.2,gbp,bank_transfer,failed
A002922,12/01/2026,ACC0049,"Wembley Tyres, Ltd",23.82,GBP,bank_transfer,settled
A002923,18/03/2026,ACC0040,Corner Cafe,21.15,USD,card,pending
A002924,01/02/2026,ACC0003,"Marlow ""Fine"" Foods",13.18,USD,card,failed
A002925,03/01/2026,ACC0067,Dhillon & Sons,57.26,EUR,card,failed
A002926,31/01/2026,ACC0015,Corner Cafe,50.27,GBP,card,settled
A002927,03/02/2026,ACC0057,Northline Freight,77.39,GBP,card,reversed
A002928,21/01/2026,ACC0115,Harrow Sports Club,23.01,GBP,direct_debit,settled
A002929,06/01/2026,ACC0064,Corner Cafe,80.43,GBP,card,reversed
A002930,14/03/2026,ACC0025,Dhillon & Sons,25.4,GBP,bank_transfer,settled
A002931,30/03/2026,ACC0094,Dhillon & Sons,498.28,GBP,direct_debit,settled
A002932,04/03/2026,ACC0094,Dhillon & Sons,38.27,USD,bank_transfer,pending
A002933,08/01/2026,ACC0076,Corner Cafe,92.47,gbp,bank_transfer,failed
A002934,22/03/2026,ACC0055,"Wembley Tyres, Ltd",55.5,USD,direct_debit,settled
A002935,15/01/2026,ACC0047,The Old Print Works,14.71,GBP,bank_transfer,pending
A002936,21/01/2026,ACC0100,"Marlow ""Fine"" Foods",5.0,EUR,bank_transfer,settled
A002937,08/02/2026,ACC0114,Sandbrook Utilities,202.1,GBP,bank_transfer,settled
A002938,18/01/2026,ACC0100,Corner Cafe,149.22,USD,card,reversed
A002939,05/12/2026,ACC0025,Harrow Sports Club,87.32,EUR,card,settled
A002940,12/02/2026,ACC0059,The Old Print Works,47.99,GBP,card,settled
A002941,14/02/2026,ACC0001,Northline Freight,5.54,GBP,card,settled
A002942,15/01/2026,ACC0112,Bolt & Screw Ltd,112.86,GBP,card,reversed
A002943,18/02/2026,ACC0049,Northline Freight,57.94,GBP,card,settled
A002944,05/01/2026,ACC0066,Ashvale Clinic,162.87,GBP,card,reversed
A002945,06/03/2026,ACC0014,Sandbrook Utilities,180.79,GBP,card,pending
A002946,20/03/2026,ACC0015,The Old Print Works,20.84,USD,card,settled
A002947,02/02/2026,ACC0100,"Marlow ""Fine"" Foods",27.94,USD,card,settled
A002948,20/01/2026,ACC0010,Ashvale Clinic,76.96,GBP,card,failed
A002949,05/03/2026,ACC0063,Dhillon & Sons,57.96,GBP,bank_transfer,reversed
A002950,29/01/2026,ACC0054,Harrow Sports Club,13.8,EUR,card,settled
A002951,31/01/2026,ACC0072,"Wembley Tyres, Ltd",33.82,GBP,bank_transfer,settled
A002952,23/01/2026,ACC0084,Bolt & Screw Ltd,37.37,GBP,card,pending
A002953,30/01/2026,ACC0004,Dhillon & Sons,11.04,GBP,card,settled
A002954,13/01/2026,ACC0099,Kite Digital,4.03,USD,card,settled
A002955,23/02/2026,ACC0051,Ashvale Clinic,53.39,GBP,card,failed
A002956,08/03/2026,ACC0087,Ashvale Clinic,48.55,gbp,direct_debit,settled
A002957,17/01/2026,ACC0008,"Wembley Tyres, Ltd",462.82,GBP,bank_transfer,failed
A002958,12/03/2026,ACC0077,Kite Digital,152.56,GBP,direct_debit,pending
A002959,20/01/2026,ACC0099,Petra Logistics,43.96,gbp,direct_debit,settled
A002960,02/01/2026,ACC0113,The Old Print Works,167.4,GBP,card,pending
A002961,23/03/2026,ACC0042,Ashvale Clinic,15.53,GBP,bank_transfer,failed
A002962,11/03/2026,ACC0005,Petra Logistics,20.99,GBP,direct_debit,settled
A002963,08/01/2026,ACC0035,"Wembley Tyres, Ltd",39.89,GBP,bank_transfer,settled
A002964,04/03/2026,ACC0056,Corner Cafe,27.0,GBP,direct_debit,reversed
A002965,08/03/2026,ACC0025,Ashvale Clinic,57.17,GBP,card,settled
A002966,18/03/2026,ACC0079,Northline Freight,51.18,EUR,card,settled
A002967,11/03/2026,ACC0094,Dhillon & Sons,175.41,gbp,card,pending
A002968,14/02/2026,ACC0085,Sandbrook Utilities,141.62,USD,card,settled
A002969,28/03/2026,ACC0073,Sandbrook Utilities,65.26,gbp,bank_transfer,settled
A002970,28/03/2026,ACC0035,Harrow Sports Club,28.7,GBP,direct_debit,settled
A002971,19/02/2026,ACC0012,Bolt & Screw Ltd,30.8,GBP,bank_transfer,settled
A002972,25/01/2026,ACC0087,Dhillon & Sons,198.64,gbp,card,failed
A002973,23/03/2026,ACC0092,"Marlow ""Fine"" Foods",35.97,GBP,bank_transfer,settled
A002974,27/03/2026,ACC0050,"Marlow ""Fine"" Foods",149.68,GBP,bank_transfer,reversed
A002975,06/02/2026,ACC0051,Dhillon & Sons,92.57,USD,card,settled
A002976,22/02/2026,ACC0095,"Wembley Tyres, Ltd",55.48,USD,direct_debit,failed
A002977,23/02/2026,ACC0100,"Marlow ""Fine"" Foods",34.99,GBP,card,reversed
A002978,11/02/2026,ACC0063,Corner Cafe,83.48,EUR,card,settled
A002979,28/03/2026,ACC0020,Harrow Sports Club,75.79,gbp,direct_debit,failed
A002980,19/03/2026,ACC0075,"Marlow ""Fine"" Foods",170.88,GBP,card,failed
A002981,05/01/2026,ACC0021,Kite Digital,70.62,USD,bank_transfer,settled
A002982,13/01/2026,ACC0052,The Old Print Works,54.77,GBP,card,failed
A002983,10/03/2026,ACC0118,"Wembley Tyres, Ltd",22.03,USD,bank_transfer,settled
A002984,20/02/2026,ACC0084,"Marlow ""Fine"" Foods",14.51,gbp,direct_debit,pending
A002985,16/03/2026,ACC0076,"Marlow ""Fine"" Foods",13.31,gbp,card,settled
A002986,04/02/2026,ACC0050,Sandbrook Utilities,32.55,USD,bank_transfer,settled
A002987,05/03/2026,ACC0070,"Marlow ""Fine"" Foods",28.07,GBP,card,reversed
A002988,12/01/2026,ACC0066,Kite Digital,16.43,GBP,card,settled
A002989,17/01/2026,ACC0074,Corner Cafe,253.69,GBP,bank_transfer,settled
A002990,23/02/2026,ACC0051,Ashvale Clinic,169.65,GBP,card,failed
A002991,13/02/2026,ACC0115,Bolt & Screw Ltd,128.32,USD,direct_debit,reversed
A002992,09/02/2026,ACC0108,Dhillon & Sons,220.19,GBP,direct_debit,settled
A002993,17/03/2026,ACC0043,Petra Logistics,186.25,EUR,card,failed
A002994,16/03/2026,ACC0072,"Marlow ""Fine"" Foods",152.4,EUR,card,settled
A002995,28/02/2026,ACC0005,"Wembley Tyres, Ltd",27.62,EUR,bank_transfer,settled
A002996,15/03/2026,ACC0094,Ashvale Clinic,262.07,GBP,direct_debit,reversed
A002997,27/02/2026,ACC0043,Northline Freight,83.13,GBP,card,settled
A002998,23/02/2026,ACC0110,"Marlow ""Fine"" Foods",14.79,gbp,card,settled
A002999,31/03/2026,ACC0054,Northline Freight,36.38,GBP,bank_transfer,failed
A003000,04/02/2026,ACC0044,Dhillon & Sons,17.6,USD,card,pending
A003001,08/02/2026,ACC0027,Ashvale Clinic,7.55,gbp,card,settled
A003002,18/03/2026,ACC0026,"Marlow ""Fine"" Foods",19.4,USD,direct_debit,failed
A003003,19/02/2026,ACC0038,The Old Print Works,36.43,EUR,card,settled
A003004,11/03/2026,ACC0088,Kite Digital,293.62,GBP,card,settled
A003005,21/03/2026,ACC0044,Sandbrook Utilities,432.6,GBP,card,failed
A003006,26/03/2026,ACC0045,Dhillon & Sons,11.22,GBP,card,failed
A003007,23/02/2026,ACC0069,Bolt & Screw Ltd,12.61,USD,direct_debit,settled
A003008,28/02/2026,ACC0041,Northline Freight,58.29,GBP,card,reversed
A003009,25/02/2026,ACC0069,Bolt & Screw Ltd,23.22,USD,card,settled
A003010,15/03/2026,ACC0029,Dhillon & Sons,11.56,USD,card,settled
A003011,18/01/2026,ACC0013,Corner Cafe,69.61,USD,card,reversed
A003012,10/03/2026,ACC0025,"Wembley Tyres, Ltd",35.06,GBP,direct_debit,settled
A003013,17/02/2026,ACC0040,The Old Print Works,74.97,GBP,direct_debit,reversed
A003014,27/03/2026,ACC0073,Bolt & Screw Ltd,12.23,GBP,card,settled
A003015,05/01/2026,ACC0104,Harrow Sports Club,7.51,GBP,card,settled
A003016,29/03/2026,ACC0055,Sandbrook Utilities,48.67,GBP,bank_transfer,settled
A003017,20/03/2026,ACC0053,"Wembley Tyres, Ltd",74.89,GBP,direct_debit,settled
A003018,20/03/2026,ACC0012,"Marlow ""Fine"" Foods",200.74,USD,direct_debit,settled
A003019,20/02/2026,ACC0060,"Marlow ""Fine"" Foods",95.23,GBP,card,settled
A003020,12/01/2026,ACC0006,Bolt & Screw Ltd,71.45,GBP,bank_transfer,settled
A003021,07/03/2026,ACC0047,"Marlow ""Fine"" Foods",73.61,EUR,card,failed
A003022,28/02/2026,ACC0059,Petra Logistics,31.92,GBP,card,reversed
A003023,08/02/2026,ACC0090,"Wembley Tyres, Ltd",60.98,gbp,card,settled
A003024,29/03/2026,ACC0073,Sandbrook Utilities,80.3,EUR,card,reversed
A003025,02/01/2026,ACC0090,Dhillon & Sons,106.86,GBP,direct_debit,settled
A003026,02/02/2026,ACC0063,Petra Logistics,79.31,USD,card,settled
A003027,05/02/2026,ACC0066,Petra Logistics,126.2,USD,card,reversed
A003028,26/02/2026,ACC0037,Kite Digital,66.84,GBP,bank_transfer,settled
A003029,21/02/2026,ACC0077,Kite Digital,128.63,GBP,card,settled
A003030,06/03/2026,ACC0045,Bolt & Screw Ltd,214.43,GBP,bank_transfer,failed
A003031,05/02/2026,ACC0113,Ashvale Clinic,30.49,gbp,card,reversed
A003032,08/02/2026,ACC0008,Bolt & Screw Ltd,6.13,USD,card,failed
A003033,16/01/2026,ACC0019,Harrow Sports Club,91.48,GBP,direct_debit,settled
A003034,12/03/2026,ACC0013,Ashvale Clinic,121.16,GBP,card,pending
A003035,10/03/2026,ACC0071,Harrow Sports Club,250.03,USD,card,pending
A003036,19/03/2026,ACC0067,"Wembley Tyres, Ltd",67.85,EUR,card,settled
A003037,02/03/2026,ACC0084,Kite Digital,15.74,USD,card,settled
A003038,20/03/2026,ACC0029,Corner Cafe,212.73,GBP,card,failed
A003039,27/01/2026,ACC0014,Petra Logistics,180.6,USD,card,pending
A003040,11/01/2026,ACC0018,Sandbrook Utilities,18.18,USD,card,failed
A003041,19/02/2026,ACC0066,Harrow Sports Club,109.43,GBP,bank_transfer,settled
A003042,04/02/2026,ACC0055,Petra Logistics,15.64,GBP,bank_transfer,reversed
A003043,21/02/2026,ACC0057,Corner Cafe,294.84,GBP,card,failed
A003044,04/02/2026,ACC0095,Sandbrook Utilities,17.88,USD,card,failed
A003045,04/02/2026,ACC0094,The Old Print Works,125.88,EUR,card,settled
A003046,09/01/2026,ACC0042,Bolt & Screw Ltd,21.26,GBP,card,settled
A003047,23/02/2026,ACC0033,Bolt & Screw Ltd,30.75,gbp,card,settled
A003048,28/01/2026,ACC0114,Kite Digital,19.16,GBP,bank_transfer,failed
A003049,14/01/2026,ACC0013,The Old Print Works,53.31,GBP,bank_transfer,reversed
A003050,14/02/2026,ACC0076,Harrow Sports Club,85.79,gbp,card,settled
A003051,19/02/2026,ACC0097,Ashvale Clinic,26.11,gbp,card,settled
A003052,16/03/2026,ACC0035,Ashvale Clinic,59.13,GBP,card,settled
A003053,25/01/2026,ACC0588,Bolt & Screw Ltd,32.56,GBP,card,failed
A003054,06/02/2026,ACC0095,Dhillon & Sons,46.49,USD,direct_debit,settled
A003055,11/01/2026,ACC0095,Petra Logistics,66.86,GBP,card,reversed
A003056,19/01/2026,ACC0033,Dhillon & Sons,46.28,EUR,card,failed
A003057,03/03/2026,ACC0029,The Old Print Works,18.63,USD,direct_debit,settled
A003058,28/02/2026,ACC0010,Sandbrook Utilities,32.82,GBP,bank_transfer,settled
A003059,06/03/2026,ACC0031,Harrow Sports Club,122.46,gbp,card,reversed
A003060,07/03/2026,ACC0028,"Marlow ""Fine"" Foods",115.54,GBP,card,settled
A003061,10/01/2026,ACC0022,Bolt & Screw Ltd,61.42,EUR,card,settled
A003062,07/10/2026,ACC0004,The Old Print Works,23.74,GBP,card,settled
A003063,04/03/2026,ACC0118,Bolt & Screw Ltd,75.68,USD,direct_debit,settled
A003064,11/02/2026,ACC0112,The Old Print Works,163.06,GBP,card,settled
A003065,29/03/2026,ACC0118,"Wembley Tyres, Ltd",38.11,GBP,card,settled
A003066,21/02/2026,ACC0117,Northline Freight,113.34,gbp,direct_debit,settled
A003067,06/09/2026,ACC0021,"Wembley Tyres, Ltd",189.27,GBP,card,settled
A003068,26/02/2026,ACC0041,Sandbrook Utilities,63.44,GBP,card,reversed
A003069,12/02/2026,ACC0050,Dhillon & Sons,33.73,USD,card,settled
A003070,13/01/2026,ACC0106,Sandbrook Utilities,52.84,USD,card,pending
A003071,06/03/2026,ACC0001,Sandbrook Utilities,52.73,USD,card,failed
A003072,31/01/2026,ACC0088,Northline Freight,72.78,EUR,bank_transfer,failed
A003073,16/03/2026,ACC0098,Ashvale Clinic,75.33,EUR,card,settled
A003074,04/07/2026,ACC0007,Ashvale Clinic,88.22,GBP,card,settled
A003075,12/01/2026,ACC0101,Sandbrook Utilities,140.31,USD,direct_debit,settled
A003076,31/01/2026,ACC0108,Ashvale Clinic,60.43,USD,card,failed
A003077,19/01/2026,ACC0014,Ashvale Clinic,32.53,USD,direct_debit,failed
A003078,05/02/2026,ACC0047,Sandbrook Utilities,256.96,EUR,card,reversed
A003079,17/03/2026,ACC0045,Petra Logistics,107.53,EUR,bank_transfer,settled
A003080,30/03/2026,ACC0074,Ashvale Clinic,198.77,GBP,direct_debit,reversed
A003081,26/01/2026,ACC0014,Corner Cafe,31.26,GBP,card,pending
A003082,28/01/2026,ACC0077,Ashvale Clinic,37.97,GBP,card,pending
A003083,05/02/2026,ACC0054,Kite Digital,270.26,GBP,direct_debit,settled
A003084,20/02/2026,ACC0056,Harrow Sports Club,55.98,GBP,bank_transfer,reversed
A003085,22/03/2026,ACC0029,Petra Logistics,551.78,GBP,bank_transfer,settled
A003086,06/01/2026,ACC0053,Kite Digital,52.59,EUR,bank_transfer,settled
A003087,12/02/2026,ACC0046,"Marlow ""Fine"" Foods",,EUR,bank_transfer,reversed
A003088,24/03/2026,ACC0099,Sandbrook Utilities,202.24,USD,bank_transfer,failed
A003089,31/01/2026,ACC0001,Petra Logistics,16.87,EUR,card,pending
A003090,16/03/2026,ACC0008,Petra Logistics,152.88,EUR,card,failed
A003091,13/03/2026,ACC0003,Bolt & Screw Ltd,80.38,EUR,direct_debit,pending
A003092,17/02/2026,ACC0021,The Old Print Works,52.44,gbp,card,pending
A003093,12/01/2026,ACC0064,Corner Cafe,65.77,GBP,card,failed
A003094,09/04/2026,ACC0088,Northline Freight,29.14,EUR,card,failed
A003095,26/03/2026,ACC0112,"Wembley Tyres, Ltd",57.62,EUR,card,failed
A003096,09/01/2026,ACC0092,Corner Cafe,12.88,EUR,card,settled
A003097,09/02/2026,ACC0097,Harrow Sports Club,15.94,GBP,card,settled
A003098,19/02/2026,ACC0107,Petra Logistics,57.57,GBP,direct_debit,pending
A003099,17/02/2026,ACC0086,Bolt & Screw Ltd,44.02,GBP,card,settled
A003100,05/02/2026,ACC0020,"Wembley Tyres, Ltd",76.22,EUR,card,reversed
A003101,06/03/2026,ACC0070,The Old Print Works,11.06,GBP,direct_debit,settled
A003102,22/01/2026,ACC0042,Bolt & Screw Ltd,7.71,GBP,card,pending
A003103,08/11/2026,ACC0098,Sandbrook Utilities,39.49,GBP,card,settled
A003104,15/02/2026,ACC0068,"Marlow ""Fine"" Foods",5.39,GBP,card,settled
A003105,13/03/2026,ACC0086,"Marlow ""Fine"" Foods",490.86,gbp,direct_debit,reversed
A003106,30/01/2026,ACC0054,Harrow Sports Club,69.49,GBP,card,failed
A003107,09/02/2026,ACC0031,Northline Freight,7.05,GBP,card,reversed
A003108,18/02/2026,ACC0068,"Marlow ""Fine"" Foods",19.25,gbp,bank_transfer,reversed
A003109,09/02/2026,ACC0081,Bolt & Screw Ltd,51.01,USD,direct_debit,pending
A003110,03/03/2026,ACC0076,Kite Digital,13.51,gbp,card,settled
A003111,22/03/2026,ACC0069,Sandbrook Utilities,30.91,gbp,card,settled
A003112,17/01/2026,ACC0108,"Marlow ""Fine"" Foods",61.31,GBP,direct_debit,reversed
A003113,11/02/2026,ACC0010,Kite Digital,23.09,USD,card,settled
A003114,22/02/2026,ACC0113,Bolt & Screw Ltd,140.66,GBP,bank_transfer,settled
A003115,12/02/2026,ACC0116,Ashvale Clinic,34.22,EUR,card,reversed
A003116,21/02/2026,ACC0057,Northline Freight,19.08,gbp,direct_debit,settled
A003117,03/02/2026,ACC0089,Petra Logistics,362.47,gbp,bank_transfer,settled
A003118,15/01/2026,ACC0033,Dhillon & Sons,64.02,GBP,bank_transfer,pending
A003119,05/03/2026,ACC0099,Dhillon & Sons,88.19,gbp,bank_transfer,settled
A003120,24/03/2026,ACC0022,Harrow Sports Club,56.77,GBP,card,settled
A003121,30/01/2026,ACC0089,The Old Print Works,56.26,GBP,bank_transfer,settled
A003122,16/01/2026,ACC0102,Petra Logistics,35.4,USD,card,reversed
A003123,24/03/2026,ACC0105,"Marlow ""Fine"" Foods",285.15,USD,card,settled
A003124,22/03/2026,ACC0058,Harrow Sports Club,548.08,USD,direct_debit,failed
A003125,02/02/2026,ACC0075,"Marlow ""Fine"" Foods",24.74,GBP,card,failed
A003126,03/01/2026,ACC0003,Petra Logistics,16.87,gbp,card,reversed
A003127,26/03/2026,ACC0023,Petra Logistics,17.33,GBP,card,settled
A003128,23/03/2026,ACC0091,Petra Logistics,,GBP,card,settled
A003129,29/01/2026,ACC0064,"Wembley Tyres, Ltd",75.35,USD,card,settled
A003130,09/02/2026,ACC0112,Northline Freight,151.83,gbp,card,reversed
A003131,24/01/2026,ACC0079,Petra Logistics,43.83,gbp,direct_debit,settled
A003132,03/03/2026,ACC0115,Harrow Sports Club,85.33,gbp,bank_transfer,pending
A003133,16/02/2026,ACC0012,Harrow Sports Club,24.05,GBP,card,failed
A003134,01/02/2026,ACC0085,Ashvale Clinic,93.97,GBP,card,pending
A003135,24/02/2026,ACC0103,Kite Digital,22.18,gbp,card,settled
A003136,21/03/2026,ACC0100,The Old Print Works,19.13,GBP,bank_transfer,settled
A003137,21/02/2026,ACC0041,Petra Logistics,264.12,USD,card,settled
A003138,09/03/2026,ACC0092,Harrow Sports Club,27.82,GBP,card,reversed
A003139,10/02/2026,ACC0034,Bolt & Screw Ltd,65.37,GBP,card,settled
A003140,03/03/2026,ACC0066,Corner Cafe,6.72,GBP,direct_debit,settled
A003141,15/02/2026,ACC0059,Corner Cafe,68.16,GBP,bank_transfer,settled
A003142,26/02/2026,ACC0063,Northline Freight,102.18,GBP,card,settled
A003143,01/03/2026,ACC0114,Corner Cafe,118.02,gbp,card,settled
A003144,05/06/2026,ACC0045,Ashvale Clinic,38.7,EUR,direct_debit,pending
A003145,12/09/2026,ACC0056,Petra Logistics,58.26,EUR,card,pending
A003146,24/03/2026,ACC0068,Petra Logistics,182.06,EUR,card,reversed
A003147,22/01/2026,ACC0046,Dhillon & Sons,79.17,EUR,direct_debit,reversed
A003148,08/02/2026,ACC0055,Sandbrook Utilities,120.79,GBP,card,settled
A003149,03/02/2026,ACC0049,Corner Cafe,9.56,GBP,card,settled
A003150,22/03/2026,ACC0007,Dhillon & Sons,12.4,GBP,card,settled
A003151,24/01/2026,ACC0072,Sandbrook Utilities,138.0,GBP,card,settled
A003152,18/02/2026,ACC0040,Ashvale Clinic,21.68,GBP,card,failed
A003153,22/03/2026,ACC0059,"Marlow ""Fine"" Foods",427.56,gbp,card,reversed
A003154,03/02/2026,ACC0036,Kite Digital,86.09,gbp,bank_transfer,settled
A003155,03/03/2026,ACC0100,Corner Cafe,52.18,GBP,direct_debit,pending
A003156,02/03/2026,ACC0099,Bolt & Screw Ltd,44.12,EUR,card,failed
A003157,18/02/2026,ACC0077,Harrow Sports Club,39.45,GBP,bank_transfer,settled
A003158,03/01/2026,ACC0092,Petra Logistics,,GBP,direct_debit,settled
A003159,28/03/2026,ACC0014,Kite Digital,164.29,USD,card,settled
A003160,18/01/2026,ACC0020,"Marlow ""Fine"" Foods",54.12,USD,card,pending
A003161,11/03/2026,ACC0003,Bolt & Screw Ltd,5.0,GBP,direct_debit,settled
A003162,26/01/2026,ACC0033,Ashvale Clinic,13.7,GBP,card,settled
A003163,15/01/2026,ACC0015,Sandbrook Utilities,6.87,EUR,card,failed
A003164,09/01/2026,ACC0096,Ashvale Clinic,19.17,EUR,bank_transfer,reversed
A003165,22/02/2026,ACC0082,The Old Print Works,13.65,gbp,card,reversed
A003166,28/01/2026,ACC0041,Harrow Sports Club,28.35,GBP,bank_transfer,failed
A003167,10/03/2026,ACC0054,Northline Freight,40.52,GBP,card,pending
A003168,08/02/2026,ACC0001,Ashvale Clinic,36.0,gbp,card,failed
A003169,04/06/2026,ACC0038,"Wembley Tyres, Ltd",95.21,USD,bank_transfer,pending
A003170,12/07/2026,ACC0113,Bolt & Screw Ltd,49.61,GBP,card,reversed
A003171,11/09/2026,ACC0067,"Wembley Tyres, Ltd",34.14,GBP,card,reversed
A003172,21/02/2026,ACC0035,Northline Freight,77.02,USD,card,failed
A003173,24/02/2026,ACC0114,Corner Cafe,74.54,gbp,card,settled
A003174,02/05/2026,ACC0002,Petra Logistics,49.66,USD,card,settled
A003175,03/02/2026,ACC0120,Petra Logistics,43.73,GBP,direct_debit,settled
A003176,12/03/2026,ACC0030,"Marlow ""Fine"" Foods",37.93,GBP,card,pending
A003177,08/03/2026,ACC0005,Petra Logistics,14.61,GBP,card,settled
A003178,03/03/2026,ACC0065,Northline Freight,31.78,gbp,card,settled
A003179,28/03/2026,ACC0100,Bolt & Screw Ltd,135.81,USD,card,settled
A003180,22/01/2026,ACC0102,The Old Print Works,88.55,gbp,card,pending
A003181,18/02/2026,ACC0017,Northline Freight,16.1,GBP,direct_debit,settled
A003182,15/02/2026,ACC0117,Dhillon & Sons,28.07,EUR,bank_transfer,failed
A003183,15/02/2026,ACC0101,Dhillon & Sons,101.22,EUR,card,pending
A003184,27/03/2026,ACC0114,"Wembley Tyres, Ltd",144.46,EUR,direct_debit,settled
A003185,22/02/2026,ACC0030,Petra Logistics,53.09,GBP,bank_transfer,settled
A003186,10/01/2026,ACC0007,"Marlow ""Fine"" Foods",256.98,gbp,card,settled
A003187,07/01/2026,ACC0052,Petra Logistics,135.38,EUR,bank_transfer,settled
A003188,12/02/2026,ACC0528,Ashvale Clinic,368.93,GBP,card,settled
A003189,11/01/2026,ACC0105,"Marlow ""Fine"" Foods",30.58,GBP,card,settled
A003190,09/03/2026,ACC0105,"Wembley Tyres, Ltd",164.28,EUR,card,pending
A003191,13/01/2026,ACC0010,Petra Logistics,92.36,GBP,card,pending
A003192,13/03/2026,ACC0007,Petra Logistics,219.7,EUR,card,reversed
A003193,31/03/2026,ACC0022,Bolt & Screw Ltd,28.81,GBP,direct_debit,settled
A003194,07/03/2026,ACC0085,Sandbrook Utilities,3.84,GBP,card,settled
A003195,01/03/2026,ACC0083,Harrow Sports Club,33.42,USD,card,reversed
A003196,02/02/2026,ACC0091,Corner Cafe,64.97,EUR,card,failed
A003197,18/03/2026,ACC0029,Dhillon & Sons,93.72,gbp,card,settled
A003198,26/01/2026,ACC0077,Harrow Sports Club,69.32,EUR,card,settled
A003199,17/03/2026,ACC0031,Ashvale Clinic,22.56,GBP,direct_debit,settled
A003200,22/03/2026,ACC0053,The Old Print Works,9.07,EUR,direct_debit,failed
A003201,12/01/2026,ACC0030,Ashvale Clinic,42.18,gbp,card,reversed
A003202,04/01/2026,ACC0068,Petra Logistics,158.13,GBP,card,settled
A003203,19/02/2026,ACC0107,"Marlow ""Fine"" Foods",37.56,USD,card,reversed
A003204,06/02/2026,ACC0092,Ashvale Clinic,35.22,EUR,card,reversed
A003205,27/03/2026,ACC0039,"Wembley Tyres, Ltd",11.85,GBP,direct_debit,settled
A003206,11/01/2026,ACC0071,"Marlow ""Fine"" Foods",182.8,GBP,card,failed
A003207,30/03/2026,ACC0107,"Wembley Tyres, Ltd",230.11,USD,card,settled
A003208,13/02/2026,ACC0116,Harrow Sports Club,47.98,gbp,card,settled
A003209,12/02/2026,ACC0003,Harrow Sports Club,6.01,USD,card,pending
A003210,18/02/2026,ACC0090,Harrow Sports Club,135.33,USD,bank_transfer,settled
A003211,03/02/2026,ACC0076,Bolt & Screw Ltd,58.06,GBP,card,pending
A003212,05/03/2026,ACC0051,Corner Cafe,66.64,GBP,card,settled
A003213,07/07/2026,ACC0091,Ashvale Clinic,63.55,GBP,direct_debit,settled
A003214,08/02/2026,ACC0047,Dhillon & Sons,20.18,gbp,direct_debit,settled
A003215,01/02/2026,ACC0103,Northline Freight,31.74,GBP,card,settled
A003216,24/01/2026,ACC0096,Bolt & Screw Ltd,169.35,GBP,card,settled
A003217,01/03/2026,ACC0015,Petra Logistics,162.82,USD,card,reversed
A003218,26/02/2026,ACC0109,"Wembley Tyres, Ltd",187.21,gbp,direct_debit,failed
A003219,10/01/2026,ACC0097,"Wembley Tyres, Ltd",1011.55,gbp,bank_transfer,pending
A003220,17/02/2026,ACC0080,Kite Digital,230.45,GBP,bank_transfer,settled
A003221,15/01/2026,ACC0093,Corner Cafe,37.08,gbp,bank_transfer,settled
A003222,02/01/2026,ACC0110,Kite Digital,101.06,GBP,card,reversed
A003223,10/03/2026,ACC0097,"Marlow ""Fine"" Foods",301.3,GBP,card,settled
A003224,27/03/2026,ACC0001,Petra Logistics,19.45,gbp,card,settled
A003225,19/01/2026,ACC0008,Bolt & Screw Ltd,51.21,EUR,card,reversed
A003226,17/03/2026,ACC0099,Kite Digital,275.35,GBP,card,settled
A003227,28/02/2026,ACC0074,Harrow Sports Club,137.35,GBP,card,settled
A003228,01/02/2026,ACC0004,Corner Cafe,407.56,GBP,card,pending
A003229,11/06/2026,ACC0084,"Wembley Tyres, Ltd",51.26,GBP,direct_debit,failed
A003230,19/03/2026,ACC0063,Sandbrook Utilities,176.73,GBP,card,settled
A003231,24/02/2026,ACC0106,Corner Cafe,162.38,GBP,card,failed
A003232,15/03/2026,ACC0118,Petra Logistics,44.37,GBP,card,pending
A003233,12/03/2026,ACC0042,The Old Print Works,12.56,EUR,bank_transfer,reversed
A003234,24/03/2026,ACC0055,Dhillon & Sons,149.19,GBP,bank_transfer,pending
A003235,18/01/2026,ACC0023,"Marlow ""Fine"" Foods",35.17,GBP,bank_transfer,settled
A003236,07/03/2026,ACC0089,Dhillon & Sons,122.22,USD,card,pending
A003237,26/01/2026,ACC0036,Sandbrook Utilities,120.3,GBP,card,failed
A003238,08/02/2026,ACC0088,"Wembley Tyres, Ltd",103.75,GBP,bank_transfer,reversed
A003239,14/01/2026,ACC0097,Sandbrook Utilities,15.82,GBP,card,failed
A003240,05/02/2026,ACC0003,Petra Logistics,236.85,EUR,direct_debit,reversed
A003241,09/02/2026,ACC0048,Ashvale Clinic,51.7,USD,card,settled
A003242,04/05/2026,ACC0041,Sandbrook Utilities,77.35,EUR,card,settled
A003243,05/01/2026,ACC0021,Harrow Sports Club,41.73,gbp,direct_debit,settled
A003244,22/01/2026,ACC0042,The Old Print Works,105.45,gbp,card,failed
A003245,08/02/2026,ACC0080,"Wembley Tyres, Ltd",97.05,USD,card,settled
A003246,11/01/2026,ACC0038,Northline Freight,197.41,GBP,bank_transfer,settled
A003247,18/02/2026,ACC0059,Sandbrook Utilities,54.28,GBP,card,settled
A003248,09/03/2026,ACC0012,Harrow Sports Club,205.28,USD,card,settled
A003249,12/02/2026,ACC0018,The Old Print Works,217.04,GBP,bank_transfer,failed
A003250,02/02/2026,ACC0022,Kite Digital,117.17,USD,card,pending
A003251,02/01/2026,ACC0007,Sandbrook Utilities,250.66,USD,direct_debit,pending
A003252,15/01/2026,  ACC0047 ,Corner Cafe,36.76,USD,bank_transfer,reversed
A003253,10/04/2026,ACC0031,Harrow Sports Club,39.18,gbp,bank_transfer,settled
A003254,26/02/2026,ACC0061,Petra Logistics,979.74,gbp,card,settled
A003255,15/02/2026,ACC0085,Bolt & Screw Ltd,231.98,USD,direct_debit,settled
A003256,10/01/2026,ACC0006,Northline Freight,281.65,GBP,card,pending
A003257,25/03/2026,ACC0109,Sandbrook Utilities,49.1,USD,card,settled
A003258,21/01/2026,ACC0085,Harrow Sports Club,31.5,GBP,card,settled
A003259,13/03/2026,ACC0071,Northline Freight,50.65,GBP,card,pending
A003260,04/02/2026,ACC0042,The Old Print Works,149.51,GBP,card,pending
A003261,30/01/2026,ACC0572,Petra Logistics,21.54,gbp,card,settled
A003262,29/01/2026,ACC0061,Corner Cafe,34.59,GBP,bank_transfer,failed
A003263,01/01/2026,ACC0024,Sandbrook Utilities,331.27,EUR,card,settled
A003264,29/01/2026,ACC0068,Bolt & Screw Ltd,111.52,GBP,direct_debit,settled
A003265,01/01/2026,ACC0052,Dhillon & Sons,455.79,EUR,direct_debit,pending
A003266,07/03/2026,ACC0075,Petra Logistics,41.76,GBP,card,reversed
A003267,17/01/2026,  ACC0119 ,"Wembley Tyres, Ltd",28.72,USD,bank_transfer,settled
A003268,03/03/2026,ACC0076,Sandbrook Utilities,45.13,EUR,card,settled
A003269,31/03/2026,ACC0066,"Marlow ""Fine"" Foods",23.43,gbp,card,settled
A003270,21/01/2026,ACC0051,Bolt & Screw Ltd,89.47,GBP,direct_debit,settled
A003271,26/01/2026,ACC0092,Ashvale Clinic,58.04,GBP,card,pending
A003272,28/01/2026,ACC0103,Sandbrook Utilities,22.24,GBP,direct_debit,settled
A003273,14/03/2026,ACC0025,Ashvale Clinic,71.98,EUR,card,failed
A003274,02/01/2026,ACC0024,Kite Digital,8.85,gbp,card,settled
A003275,29/01/2026,ACC0108,Petra Logistics,31.25,EUR,card,pending
A003276,14/03/2026,ACC0036,Harrow Sports Club,108.99,GBP,card,reversed
A003277,13/03/2026,ACC0044,Corner Cafe,23.18,USD,direct_debit,failed
A003278,17/02/2026,ACC0108,Kite Digital,9.55,gbp,card,settled
A003279,13/03/2026,ACC0088,The Old Print Works,89.93,gbp,card,settled
A003280,02/02/2026,ACC0072,Northline Freight,101.82,GBP,direct_debit,settled
A003281,27/02/2026,ACC0115,Ashvale Clinic,10.98,GBP,card,settled
A003282,29/03/2026,ACC0014,Northline Freight,85.41,GBP,card,failed
A003283,30/01/2026,ACC0087,Northline Freight,33.25,USD,card,settled
A003284,23/01/2026,ACC0092,Corner Cafe,21.91,EUR,card,settled
A003285,03/03/2026,ACC0055,Dhillon & Sons,68.37,GBP,card,settled
A003286,12/02/2026,ACC0005,Harrow Sports Club,47.83,GBP,card,pending
A003287,27/03/2026,ACC0091,"Marlow ""Fine"" Foods",11.91,GBP,bank_transfer,pending
A003288,03/02/2026,ACC0093,The Old Print Works,76.67,EUR,bank_transfer,settled
A003289,05/07/2026,ACC0007,Dhillon & Sons,13.28,GBP,card,settled
A003290,30/03/2026,ACC0050,Sandbrook Utilities,241.81,gbp,card,settled
A003291,09/03/2026,ACC0008,Ashvale Clinic,21.51,GBP,bank_transfer,settled
A003292,25/03/2026,ACC0022,Dhillon & Sons,78.52,GBP,card,settled
A003293,14/02/2026,ACC0116,Ashvale Clinic,20.19,EUR,card,settled
A003294,04/01/2026,ACC0081,Northline Freight,25.77,gbp,card,failed
A003295,26/03/2026,ACC0094,Bolt & Screw Ltd,109.22,USD,bank_transfer,settled
A003296,10/03/2026,ACC0004,Northline Freight,12.7,GBP,direct_debit,failed
A003297,03/07/2026,ACC0069,Dhillon & Sons,193.65,gbp,card,reversed
A003298,21/01/2026,ACC0062,Petra Logistics,12.91,GBP,card,reversed
A003299,13/01/2026,ACC0057,Petra Logistics,115.89,GBP,direct_debit,settled
A003300,17/03/2026,ACC0114,Ashvale Clinic,17.93,GBP,bank_transfer,pending
A003301,21/01/2026,ACC0045,"Marlow ""Fine"" Foods",35.68,USD,card,reversed
A003302,24/01/2026,ACC0076,Northline Freight,65.55,EUR,direct_debit,settled
A003303,26/03/2026,ACC0010,Ashvale Clinic,114.51,GBP,card,reversed
A003304,15/03/2026,ACC0103,Corner Cafe,43.43,GBP,card,settled
A003305,08/01/2026,ACC0084,Bolt & Screw Ltd,419.56,gbp,card,failed
A003306,14/01/2026,ACC0041,Northline Freight,131.94,USD,direct_debit,reversed
A003307,27/02/2026,ACC0055,"Marlow ""Fine"" Foods",22.81,USD,bank_transfer,reversed
A003308,02/02/2026,ACC0002,Ashvale Clinic,66.85,GBP,bank_transfer,settled
A003309,14/03/2026,ACC0068,Ashvale Clinic,235.53,USD,card,pending
A003310,31/01/2026,ACC0026,Kite Digital,36.97,GBP,bank_transfer,failed
A003311,26/03/2026,ACC0081,The Old Print Works,10.93,USD,direct_debit,settled
A003312,28/02/2026,ACC0077,Kite Digital,34.56,EUR,direct_debit,settled
A003313,12/01/2026,ACC0052,The Old Print Works,28.16,GBP,card,settled
A003314,06/01/2026,ACC0061,Sandbrook Utilities,106.65,GBP,card,settled
A003315,26/03/2026,ACC0093,"Marlow ""Fine"" Foods",40.09,gbp,direct_debit,reversed
A003316,23/01/2026,ACC0018,"Wembley Tyres, Ltd",117.33,GBP,card,settled
A003317,25/01/2026,ACC0103,Bolt & Screw Ltd,170.72,gbp,direct_debit,settled
A003318,31/01/2026,ACC0059,"Marlow ""Fine"" Foods",36.46,GBP,card,settled
A003319,23/01/2026,ACC0103,Ashvale Clinic,186.01,GBP,card,failed
A003320,14/02/2026,ACC0104,Sandbrook Utilities,79.99,gbp,card,settled
A003321,05/02/2026,ACC0073,Petra Logistics,19.45,gbp,card,settled
A003322,25/01/2026,ACC0044,Corner Cafe,111.13,GBP,card,failed
A003323,14/01/2026,ACC0078,Petra Logistics,18.28,GBP,card,reversed
A003324,08/12/2026,ACC0047,Bolt & Screw Ltd,34.77,USD,card,reversed
A003325,06/03/2026,ACC0091,Corner Cafe,36.39,USD,card,failed
A003326,16/02/2026,ACC0066,Kite Digital,84.18,USD,card,reversed
A003327,05/01/2026,ACC0103,Harrow Sports Club,95.1,gbp,card,pending
A003328,11/07/2026,ACC0057,Corner Cafe,169.87,GBP,card,settled
A003329,12/03/2026,ACC0046,"Marlow ""Fine"" Foods",138.05,gbp,card,settled
A003330,15/02/2026,ACC0092,Harrow Sports Club,73.7,GBP,direct_debit,settled
A003331,10/05/2026,ACC0108,Ashvale Clinic,68.62,GBP,card,failed
A003332,09/03/2026,ACC0043,"Marlow ""Fine"" Foods",136.93,GBP,card,failed
A003333,08/01/2026,ACC0072,Corner Cafe,28.0,GBP,bank_transfer,settled
A003334,31/01/2026,ACC0115,Ashvale Clinic,90.16,USD,card,settled
A003335,10/01/2026,ACC0070,Harrow Sports Club,54.92,GBP,card,reversed
A003336,21/01/2026,ACC0120,"Wembley Tyres, Ltd",9.01,gbp,card,failed
A003337,09/02/2026,ACC0015,"Wembley Tyres, Ltd",73.12,gbp,direct_debit,settled
A003338,08/01/2026,ACC0111,Bolt & Screw Ltd,117.16,GBP,bank_transfer,reversed
A003339,25/02/2026,ACC0050,"Marlow ""Fine"" Foods",27.82,USD,direct_debit,reversed
A003340,04/02/2026,ACC0086,"Wembley Tyres, Ltd",38.53,EUR,card,settled
A003341,16/03/2026,ACC0029,Northline Freight,53.2,USD,direct_debit,settled
A003342,19/03/2026,ACC0036,Ashvale Clinic,92.42,EUR,card,settled
A003343,14/02/2026,ACC0098,"Marlow ""Fine"" Foods",10.41,GBP,card,pending
A003344,09/03/2026,ACC0097,Petra Logistics,107.21,EUR,card,failed
A003345,08/03/2026,ACC0046,Harrow Sports Club,87.63,GBP,bank_transfer,pending
A003346,28/03/2026,ACC0032,"Marlow ""Fine"" Foods",21.85,GBP,direct_debit,settled
A003347,22/02/2026,ACC0082,Dhillon & Sons,29.73,USD,bank_transfer,settled
A003348,30/03/2026,ACC0022,Kite Digital,106.7,GBP,card,settled
A003349,08/01/2026,ACC0012,Corner Cafe,182.31,GBP,bank_transfer,settled
A003350,18/03/2026,ACC0056,Corner Cafe,7.24,GBP,bank_transfer,settled
A003351,16/03/2026,ACC0099,Dhillon & Sons,30.64,EUR,bank_transfer,settled
A003352,18/01/2026,ACC0106,Kite Digital,1514.62,GBP,card,pending
A003353,04/03/2026,ACC0012,The Old Print Works,27.47,GBP,card,pending
A003354,06/01/2026,ACC0044,Sandbrook Utilities,64.46,GBP,card,reversed
A003355,17/03/2026,ACC0036,Petra Logistics,71.35,USD,bank_transfer,settled
A003356,12/07/2026,ACC0072,Petra Logistics,235.59,EUR,card,settled
A003357,30/03/2026,ACC0069,The Old Print Works,202.66,GBP,bank_transfer,settled
A003358,17/02/2026,ACC0034,Sandbrook Utilities,59.59,GBP,card,pending
A003359,02/02/2026,ACC0087,Corner Cafe,3.92,GBP,direct_debit,settled
A003360,14/03/2026,ACC0061,Bolt & Screw Ltd,173.14,GBP,card,pending
A003361,25/03/2026,ACC0057,Corner Cafe,7.0,GBP,card,settled
A003362,19/02/2026,ACC0038,Petra Logistics,80.76,GBP,card,pending
A003363,05/02/2026,ACC0030,Bolt & Screw Ltd,284.12,GBP,card,settled
A003364,29/01/2026,ACC0094,Petra Logistics,189.22,gbp,card,failed
A003365,21/01/2026,ACC0049,"Marlow ""Fine"" Foods",117.82,EUR,card,settled
A003366,30/03/2026,ACC0057,Kite Digital,157.92,GBP,direct_debit,settled
A000755,15/02/2026,ACC0038,Northline Freight,1703.58,USD,bank_transfer,pending
A003368,26/01/2026,ACC0059,Sandbrook Utilities,10.31,EUR,card,settled
A003369,14/01/2026,ACC0028,Corner Cafe,25.21,GBP,card,settled
A003370,25/02/2026,ACC0048,Bolt & Screw Ltd,231.91,GBP,card,settled
A003371,28/01/2026,ACC0004,Northline Freight,72.99,USD,card,settled
A003372,08/02/2026,ACC0087,Dhillon & Sons,50.96,GBP,card,reversed
A003373,23/02/2026,ACC0060,"Marlow ""Fine"" Foods",18.89,GBP,card,reversed
A003374,05/12/2026,ACC0029,Sandbrook Utilities,44.32,USD,bank_transfer,failed
A003375,19/03/2026,ACC0012,Corner Cafe,80.97,EUR,card,settled
A003376,09/03/2026,ACC0074,Northline Freight,345.51,GBP,card,settled
A003377,04/03/2026,ACC0018,Petra Logistics,40.05,gbp,card,pending
A003378,06/03/2026,ACC0058,Sandbrook Utilities,7.08,GBP,card,settled
A003379,11/02/2026,ACC0099,Sandbrook Utilities,45.07,EUR,direct_debit,failed
A003380,02/01/2026,ACC0099,"Wembley Tyres, Ltd",105.99,USD,card,settled
A003381,09/08/2026,ACC0036,The Old Print Works,6.52,GBP,card,reversed
A003382,07/03/2026,ACC0003,Corner Cafe,38.64,EUR,card,pending
A003383,14/03/2026,ACC0098,Harrow Sports Club,35.99,GBP,bank_transfer,pending
A003384,12/01/2026,ACC0044,The Old Print Works,53.07,EUR,bank_transfer,reversed
A003385,26/01/2026,ACC0062,"Marlow ""Fine"" Foods",20.34,GBP,bank_transfer,settled
A003386,24/02/2026,ACC0108,"Marlow ""Fine"" Foods",37.21,GBP,card,failed
A003387,01/01/2026,ACC0048,Northline Freight,48.35,gbp,bank_transfer,failed
A003388,12/03/2026,ACC0075,"Wembley Tyres, Ltd",43.37,GBP,card,failed
A003389,01/02/2026,ACC0051,Bolt & Screw Ltd,22.37,GBP,direct_debit,settled
A003390,19/02/2026,ACC0046,Dhillon & Sons,89.43,GBP,bank_transfer,settled
A003391,30/03/2026,ACC0096,Petra Logistics,99.44,GBP,card,settled
A003392,14/02/2026,ACC0067,The Old Print Works,19.43,GBP,card,reversed
A003393,03/03/2026,ACC0032,Bolt & Screw Ltd,28.11,GBP,direct_debit,settled
A003394,30/01/2026,ACC0038,Ashvale Clinic,162.89,GBP,card,pending
A003395,30/03/2026,ACC0114,Bolt & Screw Ltd,94.61,EUR,card,reversed
A003396,02/01/2026,ACC0111,Kite Digital,107.2,USD,card,settled
A003397,03/01/2026,ACC0048,Ashvale Clinic,141.03,EUR,direct_debit,pending
A003398,18/03/2026,ACC0103,The Old Print Works,91.45,USD,bank_transfer,pending
A003399,07/02/2026,ACC0026,Bolt & Screw Ltd,7.89,GBP,card,reversed
A003400,15/01/2026,ACC0051,Petra Logistics,70.81,GBP,card,failed
A003401,02/03/2026,ACC0014,Northline Freight,42.21,GBP,bank_transfer,settled
A003402,21/01/2026,ACC0022,Bolt & Screw Ltd,203.0,GBP,card,reversed
A003403,12/03/2026,ACC0048,Corner Cafe,101.78,GBP,card,settled
A003404,21/01/2026,ACC0009,Ashvale Clinic,116.79,EUR,card,settled
A003405,04/02/2026,ACC0055,Kite Digital,111.31,USD,card,reversed
A003406,07/03/2026,ACC0029,Kite Digital,122.22,GBP,card,settled
A003407,14/01/2026,ACC0094,Corner Cafe,9.28,GBP,card,failed
A003408,25/03/2026,ACC0043,Corner Cafe,20.11,EUR,card,pending
A003409,13/02/2026,ACC0048,Harrow Sports Club,19.98,EUR,bank_transfer,settled
A003410,01/03/2026,ACC0003,Ashvale Clinic,151.35,GBP,direct_debit,settled
A003411,23/03/2026,ACC0082,Kite Digital,149.86,GBP,bank_transfer,settled
A003412,13/01/2026,ACC0110,Sandbrook Utilities,74.55,EUR,card,failed
A003413,30/03/2026,ACC0103,Petra Logistics,33.15,GBP,card,settled
A003414,11/03/2026,ACC0090,"Marlow ""Fine"" Foods",609.37,EUR,direct_debit,reversed
A003415,15/03/2026,ACC0114,Sandbrook Utilities,29.56,USD,card,settled
A003416,23/01/2026,ACC0001,Bolt & Screw Ltd,93.82,GBP,bank_transfer,settled
A003417,29/03/2026,ACC0025,Dhillon & Sons,,EUR,card,settled
A003418,31/03/2026,ACC0090,"Marlow ""Fine"" Foods",21.9,GBP,bank_transfer,settled
A003419,04/01/2026,ACC0046,Sandbrook Utilities,302.03,GBP,direct_debit,reversed
A003420,16/03/2026,ACC0057,Ashvale Clinic,13.24,GBP,card,failed
A003421,22/01/2026,ACC0041,Bolt & Screw Ltd,77.87,EUR,card,settled
A003422,22/02/2026,ACC0093,Dhillon & Sons,77.53,USD,card,settled
A003423,23/02/2026,ACC0107,Dhillon & Sons,104.5,EUR,card,settled
A003424,25/02/2026,ACC0016,Kite Digital,2.82,gbp,direct_debit,failed
A003425,03/03/2026,ACC0119,Bolt & Screw Ltd,96.31,GBP,bank_transfer,pending
A003426,28/03/2026,ACC0028,Sandbrook Utilities,37.29,GBP,card,reversed
A003427,28/01/2026,ACC0060,Bolt & Screw Ltd,26.11,gbp,card,failed
A003428,03/03/2026,ACC0109,Ashvale Clinic,583.07,gbp,card,settled
A003429,11/05/2026,ACC0060,Harrow Sports Club,79.07,USD,card,settled
A003430,03/02/2026,ACC0019,Northline Freight,31.06,GBP,bank_transfer,settled
A003431,04/01/2026,ACC0011,Ashvale Clinic,7.21,GBP,direct_debit,settled
A003432,30/01/2026,ACC0078,Ashvale Clinic,10.26,USD,card,settled
A003433,18/02/2026,ACC0044,"Wembley Tyres, Ltd",72.99,USD,card,pending
A003434,04/03/2026,ACC0515,Ashvale Clinic,37.5,GBP,bank_transfer,failed
A003435,01/02/2026,ACC0103,Bolt & Screw Ltd,25.22,GBP,card,settled
A003436,11/02/2026,ACC0069,Dhillon & Sons,47.91,USD,card,pending
A003437,17/01/2026,ACC0013,Northline Freight,257.17,gbp,direct_debit,failed
A003438,01/03/2026,ACC0097,"Wembley Tyres, Ltd",344.98,EUR,card,settled
A003439,03/01/2026,ACC0093,Bolt & Screw Ltd,73.28,GBP,card,pending
A003440,06/01/2026,ACC0039,Corner Cafe,8.93,GBP,bank_transfer,settled
A003441,11/01/2026,ACC0049,Corner Cafe,18.46,GBP,bank_transfer,settled
A003442,15/01/2026,ACC0027,"Marlow ""Fine"" Foods",14.59,EUR,bank_transfer,settled
A003443,15/02/2026,ACC0023,Corner Cafe,25.43,GBP,direct_debit,settled
A003444,01/01/2026,ACC0008,Dhillon & Sons,203.24,gbp,bank_transfer,settled
A003445,04/01/2026,ACC0001,Ashvale Clinic,87.23,GBP,card,reversed
A003446,05/01/2026,ACC0066,"Wembley Tyres, Ltd",10.67,EUR,card,pending
A003447,07/01/2026,ACC0117,Sandbrook Utilities,102.7,gbp,card,settled
A003448,01/11/2026,ACC0008,Ashvale Clinic,92.34,GBP,bank_transfer,settled
A003449,01/01/2026,ACC0070,"Wembley Tyres, Ltd",103.61,EUR,card,reversed
A003450,09/03/2026,ACC0084,Harrow Sports Club,31.07,gbp,card,failed
A003451,27/03/2026,ACC0090,Harrow Sports Club,55.46,gbp,card,failed
A003452,10/03/2026,ACC0053,Dhillon & Sons,305.96,USD,card,failed
A003453,21/02/2026,ACC0038,Ashvale Clinic,,gbp,bank_transfer,settled
A003454,17/01/2026,ACC0078,Sandbrook Utilities,36.54,gbp,card,settled
A003455,15/02/2026,ACC0018,"Wembley Tyres, Ltd",43.98,gbp,card,pending
A003456,04/02/2026,ACC0082,Harrow Sports Club,137.65,gbp,card,settled
A003457,06/01/2026,ACC0116,"Marlow ""Fine"" Foods",82.21,EUR,bank_transfer,failed
A003458,19/02/2026,ACC0036,The Old Print Works,235.96,gbp,direct_debit,settled
A003459,09/03/2026,ACC0054,Harrow Sports Club,28.88,GBP,card,failed
A003460,21/02/2026,ACC0102,The Old Print Works,46.4,gbp,card,settled
A003461,27/03/2026,ACC0069,"Wembley Tyres, Ltd",10.81,gbp,direct_debit,settled
A003462,04/02/2026,ACC0029,Corner Cafe,74.83,GBP,bank_transfer,failed
A003463,14/02/2026,ACC0111,Bolt & Screw Ltd,52.61,GBP,direct_debit,settled
A003464,19/03/2026,ACC0050,Ashvale Clinic,14.61,EUR,card,failed
A003465,19/02/2026,ACC0105,Ashvale Clinic,63.7,USD,card,reversed
A003466,18/01/2026,ACC0119,Sandbrook Utilities,26.6,USD,card,settled
A003467,08/03/2026,ACC0007,Dhillon & Sons,424.96,EUR,bank_transfer,pending
A003468,04/03/2026,ACC0098,Corner Cafe,10.8,GBP,card,settled
A003469,05/03/2026,ACC0054,Bolt & Screw Ltd,124.35,EUR,card,failed
A003470,21/03/2026,ACC0110,Petra Logistics,46.01,USD,bank_transfer,settled
A003471,10/02/2026,ACC0033,The Old Print Works,10.14,EUR,direct_debit,settled
A003472,06/02/2026,ACC0097,Sandbrook Utilities,86.56,gbp,card,settled
A003473,14/03/2026,ACC0029,Petra Logistics,29.03,GBP,bank_transfer,pending
A003474,25/03/2026,ACC0030,Petra Logistics,22.21,GBP,bank_transfer,settled
A003475,27/02/2026,ACC0100,Sandbrook Utilities,95.2,gbp,card,settled
A003476,09/03/2026,ACC0023,"Marlow ""Fine"" Foods",32.8,GBP,card,settled
A003477,14/02/2026,ACC0096,Kite Digital,102.16,gbp,card,settled
A003478,31/03/2026,ACC0010,"Marlow ""Fine"" Foods",67.76,USD,direct_debit,settled
A003479,20/02/2026,ACC0012,Ashvale Clinic,46.54,gbp,bank_transfer,pending
A003480,05/04/2026,ACC0013,Bolt & Screw Ltd,31.6,GBP,card,pending
A003481,22/02/2026,ACC0057,"Wembley Tyres, Ltd",69.46,GBP,card,failed
A003482,16/03/2026,ACC0014,Kite Digital,6.8,USD,direct_debit,pending
A003483,20/03/2026,ACC0016,Sandbrook Utilities,6.01,GBP,card,settled
A003484,31/03/2026,ACC0116,Harrow Sports Club,7.9,GBP,card,pending
A003485,11/02/2026,ACC0043,Petra Logistics,374.89,USD,card,settled
A003486,24/03/2026,ACC0110,Bolt & Screw Ltd,26.1,gbp,card,settled
A003487,28/03/2026,ACC0069,Bolt & Screw Ltd,27.9,GBP,card,settled
A003488,02/01/2026,ACC0076,Harrow Sports Club,38.72,EUR,bank_transfer,settled
A003489,01/01/2026,ACC0080,"Wembley Tyres, Ltd",57.79,USD,bank_transfer,pending
A003490,23/03/2026,ACC0008,"Marlow ""Fine"" Foods",111.5,gbp,bank_transfer,pending
A003491,05/01/2026,ACC0013,Petra Logistics,32.28,GBP,direct_debit,reversed
A003492,28/02/2026,ACC0061,Dhillon & Sons,159.26,gbp,card,reversed
A003493,25/03/2026,  ACC0099 ,Sandbrook Utilities,154.57,GBP,card,reversed
A003494,26/03/2026,ACC0067,Corner Cafe,134.72,EUR,card,settled
A003495,06/01/2026,ACC0030,The Old Print Works,68.62,GBP,direct_debit,failed
A003496,29/03/2026,ACC0074,Ashvale Clinic,14.5,GBP,direct_debit,settled
A003497,20/01/2026,ACC0020,"Wembley Tyres, Ltd",128.87,EUR,bank_transfer,pending
A003498,28/01/2026,ACC0033,The Old Print Works,22.1,gbp,direct_debit,settled
A003499,05/03/2026,ACC0073,Sandbrook Utilities,550.54,USD,bank_transfer,settled
A003500,09/01/2026,ACC0019,Ashvale Clinic,77.85,USD,bank_transfer,pending
A003501,21/01/2026,ACC0052,The Old Print Works,51.49,GBP,card,pending
A003502,07/10/2026,ACC0066,Corner Cafe,38.24,GBP,direct_debit,settled
A003503,03/02/2026,ACC0106,Northline Freight,122.03,EUR,card,settled
A003504,08/03/2026,ACC0098,Harrow Sports Club,165.35,GBP,card,failed
A003505,16/01/2026,ACC0085,Kite Digital,452.28,USD,card,settled
A003506,04/03/2026,ACC0112,Kite Digital,98.05,GBP,bank_transfer,settled
A003507,05/01/2026,ACC0052,Northline Freight,172.16,GBP,card,pending
A003508,05/01/2026,ACC0016,Ashvale Clinic,54.26,GBP,card,reversed
A003509,11/02/2026,ACC0089,The Old Print Works,34.38,EUR,bank_transfer,settled
A003510,27/03/2026,ACC0049,Harrow Sports Club,52.98,GBP,bank_transfer,failed
A003511,12/03/2026,ACC0096,The Old Print Works,18.25,GBP,direct_debit,failed
A003512,18/01/2026,ACC0038,"Wembley Tyres, Ltd",183.1,gbp,bank_transfer,settled
A003513,09/01/2026,ACC0113,The Old Print Works,43.67,EUR,card,reversed
A003514,04/03/2026,ACC0006,Petra Logistics,2.82,EUR,card,failed
A003515,17/03/2026,ACC0017,"Wembley Tyres, Ltd",12.34,GBP,bank_transfer,settled
A003516,05/01/2026,ACC0039,"Wembley Tyres, Ltd",55.71,EUR,card,settled
A003517,27/03/2026,ACC0094,Harrow Sports Club,181.12,USD,card,failed
A003518,22/02/2026,ACC0107,Bolt & Screw Ltd,16.07,EUR,card,settled
A003519,27/02/2026,ACC0058,Harrow Sports Club,50.61,GBP,direct_debit,settled
A003520,27/01/2026,ACC0096,Northline Freight,39.84,gbp,bank_transfer,reversed
A003521,05/03/2026,ACC0060,Harrow Sports Club,19.14,GBP,direct_debit,pending
A003522,03/03/2026,ACC0116,Northline Freight,38.95,GBP,card,reversed
A003523,01/01/2026,ACC0055,Sandbrook Utilities,146.18,GBP,bank_transfer,settled
A003524,05/03/2026,ACC0029,Petra Logistics,32.09,GBP,bank_transfer,settled
A003525,22/03/2026,ACC0103,Dhillon & Sons,94.45,GBP,bank_transfer,pending
A003526,27/01/2026,ACC0073,Dhillon & Sons,50.67,GBP,card,failed
A003527,21/01/2026,ACC0016,Bolt & Screw Ltd,16.91,EUR,card,reversed
A003528,05/02/2026,ACC0034,Petra Logistics,35.61,EUR,bank_transfer,settled
A003529,11/02/2026,ACC0005,Northline Freight,15.74,GBP,card,settled
A003530,27/02/2026,ACC0059,"Marlow ""Fine"" Foods",294.73,GBP,card,failed
A003531,02/01/2026,ACC0101,The Old Print Works,24.65,GBP,card,pending
A003532,11/08/2026,ACC0101,Northline Freight,257.44,GBP,card,reversed
A003533,28/03/2026,ACC0048,Petra Logistics,312.07,gbp,card,pending
A003534,29/03/2026,ACC0106,Sandbrook Utilities,21.76,GBP,direct_debit,reversed
A003535,27/03/2026,ACC0068,Kite Digital,100.46,GBP,bank_transfer,settled
A003536,31/01/2026,ACC0078,"Wembley Tyres, Ltd",181.29,GBP,card,failed
A003537,15/03/2026,ACC0013,Kite Digital,233.39,EUR,card,settled
A003538,03/01/2026,ACC0031,"Marlow ""Fine"" Foods",116.45,GBP,direct_debit,settled
A001114,25/03/2026,ACC0066,Dhillon & Sons,102.94,EUR,direct_debit,pending
A003540,06/01/2026,ACC0079,Sandbrook Utilities,90.86,EUR,bank_transfer,settled
A003541,16/03/2026,ACC0081,Petra Logistics,63.86,GBP,bank_transfer,settled
A003542,20/01/2026,ACC0003,"Marlow ""Fine"" Foods",146.55,GBP,bank_transfer,settled
A003543,28/01/2026,ACC0011,Northline Freight,111.14,GBP,card,reversed
A003544,16/03/2026,ACC0088,The Old Print Works,3.8,GBP,card,settled
A003545,17/03/2026,ACC0057,"Wembley Tyres, Ltd",884.05,GBP,direct_debit,settled
A003546,17/03/2026,ACC0095,Kite Digital,18.74,EUR,card,settled
A003547,12/02/2026,ACC0056,Petra Logistics,37.07,gbp,direct_debit,pending
A003548,08/01/2026,ACC0092,Bolt & Screw Ltd,53.11,gbp,card,failed
A003549,23/01/2026,ACC0103,Dhillon & Sons,117.02,GBP,direct_debit,settled
A003550,22/01/2026,ACC0035,Petra Logistics,30.85,GBP,card,reversed
A003551,01/01/2026,ACC0103,"Wembley Tyres, Ltd",219.98,USD,bank_transfer,pending
A003552,22/01/2026,ACC0534,"Wembley Tyres, Ltd",24.95,GBP,card,settled
A003553,12/03/2026,ACC0041,Sandbrook Utilities,382.2,GBP,direct_debit,settled
A003554,07/01/2026,ACC0063,Harrow Sports Club,91.49,GBP,card,settled
A003555,16/01/2026,ACC0028,Dhillon & Sons,20.6,GBP,bank_transfer,settled
A003556,10/02/2026,ACC0071,"Wembley Tyres, Ltd",127.8,GBP,card,reversed
A003557,14/03/2026,ACC0088,The Old Print Works,22.82,USD,bank_transfer,settled
A003558,27/01/2026,ACC0059,Bolt & Screw Ltd,46.76,GBP,bank_transfer,settled
A003559,02/03/2026,ACC0117,Dhillon & Sons,56.47,EUR,card,failed
A003560,25/02/2026,ACC0065,Ashvale Clinic,13.82,gbp,bank_transfer,settled
A003561,07/01/2026,  ACC0066 ,Sandbrook Utilities,22.38,EUR,card,settled
A003562,02/02/2026,ACC0120,Northline Freight,479.45,USD,card,pending
A003563,22/03/2026,ACC0020,Bolt & Screw Ltd,23.91,USD,card,reversed
A003564,26/02/2026,ACC0047,The Old Print Works,49.46,GBP,card,settled
A003565,12/02/2026,ACC0062,"Marlow ""Fine"" Foods",81.11,USD,bank_transfer,settled
A003566,07/02/2026,ACC0032,"Marlow ""Fine"" Foods",189.16,GBP,direct_debit,reversed
A003567,13/02/2026,ACC0037,Ashvale Clinic,377.26,USD,bank_transfer,pending
A003568,28/01/2026,ACC0079,"Marlow ""Fine"" Foods",71.43,GBP,card,failed
A003569,05/03/2026,ACC0063,Petra Logistics,143.09,EUR,card,pending
A003570,29/01/2026,ACC0092,Corner Cafe,202.09,EUR,direct_debit,reversed
A003571,23/01/2026,ACC0066,Bolt & Screw Ltd,100.0,gbp,card,settled
A003572,05/03/2026,ACC0060,"Marlow ""Fine"" Foods",14.02,GBP,card,settled
A003573,25/02/2026,ACC0085,Petra Logistics,17.56,USD,direct_debit,pending
A003574,23/03/2026,ACC0017,Corner Cafe,31.37,GBP,card,settled
A003575,28/02/2026,ACC0091,"Wembley Tyres, Ltd",5.15,EUR,card,settled
A003576,05/02/2026,ACC0044,The Old Print Works,263.66,GBP,card,reversed
A003577,01/02/2026,ACC0024,Corner Cafe,11.62,USD,bank_transfer,reversed
A003578,13/02/2026,ACC0087,Harrow Sports Club,178.81,USD,card,settled
A003579,07/02/2026,ACC0005,Dhillon & Sons,48.6,GBP,card,reversed
A003580,15/02/2026,ACC0116,Ashvale Clinic,24.96,GBP,bank_transfer,failed
A003581,05/01/2026,ACC0046,Ashvale Clinic,158.71,GBP,direct_debit,settled
A003582,30/01/2026,ACC0092,Dhillon & Sons,44.31,GBP,card,pending
A003583,30/03/2026,ACC0066,The Old Print Works,13.86,gbp,card,failed
A003584,14/01/2026,ACC0003,"Wembley Tyres, Ltd",300.61,GBP,card,pending
A003585,10/03/2026,ACC0028,Harrow Sports Club,120.77,GBP,direct_debit,reversed
A003586,20/02/2026,ACC0035,Northline Freight,89.05,gbp,card,settled
A003587,08/02/2026,ACC0076,Kite Digital,73.04,EUR,card,failed
A003588,16/01/2026,ACC0027,Northline Freight,57.54,GBP,bank_transfer,pending
A003589,11/03/2026,ACC0069,Corner Cafe,59.04,GBP,card,failed
A003590,27/01/2026,ACC0065,"Marlow ""Fine"" Foods",320.55,USD,card,settled
A003591,11/03/2026,ACC0113,Bolt & Screw Ltd,56.66,GBP,card,failed
A003592,12/01/2026,ACC0028,The Old Print Works,379.68,USD,card,pending
A003593,09/01/2026,ACC0060,"Marlow ""Fine"" Foods",125.81,USD,direct_debit,settled
A003594,09/02/2026,ACC0054,"Wembley Tyres, Ltd",35.7,GBP,bank_transfer,settled
A003595,10/03/2026,  ACC0031 ,Ashvale Clinic,114.72,GBP,card,reversed
A003596,23/01/2026,ACC0042,Bolt & Screw Ltd,24.4,USD,direct_debit,settled
A003597,21/01/2026,ACC0098,Kite Digital,29.64,gbp,card,reversed
A003598,17/03/2026,ACC0079,Sandbrook Utilities,22.09,GBP,direct_debit,reversed
A003599,18/03/2026,ACC0117,"Wembley Tyres, Ltd",69.65,GBP,bank_transfer,settled
A003600,13/03/2026,ACC0117,Sandbrook Utilities,43.12,USD,card,settled
A003601,07/03/2026,ACC0061,Northline Freight,14.25,gbp,card,settled
A003602,20/03/2026,ACC0005,The Old Print Works,57.28,USD,card,settled
A003603,22/01/2026,ACC0094,The Old Print Works,10.02,gbp,card,reversed
A003604,10/02/2026,ACC0003,Petra Logistics,99.09,gbp,card,reversed
A003605,07/01/2026,ACC0079,Ashvale Clinic,22.37,GBP,card,settled
A003606,10/01/2026,ACC0079,"Wembley Tyres, Ltd",160.75,EUR,bank_transfer,settled
A003607,12/02/2026,ACC0095,Dhillon & Sons,6.28,EUR,card,reversed
A003608,04/01/2026,ACC0027,Kite Digital,70.24,USD,card,failed
A003609,05/01/2026,ACC0028,Ashvale Clinic,105.64,EUR,direct_debit,settled
A003610,07/01/2026,ACC0094,"Marlow ""Fine"" Foods",113.47,EUR,card,failed
A003611,17/01/2026,ACC0010,Ashvale Clinic,177.06,USD,card,settled
A003612,27/02/2026,ACC0053,Corner Cafe,339.87,EUR,card,settled
A003613,05/03/2026,ACC0109,Corner Cafe,8.93,USD,bank_transfer,reversed
A003614,13/01/2026,ACC0009,"Marlow ""Fine"" Foods",80.2,EUR,bank_transfer,settled
A003615,01/02/2026,ACC0055,"Marlow ""Fine"" Foods",52.18,EUR,bank_transfer,settled
A003616,24/01/2026,ACC0031,Corner Cafe,51.81,gbp,card,settled
A003617,18/01/2026,ACC0079,Bolt & Screw Ltd,158.88,GBP,bank_transfer,settled
A003618,07/03/2026,ACC0033,The Old Print Works,57.06,GBP,card,reversed
A003619,14/02/2026,ACC0007,Dhillon & Sons,42.72,USD,card,failed
A003620,18/03/2026,ACC0082,Petra Logistics,14.48,GBP,bank_transfer,reversed
A003621,25/03/2026,ACC0092,The Old Print Works,145.61,GBP,card,pending
A003622,15/01/2026,ACC0014,"Marlow ""Fine"" Foods",92.64,GBP,bank_transfer,settled
A003623,26/02/2026,ACC0014,Kite Digital,183.6,gbp,bank_transfer,settled
A003624,14/03/2026,ACC0079,Ashvale Clinic,16.97,gbp,bank_transfer,failed
A003625,01/02/2026,ACC0058,Petra Logistics,60.01,EUR,card,settled
A003626,14/01/2026,ACC0107,"Marlow ""Fine"" Foods",294.12,gbp,card,reversed
A003627,18/02/2026,ACC0065,The Old Print Works,21.9,USD,card,failed
A003628,07/03/2026,ACC0014,Harrow Sports Club,45.94,GBP,direct_debit,settled
A003629,07/03/2026,ACC0103,The Old Print Works,49.39,GBP,card,settled
A003630,03/03/2026,ACC0090,Sandbrook Utilities,66.42,USD,direct_debit,settled
A003631,05/01/2026,ACC0010,"Marlow ""Fine"" Foods",17.23,USD,direct_debit,settled
A003632,30/03/2026,ACC0070,The Old Print Works,92.62,GBP,card,failed
A003633,11/03/2026,ACC0023,Petra Logistics,26.07,gbp,card,settled
A003634,20/01/2026,ACC0036,"Wembley Tyres, Ltd",68.56,EUR,card,pending
A003635,22/01/2026,ACC0004,Dhillon & Sons,14.53,USD,direct_debit,settled
A003636,27/01/2026,ACC0024,The Old Print Works,195.71,gbp,bank_transfer,pending
A003637,12/03/2026,ACC0079,Ashvale Clinic,55.05,gbp,card,settled
A003638,18/03/2026,ACC0115,Northline Freight,188.74,GBP,direct_debit,settled
A003639,14/03/2026,ACC0047,"Marlow ""Fine"" Foods",131.37,gbp,direct_debit,settled
A003640,25/03/2026,ACC0068,The Old Print Works,6.01,EUR,card,settled
A003641,16/01/2026,ACC0101,Kite Digital,230.83,GBP,card,failed
A003642,06/03/2026,ACC0112,Harrow Sports Club,17.16,GBP,bank_transfer,settled
A003643,02/01/2026,ACC0034,Sandbrook Utilities,48.12,USD,bank_transfer,failed
A003644,26/02/2026,ACC0027,Bolt & Screw Ltd,111.44,GBP,bank_transfer,failed
A003645,25/01/2026,ACC0018,Harrow Sports Club,57.15,gbp,card,reversed
A003646,24/03/2026,ACC0053,Dhillon & Sons,37.33,GBP,card,settled
A003647,09/03/2026,ACC0040,The Old Print Works,168.95,GBP,direct_debit,pending
A003648,18/03/2026,ACC0006,Bolt & Screw Ltd,33.01,gbp,card,settled
A003649,08/01/2026,ACC0100,Sandbrook Utilities,50.77,USD,direct_debit,settled
A003650,31/01/2026,ACC0063,Kite Digital,119.75,GBP,direct_debit,settled
A003651,18/03/2026,ACC0017,Corner Cafe,38.68,GBP,direct_debit,reversed
A003652,09/03/2026,ACC0095,Northline Freight,66.33,gbp,card,reversed
A003653,23/02/2026,ACC0047,Harrow Sports Club,49.84,EUR,card,settled
A003654,04/06/2026,ACC0087,Harrow Sports Club,15.7,gbp,card,settled
A003655,07/01/2026,ACC0058,"Wembley Tyres, Ltd",500.15,gbp,card,settled
A003656,27/03/2026,  ACC0112 ,Sandbrook Utilities,261.92,GBP,direct_debit,settled
A003657,08/02/2026,ACC0028,Petra Logistics,67.68,GBP,card,pending
A003658,03/03/2026,ACC0065,Ashvale Clinic,42.75,gbp,card,settled
A003659,10/01/2026,ACC0070,Corner Cafe,6.56,GBP,card,pending
A003660,09/02/2026,ACC0024,Kite Digital,147.59,EUR,card,pending
A003661,09/02/2026,ACC0090,Bolt & Screw Ltd,11.27,GBP,direct_debit,reversed
A003662,29/01/2026,ACC0019,Sandbrook Utilities,83.1,gbp,card,settled
A003663,01/02/2026,ACC0118,Bolt & Screw Ltd,583.55,GBP,direct_debit,settled
A003664,04/03/2026,ACC0005,The Old Print Works,190.51,EUR,direct_debit,settled
A003665,06/02/2026,ACC0058,Bolt & Screw Ltd,76.08,EUR,bank_transfer,failed
A003666,16/02/2026,ACC0071,Northline Freight,28.99,gbp,bank_transfer,reversed
A003667,21/02/2026,ACC0035,Dhillon & Sons,101.7,EUR,bank_transfer,settled
A003668,27/02/2026,ACC0100,Harrow Sports Club,13.67,GBP,direct_debit,settled
A003669,10/12/2026,ACC0067,Corner Cafe,47.97,gbp,bank_transfer,pending
A003670,16/03/2026,ACC0059,Harrow Sports Club,92.95,GBP,card,settled
A003671,11/03/2026,ACC0101,Kite Digital,91.51,EUR,card,settled
A003672,07/01/2026,ACC0069,Corner Cafe,42.76,GBP,direct_debit,pending
A003673,10/03/2026,ACC0064,"Wembley Tyres, Ltd",262.89,GBP,direct_debit,settled
A003674,02/02/2026,ACC0057,The Old Print Works,30.95,gbp,bank_transfer,settled
A003675,04/02/2026,ACC0008,The Old Print Works,144.54,GBP,card,reversed
A003676,06/04/2026,ACC0100,The Old Print Works,8.73,GBP,bank_transfer,pending
A003677,04/04/2026,ACC0101,Sandbrook Utilities,54.83,GBP,card,settled
A003678,26/03/2026,ACC0044,Kite Digital,24.55,gbp,card,pending
A003679,17/02/2026,ACC0041,"Wembley Tyres, Ltd",176.85,GBP,bank_transfer,settled
A003680,30/01/2026,ACC0071,Dhillon & Sons,103.33,EUR,card,reversed
A003681,30/03/2026,ACC0010,Bolt & Screw Ltd,45.79,GBP,bank_transfer,settled
A003682,12/01/2026,ACC0032,"Marlow ""Fine"" Foods",43.24,EUR,card,pending
A003683,20/01/2026,ACC0102,Dhillon & Sons,36.12,GBP,card,reversed
A003684,07/03/2026,ACC0091,Kite Digital,54.26,GBP,card,settled
A003685,18/03/2026,ACC0047,Bolt & Screw Ltd,107.52,GBP,direct_debit,failed
A003686,24/01/2026,ACC0059,"Wembley Tyres, Ltd",242.02,GBP,card,reversed
A003687,08/02/2026,ACC0040,The Old Print Works,13.29,GBP,bank_transfer,reversed
A003688,03/02/2026,ACC0049,"Marlow ""Fine"" Foods",12.03,EUR,card,settled
A003689,31/01/2026,ACC0055,"Marlow ""Fine"" Foods",22.57,GBP,card,settled
A003690,14/01/2026,ACC0083,Northline Freight,1.69,GBP,bank_transfer,settled
A003691,09/08/2026,ACC0018,Corner Cafe,32.13,GBP,direct_debit,settled
A003692,23/03/2026,ACC0006,"Marlow ""Fine"" Foods",295.34,GBP,card,settled
A003693,15/03/2026,ACC0059,"Marlow ""Fine"" Foods",63.56,GBP,card,reversed
A003694,10/01/2026,ACC0044,The Old Print Works,140.51,GBP,card,settled
A003695,27/02/2026,ACC0072,Sandbrook Utilities,19.62,USD,bank_transfer,settled
A003696,17/01/2026,ACC0114,Kite Digital,26.45,EUR,card,settled
A003697,10/08/2026,ACC0031,Harrow Sports Club,188.0,EUR,direct_debit,settled
A003698,30/03/2026,ACC0040,Ashvale Clinic,60.16,GBP,bank_transfer,settled
A003699,08/01/2026,ACC0007,Ashvale Clinic,10.86,gbp,card,failed
A003700,15/01/2026,ACC0036,Ashvale Clinic,83.66,gbp,bank_transfer,reversed
A003701,25/03/2026,ACC0045,Bolt & Screw Ltd,13.98,EUR,card,settled
A003702,09/01/2026,ACC0032,Corner Cafe,13.27,GBP,card,settled
A003703,13/02/2026,ACC0098,Ashvale Clinic,204.64,GBP,bank_transfer,pending
A003704,10/03/2026,ACC0097,Petra Logistics,25.24,GBP,card,failed
A003705,01/05/2026,ACC0055,Dhillon & Sons,36.21,GBP,card,failed
A003706,08/02/2026,ACC0083,Dhillon & Sons,126.43,GBP,card,settled
A003707,01/03/2026,ACC0118,Ashvale Clinic,69.29,USD,bank_transfer,failed
A003708,15/01/2026,ACC0076,"Wembley Tyres, Ltd",67.85,gbp,direct_debit,settled
A003709,06/02/2026,ACC0065,Bolt & Screw Ltd,24.79,GBP,card,pending
A003710,20/03/2026,ACC0106,The Old Print Works,100.36,USD,card,settled
A003711,24/03/2026,ACC0011,Ashvale Clinic,29.58,GBP,direct_debit,settled
A003712,07/02/2026,ACC0061,The Old Print Works,45.89,gbp,card,settled
A003713,05/02/2026,ACC0074,Ashvale Clinic,43.67,GBP,bank_transfer,failed
A003714,01/01/2026,ACC0049,Ashvale Clinic,35.83,EUR,card,pending
A003715,25/03/2026,ACC0076,Sandbrook Utilities,79.23,GBP,card,reversed
A003716,23/03/2026,ACC0049,"Wembley Tyres, Ltd",130.76,USD,card,settled
A003717,31/01/2026,ACC0075,Corner Cafe,54.15,gbp,card,pending
A003718,06/03/2026,ACC0110,"Wembley Tyres, Ltd",131.31,GBP,direct_debit,settled
A003719,27/02/2026,ACC0065,"Marlow ""Fine"" Foods",14.12,GBP,card,failed
A003720,22/01/2026,ACC0073,Sandbrook Utilities,49.44,EUR,card,settled
A003721,17/01/2026,ACC0020,The Old Print Works,19.28,GBP,card,settled
A003722,01/01/2026,ACC0055,Bolt & Screw Ltd,20.99,USD,card,settled
A003723,14/01/2026,ACC0030,Northline Freight,108.27,EUR,bank_transfer,settled
A003724,21/01/2026,ACC0099,Bolt & Screw Ltd,33.92,gbp,card,settled
A003725,12/01/2026,ACC0090,Northline Freight,129.01,GBP,card,failed
A003726,09/03/2026,ACC0042,Bolt & Screw Ltd,97.87,GBP,card,failed
A003727,03/02/2026,ACC0018,Corner Cafe,9.9,USD,direct_debit,settled
A003728,09/09/2026,ACC0114,Harrow Sports Club,148.4,gbp,card,settled
A003729,17/02/2026,ACC0106,Northline Freight,82.78,GBP,card,reversed
A003730,01/01/2026,ACC0091,Northline Freight,218.91,GBP,card,settled
A003731,10/03/2026,ACC0108,Corner Cafe,40.31,GBP,direct_debit,reversed
A003732,31/03/2026,ACC0063,The Old Print Works,32.56,EUR,direct_debit,failed
A003733,17/03/2026,ACC0037,Dhillon & Sons,51.57,GBP,card,pending
A003734,27/03/2026,ACC0048,Harrow Sports Club,27.8,USD,bank_transfer,settled
A003735,04/02/2026,ACC0110,Bolt & Screw Ltd,56.25,EUR,direct_debit,settled
A003736,07/01/2026,ACC0066,Dhillon & Sons,284.85,EUR,card,reversed
A003737,01/02/2026,ACC0531,Harrow Sports Club,5.67,GBP,card,reversed
A003738,13/02/2026,ACC0063,Corner Cafe,15.63,USD,card,failed
A003739,15/01/2026,ACC0107,Kite Digital,151.53,gbp,card,settled
A003740,07/03/2026,ACC0071,Corner Cafe,85.42,GBP,card,settled
A003741,23/01/2026,ACC0014,Corner Cafe,8.44,GBP,card,settled
A003742,13/02/2026,ACC0077,Northline Freight,,GBP,card,pending
A003743,10/03/2026,ACC0027,Dhillon & Sons,96.27,GBP,direct_debit,failed
A003744,16/01/2026,ACC0034,Northline Freight,330.68,GBP,direct_debit,settled
A003745,22/01/2026,ACC0066,"Marlow ""Fine"" Foods",62.93,GBP,bank_transfer,settled
A003746,25/01/2026,ACC0005,Petra Logistics,163.7,GBP,direct_debit,settled
A003747,12/03/2026,ACC0003,Ashvale Clinic,10.12,GBP,direct_debit,settled
A003748,24/03/2026,ACC0037,The Old Print Works,428.24,USD,card,settled
A003749,10/02/2026,ACC0023,"Marlow ""Fine"" Foods",124.9,GBP,bank_transfer,settled
A003750,08/03/2026,ACC0004,Northline Freight,87.46,gbp,card,failed
A003751,30/03/2026,ACC0113,Northline Freight,10.78,GBP,card,settled
A003752,07/01/2026,ACC0069,The Old Print Works,83.46,GBP,card,pending
A003753,25/01/2026,ACC0007,"Marlow ""Fine"" Foods",34.42,GBP,card,settled
A003754,29/01/2026,ACC0099,"Wembley Tyres, Ltd",152.88,gbp,card,settled
A003755,02/03/2026,ACC0079,Corner Cafe,-212.37,gbp,bank_transfer,pending
A003756,20/01/2026,ACC0027,"Wembley Tyres, Ltd",11.97,EUR,card,pending
A003757,02/03/2026,ACC0072,Harrow Sports Club,75.59,GBP,card,reversed
A003758,12/05/2026,ACC0027,The Old Print Works,340.47,EUR,direct_debit,settled
A003759,19/03/2026,ACC0090,Harrow Sports Club,4.0,GBP,card,pending
A003760,15/02/2026,ACC0115,Corner Cafe,158.31,gbp,card,settled
A003761,29/03/2026,ACC0086,Dhillon & Sons,72.95,EUR,direct_debit,pending
A003762,21/02/2026,ACC0060,Petra Logistics,131.85,GBP,card,reversed
A003763,13/02/2026,ACC0034,Bolt & Screw Ltd,71.14,EUR,bank_transfer,failed
A003764,07/01/2026,ACC0089,Northline Freight,29.7,USD,card,settled
A003765,05/01/2026,ACC0118,The Old Print Works,58.98,USD,direct_debit,reversed
A003766,05/03/2026,ACC0067,Kite Digital,61.75,GBP,card,settled
A003767,12/01/2026,ACC0012,The Old Print Works,34.38,GBP,card,reversed
A003768,17/03/2026,ACC0036,Bolt & Screw Ltd,35.19,GBP,card,pending
A003769,26/01/2026,ACC0087,Dhillon & Sons,98.83,GBP,card,settled
A003770,02/09/2026,ACC0099,Harrow Sports Club,,EUR,bank_transfer,settled
A003771,12/12/2026,ACC0056,"Wembley Tyres, Ltd",88.76,gbp,card,settled
A003772,11/01/2026,ACC0017,Northline Freight,30.23,EUR,direct_debit,settled
A003773,22/02/2026,ACC0066,Ashvale Clinic,61.95,GBP,bank_transfer,reversed
A003774,10/01/2026,ACC0060,The Old Print Works,21.61,GBP,card,failed
A003775,26/03/2026,ACC0038,Northline Freight,23.78,gbp,card,settled
A003776,12/03/2026,ACC0101,Corner Cafe,15.53,GBP,card,reversed
A003777,11/02/2026,ACC0050,The Old Print Works,78.77,GBP,card,settled
A003778,29/03/2026,ACC0097,Kite Digital,72.94,GBP,direct_debit,settled
A003779,08/03/2026,ACC0088,Corner Cafe,57.48,gbp,card,settled
A003780,16/02/2026,ACC0037,"Marlow ""Fine"" Foods",34.92,GBP,card,reversed
A003781,29/01/2026,ACC0089,Bolt & Screw Ltd,112.11,EUR,card,settled
A003782,27/02/2026,ACC0019,Petra Logistics,233.54,USD,card,settled
A003783,11/02/2026,ACC0108,Kite Digital,25.07,gbp,card,failed
A003784,06/02/2026,ACC0010,Ashvale Clinic,29.12,EUR,bank_transfer,failed
A003785,08/01/2026,ACC0064,Dhillon & Sons,240.75,EUR,direct_debit,reversed
A003786,10/02/2026,ACC0057,Northline Freight,546.02,USD,card,settled
A003787,19/03/2026,ACC0062,Dhillon & Sons,30.58,GBP,direct_debit,failed
A003788,22/03/2026,ACC0087,Kite Digital,26.48,GBP,direct_debit,reversed
A003789,31/01/2026,ACC0002,The Old Print Works,14.45,EUR,direct_debit,pending
A003790,03/03/2026,ACC0109,The Old Print Works,1518.18,EUR,card,settled
A003791,26/01/2026,ACC0068,Ashvale Clinic,433.24,USD,card,pending
A003792,16/02/2026,ACC0061,Dhillon & Sons,49.68,GBP,bank_transfer,reversed
A003793,29/03/2026,ACC0109,Corner Cafe,79.83,GBP,direct_debit,settled
A003794,16/02/2026,ACC0041,Bolt & Screw Ltd,79.75,EUR,card,settled
A003795,18/02/2026,ACC0112,Petra Logistics,28.67,GBP,bank_transfer,failed
A003796,01/01/2026,ACC0092,"Wembley Tyres, Ltd",35.2,EUR,card,settled
A003797,22/01/2026,  ACC0024 ,Northline Freight,80.42,GBP,card,pending
A003798,22/03/2026,ACC0099,Dhillon & Sons,24.78,EUR,card,settled
A003799,17/03/2026,ACC0008,Dhillon & Sons,40.26,GBP,bank_transfer,settled
A003800,20/01/2026,ACC0100,Sandbrook Utilities,89.09,GBP,bank_transfer,settled
A003801,15/03/2026,ACC0110,The Old Print Works,14.98,USD,card,settled
A003802,28/02/2026,ACC0106,Ashvale Clinic,45.49,EUR,card,pending
A003803,28/02/2026,ACC0012,Petra Logistics,227.47,GBP,card,pending
A003804,26/01/2026,ACC0106,Kite Digital,19.22,EUR,direct_debit,settled
A003805,11/01/2026,ACC0004,Ashvale Clinic,44.47,gbp,bank_transfer,settled
A003806,03/02/2026,ACC0058,The Old Print Works,18.12,USD,card,settled
A003807,30/01/2026,ACC0007,Dhillon & Sons,49.97,USD,card,settled
A003808,21/01/2026,ACC0065,Kite Digital,90.65,gbp,card,settled
A003809,15/03/2026,ACC0059,Kite Digital,-21.81,GBP,bank_transfer,settled
A003810,04/03/2026,ACC0063,Corner Cafe,39.64,EUR,card,reversed
A003811,10/01/2026,ACC0070,"Wembley Tyres, Ltd",29.71,GBP,bank_transfer,failed
A003812,23/01/2026,ACC0018,Corner Cafe,24.88,gbp,card,settled
A003813,02/03/2026,ACC0103,Ashvale Clinic,71.5,GBP,card,pending
A003814,05/01/2026,ACC0007,Dhillon & Sons,144.0,gbp,card,failed
A003815,04/01/2026,ACC0111,Ashvale Clinic,179.21,GBP,card,pending
A003816,14/01/2026,ACC0021,"Marlow ""Fine"" Foods",35.12,GBP,bank_transfer,settled
A003817,13/01/2026,ACC0007,Petra Logistics,37.81,EUR,card,settled
A003818,02/07/2026,ACC0021,Harrow Sports Club,62.59,gbp,card,reversed
A003819,16/03/2026,ACC0019,Northline Freight,138.33,USD,card,settled
A003820,26/01/2026,ACC0061,The Old Print Works,13.63,GBP,bank_transfer,reversed
A003821,18/01/2026,ACC0005,Corner Cafe,8.45,EUR,bank_transfer,settled
A003822,16/01/2026,ACC0102,Sandbrook Utilities,27.34,EUR,bank_transfer,settled
A003823,09/03/2026,ACC0032,The Old Print Works,205.32,GBP,card,failed
A003824,01/02/2026,ACC0011,Corner Cafe,67.5,GBP,direct_debit,settled
A003825,07/01/2026,ACC0009,"Wembley Tyres, Ltd",29.37,gbp,bank_transfer,failed
A003826,19/02/2026,ACC0104,"Wembley Tyres, Ltd",31.59,gbp,bank_transfer,pending
A003827,12/03/2026,ACC0025,Bolt & Screw Ltd,15.6,GBP,card,settled
A003828,15/03/2026,ACC0112,The Old Print Works,48.33,GBP,bank_transfer,failed
A003829,02/02/2026,ACC0014,"Wembley Tyres, Ltd",107.42,EUR,card,settled
A003830,20/01/2026,ACC0049,"Marlow ""Fine"" Foods",21.69,GBP,card,settled
A003831,21/03/2026,ACC0108,"Marlow ""Fine"" Foods",116.43,GBP,direct_debit,settled
A003832,22/03/2026,ACC0011,The Old Print Works,179.8,GBP,card,pending
A003833,21/01/2026,ACC0090,Northline Freight,40.61,EUR,direct_debit,settled
A003834,29/01/2026,ACC0041,Petra Logistics,103.19,USD,card,pending
A003835,05/02/2026,ACC0053,Kite Digital,90.86,EUR,card,failed
A003836,31/01/2026,ACC0073,"Wembley Tyres, Ltd",24.6,EUR,card,reversed
A003837,18/03/2026,ACC0107,Bolt & Screw Ltd,98.8,EUR,card,pending
A003838,02/03/2026,ACC0038,"Wembley Tyres, Ltd",14.78,GBP,card,pending
A003839,08/03/2026,ACC0084,Kite Digital,71.4,GBP,direct_debit,settled
A003840,15/03/2026,ACC0041,Corner Cafe,40.58,GBP,card,settled
A003841,15/01/2026,ACC0105,Northline Freight,56.37,USD,card,failed
A003842,13/01/2026,ACC0110,Kite Digital,45.1,GBP,direct_debit,settled
A003843,26/03/2026,ACC0045,"Wembley Tyres, Ltd",32.73,gbp,bank_transfer,settled
A003844,14/01/2026,ACC0117,"Wembley Tyres, Ltd",235.84,EUR,card,reversed
A003845,11/01/2026,ACC0111,The Old Print Works,107.9,gbp,bank_transfer,pending
A003846,09/01/2026,ACC0109,The Old Print Works,27.2,EUR,direct_debit,failed
A003847,10/03/2026,ACC0052,Dhillon & Sons,330.52,EUR,card,settled
A003848,08/01/2026,ACC0057,Ashvale Clinic,25.22,gbp,card,failed
A003849,29/01/2026,ACC0086,Ashvale Clinic,5.62,EUR,bank_transfer,reversed
A003850,01/12/2026,ACC0119,Corner Cafe,394.27,GBP,card,settled
A003851,14/01/2026,ACC0044,Sandbrook Utilities,47.96,EUR,direct_debit,failed
A003852,18/01/2026,ACC0103,"Marlow ""Fine"" Foods",6.37,GBP,card,settled
A003853,02/02/2026,ACC0089,Kite Digital,290.59,EUR,bank_transfer,settled
A003854,05/03/2026,ACC0083,"Wembley Tyres, Ltd",12.58,USD,direct_debit,settled
A003855,07/01/2026,ACC0116,Bolt & Screw Ltd,131.06,USD,bank_transfer,reversed
A003856,29/03/2026,ACC0008,"Marlow ""Fine"" Foods",15.13,GBP,direct_debit,settled
A003857,04/02/2026,ACC0006,The Old Print Works,693.54,gbp,card,settled
A003858,14/01/2026,ACC0076,Petra Logistics,509.1,USD,direct_debit,reversed
A003859,19/02/2026,ACC0077,The Old Print Works,41.75,USD,card,settled
A003860,19/01/2026,ACC0035,Dhillon & Sons,40.09,GBP,card,failed
A003861,24/03/2026,ACC0102,Sandbrook Utilities,47.47,gbp,bank_transfer,pending
A003862,30/03/2026,ACC0010,Bolt & Screw Ltd,27.43,gbp,direct_debit,reversed
A003863,21/03/2026,ACC0016,Dhillon & Sons,37.94,gbp,card,reversed
A003864,09/03/2026,ACC0061,The Old Print Works,11.68,gbp,card,reversed
A003865,04/02/2026,ACC0016,"Marlow ""Fine"" Foods",102.59,GBP,card,pending
A003866,09/01/2026,ACC0036,"Wembley Tyres, Ltd",20.86,EUR,card,settled
A003867,08/01/2026,ACC0052,The Old Print Works,167.82,GBP,card,reversed
A003868,20/01/2026,ACC0062,"Wembley Tyres, Ltd",49.05,EUR,direct_debit,settled
A003869,07/06/2026,ACC0048,"Wembley Tyres, Ltd",65.02,USD,card,settled
A003870,02/01/2026,ACC0116,"Marlow ""Fine"" Foods",17.72,EUR,card,settled
A003871,09/03/2026,ACC0002,Ashvale Clinic,23.31,GBP,card,failed
A003872,10/02/2026,ACC0049,Petra Logistics,24.78,GBP,card,settled
A003873,28/03/2026,ACC0039,Kite Digital,81.65,EUR,bank_transfer,settled
A003874,27/03/2026,ACC0010,Ashvale Clinic,26.57,USD,card,reversed
A003875,21/02/2026,ACC0117,Kite Digital,3.06,GBP,bank_transfer,failed
A003876,28/03/2026,ACC0060,Northline Freight,4.37,GBP,bank_transfer,failed
A003877,21/01/2026,ACC0013,"Wembley Tyres, Ltd",19.94,USD,bank_transfer,settled
A003878,21/01/2026,ACC0009,Ashvale Clinic,37.81,GBP,bank_transfer,settled
A003879,04/01/2026,ACC0027,Dhillon & Sons,127.87,GBP,card,failed
A003880,09/02/2026,ACC0077,Petra Logistics,10.25,USD,card,settled
A003881,26/03/2026,  ACC0028 ,Sandbrook Utilities,73.32,gbp,card,settled
A003882,25/02/2026,ACC0027,Dhillon & Sons,36.43,GBP,direct_debit,failed
A003883,10/01/2026,ACC0100,The Old Print Works,25.18,gbp,bank_transfer,failed
A003884,28/03/2026,ACC0048,Dhillon & Sons,3.31,gbp,bank_transfer,reversed
A003885,14/02/2026,ACC0105,Harrow Sports Club,27.97,EUR,card,settled
A003886,20/03/2026,ACC0055,The Old Print Works,18.28,EUR,direct_debit,pending
A003887,10/01/2026,ACC0037,The Old Print Works,207.64,gbp,card,settled
A003888,07/03/2026,ACC0079,Northline Freight,4.27,GBP,card,pending
A003889,24/01/2026,ACC0009,Ashvale Clinic,40.42,EUR,card,settled
A003890,04/01/2026,ACC0077,Harrow Sports Club,12.73,USD,bank_transfer,reversed
A003891,18/01/2026,ACC0059,Dhillon & Sons,35.01,GBP,bank_transfer,settled
A003892,26/02/2026,ACC0048,Corner Cafe,180.09,gbp,bank_transfer,settled
A003893,11/02/2026,ACC0072,Dhillon & Sons,61.23,USD,card,failed
A003894,18/02/2026,ACC0031,Petra Logistics,28.27,gbp,card,pending
A003895,21/02/2026,ACC0022,Kite Digital,39.06,EUR,card,pending
A003896,26/03/2026,ACC0038,Dhillon & Sons,23.82,EUR,card,failed
A003897,22/03/2026,ACC0075,"Wembley Tyres, Ltd",37.0,USD,card,settled
A003898,06/03/2026,ACC0016,"Wembley Tyres, Ltd",325.74,GBP,card,settled
A003899,09/02/2026,ACC0083,Dhillon & Sons,55.02,USD,card,settled
A003900,30/01/2026,ACC0065,Sandbrook Utilities,28.57,gbp,card,reversed
A003901,22/01/2026,ACC0113,Northline Freight,261.2,GBP,card,settled
A003902,24/03/2026,ACC0067,Northline Freight,9.04,EUR,card,settled
A003903,02/03/2026,ACC0079,Northline Freight,15.66,EUR,direct_debit,pending
A003904,26/03/2026,ACC0024,Bolt & Screw Ltd,40.6,USD,card,reversed
A003905,15/02/2026,ACC0042,Dhillon & Sons,37.85,EUR,card,settled
A003906,15/01/2026,ACC0072,Bolt & Screw Ltd,51.1,gbp,card,reversed
A003907,01/01/2026,ACC0034,Harrow Sports Club,11.61,USD,card,reversed
A003908,24/02/2026,ACC0024,Petra Logistics,36.91,GBP,card,failed
A003909,23/02/2026,ACC0048,Ashvale Clinic,21.42,USD,card,failed
A003910,13/02/2026,ACC0046,Bolt & Screw Ltd,66.49,GBP,bank_transfer,pending
A003911,19/02/2026,ACC0026,Ashvale Clinic,44.68,USD,card,pending
A003912,14/03/2026,ACC0099,"Wembley Tyres, Ltd",20.85,GBP,card,failed
A003913,25/03/2026,ACC0098,Bolt & Screw Ltd,554.86,EUR,card,settled
A003914,07/03/2026,ACC0072,Harrow Sports Club,108.32,GBP,card,pending
A003915,10/03/2026,ACC0059,"Marlow ""Fine"" Foods",201.86,GBP,bank_transfer,settled
A003916,10/01/2026,ACC0064,Sandbrook Utilities,41.07,USD,bank_transfer,failed
A003917,25/01/2026,ACC0040,Petra Logistics,85.29,GBP,direct_debit,pending
A003918,30/03/2026,ACC0042,Kite Digital,44.79,gbp,direct_debit,settled
A003919,07/03/2026,ACC0088,Bolt & Screw Ltd,1348.64,GBP,bank_transfer,settled
A003920,25/03/2026,ACC0081,Petra Logistics,118.58,GBP,direct_debit,settled
A003921,12/02/2026,ACC0008,Harrow Sports Club,114.71,GBP,direct_debit,settled
A003922,04/01/2026,ACC0014,Harrow Sports Club,132.04,GBP,card,pending
A003923,29/03/2026,ACC0004,Corner Cafe,194.4,gbp,bank_transfer,settled
A003924,12/02/2026,ACC0004,Petra Logistics,10.61,gbp,card,failed
A003925,11/03/2026,ACC0095,"Marlow ""Fine"" Foods",44.09,EUR,bank_transfer,settled
A003926,14/01/2026,ACC0117,Kite Digital,47.97,GBP,card,settled
A003927,04/01/2026,ACC0108,Corner Cafe,55.74,gbp,bank_transfer,pending
A003928,04/03/2026,ACC0084,The Old Print Works,260.52,GBP,direct_debit,settled
A003929,27/01/2026,ACC0078,The Old Print Works,29.38,USD,card,failed
A003930,19/03/2026,ACC0049,Petra Logistics,4.99,GBP,card,pending
A003931,07/03/2026,ACC0077,"Marlow ""Fine"" Foods",7.43,GBP,card,failed
A003932,29/01/2026,ACC0014,Dhillon & Sons,27.28,EUR,card,reversed
A003933,18/02/2026,ACC0077,The Old Print Works,12.41,GBP,card,settled
A003934,14/02/2026,ACC0112,Corner Cafe,47.88,USD,bank_transfer,settled
A002571,18/03/2026,ACC0032,Petra Logistics,223.88,GBP,bank_transfer,settled
A003936,04/01/2026,ACC0031,"Marlow ""Fine"" Foods",256.3,GBP,direct_debit,settled
A003937,06/01/2026,ACC0022,Sandbrook Utilities,179.44,gbp,bank_transfer,settled
A003938,18/03/2026,ACC0075,Sandbrook Utilities,51.02,USD,card,settled
A003939,28/01/2026,ACC0042,The Old Print Works,56.1,GBP,bank_transfer,settled
A003940,29/03/2026,ACC0064,Bolt & Screw Ltd,19.8,GBP,card,settled
A003941,02/06/2026,ACC0073,The Old Print Works,128.16,GBP,card,settled
A003942,17/02/2026,ACC0049,Petra Logistics,15.75,GBP,bank_transfer,settled
A003943,21/01/2026,ACC0087,The Old Print Works,165.96,GBP,card,reversed
A003944,18/03/2026,ACC0052,Bolt & Screw Ltd,8.0,USD,direct_debit,reversed
A003945,29/03/2026,ACC0027,Corner Cafe,14.95,GBP,direct_debit,reversed
A003946,23/03/2026,ACC0051,Ashvale Clinic,44.98,GBP,card,settled
A003947,20/03/2026,ACC0009,Sandbrook Utilities,6.65,GBP,card,reversed
A003948,02/02/2026,ACC0092,Dhillon & Sons,27.53,EUR,card,settled
A003949,09/01/2026,ACC0010,"Wembley Tyres, Ltd",124.9,GBP,card,failed
A003950,28/02/2026,ACC0074,Sandbrook Utilities,34.78,GBP,card,settled
A003951,11/02/2026,ACC0062,Ashvale Clinic,8.31,GBP,card,settled
A003952,25/02/2026,ACC0101,Bolt & Screw Ltd,109.04,GBP,card,failed
A003953,31/03/2026,ACC0025,"Marlow ""Fine"" Foods",191.58,USD,direct_debit,pending
A003954,21/02/2026,ACC0059,Dhillon & Sons,95.03,USD,card,settled
A003955,13/03/2026,ACC0051,Bolt & Screw Ltd,54.78,GBP,bank_transfer,settled
A003956,21/02/2026,ACC0014,"Marlow ""Fine"" Foods",21.14,GBP,direct_debit,settled
A003957,21/02/2026,ACC0054,Ashvale Clinic,-6.99,EUR,card,settled
A003958,16/02/2026,ACC0049,Bolt & Screw Ltd,22.53,EUR,card,settled
A003959,19/01/2026,ACC0018,Petra Logistics,148.98,GBP,direct_debit,failed
A003960,15/01/2026,ACC0079,Corner Cafe,29.98,GBP,card,pending
A003961,01/09/2026,ACC0110,The Old Print Works,119.01,EUR,bank_transfer,pending
A003962,07/03/2026,ACC0066,"Wembley Tyres, Ltd",16.37,EUR,bank_transfer,settled
A003963,19/02/2026,ACC0081,Kite Digital,509.72,GBP,bank_transfer,settled
A003964,11/01/2026,ACC0108,Ashvale Clinic,44.29,GBP,card,pending
A003965,03/02/2026,ACC0015,Harrow Sports Club,130.95,USD,card,settled
A003966,09/02/2026,ACC0108,Corner Cafe,26.93,GBP,card,settled
A003967,11/02/2026,ACC0017,Dhillon & Sons,45.87,USD,card,pending
A003968,23/01/2026,ACC0110,Bolt & Screw Ltd,160.99,gbp,card,reversed
A003969,10/03/2026,ACC0039,Northline Freight,49.91,GBP,card,settled
A003970,23/02/2026,ACC0110,Northline Freight,466.0,gbp,card,failed
A003971,12/02/2026,ACC0117,Corner Cafe,28.45,EUR,bank_transfer,failed
A003972,01/03/2026,ACC0067,Petra Logistics,30.2,GBP,card,pending
A003973,18/01/2026,ACC0071,"Wembley Tyres, Ltd",102.4,GBP,direct_debit,settled
A003974,12/01/2026,ACC0099,Corner Cafe,99.52,GBP,card,settled
A003975,20/02/2026,ACC0010,Northline Freight,38.51,gbp,bank_transfer,reversed
A003976,11/01/2026,ACC0026,Bolt & Screw Ltd,832.02,EUR,bank_transfer,settled
A003977,05/02/2026,ACC0008,Northline Freight,143.29,USD,card,pending
A003978,27/02/2026,ACC0034,Bolt & Screw Ltd,147.28,GBP,direct_debit,settled
A003979,03/01/2026,ACC0020,"Wembley Tyres, Ltd",16.99,GBP,bank_transfer,settled
A003980,19/03/2026,ACC0022,Northline Freight,23.45,EUR,card,settled
A003981,05/02/2026,ACC0029,Bolt & Screw Ltd,3.34,GBP,direct_debit,failed
A003982,22/03/2026,ACC0113,Petra Logistics,83.23,GBP,direct_debit,pending
A003983,20/01/2026,ACC0047,"Wembley Tyres, Ltd",106.89,GBP,direct_debit,pending
A003984,26/01/2026,ACC0007,Bolt & Screw Ltd,91.27,EUR,bank_transfer,failed
A003985,24/01/2026,ACC0101,Bolt & Screw Ltd,454.63,gbp,bank_transfer,settled
A003986,17/01/2026,ACC0108,"Marlow ""Fine"" Foods",80.13,gbp,card,settled
A003987,06/01/2026,ACC0012,The Old Print Works,31.53,gbp,direct_debit,reversed
A003988,23/01/2026,ACC0100,Sandbrook Utilities,52.76,USD,card,reversed
A003989,03/03/2026,ACC0078,Sandbrook Utilities,24.82,GBP,card,pending
A003990,31/03/2026,ACC0089,Northline Freight,71.53,GBP,card,settled
A003991,03/02/2026,ACC0056,Dhillon & Sons,71.46,USD,card,settled
A003992,11/03/2026,ACC0101,"Marlow ""Fine"" Foods",69.02,EUR,direct_debit,reversed
A003993,22/02/2026,ACC0068,Bolt & Screw Ltd,228.97,USD,direct_debit,settled
A003994,01/01/2026,ACC0016,Kite Digital,54.02,GBP,bank_transfer,settled
A003995,12/06/2026,ACC0030,Ashvale Clinic,74.84,EUR,card,pending
A003996,09/03/2026,ACC0101,"Marlow ""Fine"" Foods",68.85,EUR,card,pending
A003997,04/07/2026,ACC0100,"Marlow ""Fine"" Foods",29.33,gbp,direct_debit,settled
A003998,02/03/2026,ACC0081,Dhillon & Sons,72.39,GBP,direct_debit,failed
A003999,09/04/2026,ACC0052,"Marlow ""Fine"" Foods",43.91,GBP,card,reversed
A004000,02/11/2026,ACC0067,Bolt & Screw Ltd,58.99,GBP,card,pending
A004001,17/01/2026,ACC0097,"Wembley Tyres, Ltd",318.08,EUR,card,settled
A004002,07/03/2026,ACC0092,"Marlow ""Fine"" Foods",15.91,USD,card,reversed
A004003,07/01/2026,ACC0098,Northline Freight,59.49,GBP,bank_transfer,pending
A004004,20/01/2026,ACC0047,Harrow Sports Club,94.18,EUR,bank_transfer,settled
A004005,11/02/2026,ACC0118,Corner Cafe,77.73,gbp,card,settled
A004006,06/02/2026,ACC0092,Dhillon & Sons,175.52,GBP,card,reversed
A004007,22/03/2026,ACC0099,Dhillon & Sons,32.86,USD,card,pending
A004008,26/03/2026,ACC0105,The Old Print Works,66.91,GBP,card,failed
A004009,12/02/2026,ACC0014,Harrow Sports Club,26.96,gbp,card,settled
A004010,07/12/2026,ACC0016,Kite Digital,29.19,EUR,card,settled
A004011,24/01/2026,ACC0110,Dhillon & Sons,99.79,GBP,card,failed
A004012,12/01/2026,ACC0106,The Old Print Works,15.21,USD,card,reversed
A004013,24/02/2026,ACC0099,Harrow Sports Club,35.02,gbp,card,settled
A004014,25/02/2026,ACC0095,Kite Digital,162.82,GBP,card,settled
A004015,10/02/2026,ACC0008,Petra Logistics,184.65,EUR,direct_debit,settled
A004016,21/02/2026,ACC0052,Kite Digital,180.81,USD,card,pending
A004017,14/03/2026,ACC0070,Dhillon & Sons,54.42,USD,direct_debit,failed
A004018,21/02/2026,ACC0051,Corner Cafe,17.54,GBP,card,settled
A004019,08/01/2026,ACC0024,Sandbrook Utilities,186.74,USD,card,settled
A004020,27/03/2026,ACC0029,Bolt & Screw Ltd,14.43,EUR,card,reversed
A004021,14/01/2026,ACC0067,Dhillon & Sons,156.76,GBP,card,failed
A004022,01/03/2026,ACC0015,Bolt & Screw Ltd,95.43,EUR,card,settled
A004023,03/03/2026,ACC0024,"Marlow ""Fine"" Foods",9.96,GBP,card,reversed
A004024,23/03/2026,ACC0033,Harrow Sports Club,14.46,GBP,card,settled
A004025,30/03/2026,ACC0008,Petra Logistics,72.57,EUR,direct_debit,pending
A004026,15/02/2026,ACC0027,Northline Freight,65.86,EUR,card,failed
A004027,21/03/2026,ACC0117,Corner Cafe,58.94,GBP,card,settled
A004028,08/02/2026,ACC0089,Ashvale Clinic,163.05,USD,card,failed
A004029,19/01/2026,ACC0101,"Marlow ""Fine"" Foods",28.04,GBP,bank_transfer,settled
A004030,29/01/2026,ACC0103,Sandbrook Utilities,29.77,GBP,card,settled
A004031,21/03/2026,ACC0063,Petra Logistics,214.03,gbp,card,settled
A004032,24/01/2026,ACC0104,Ashvale Clinic,30.77,GBP,card,settled
A004033,03/02/2026,ACC0021,Bolt & Screw Ltd,40.48,GBP,card,settled
A004034,05/03/2026,ACC0110,Sandbrook Utilities,20.98,USD,card,failed
A004035,08/03/2026,ACC0056,Sandbrook Utilities,69.09,GBP,card,reversed
A004036,12/02/2026,ACC0057,"Marlow ""Fine"" Foods",80.28,GBP,card,settled
A004037,09/02/2026,ACC0082,Sandbrook Utilities,90.26,GBP,card,reversed
A004038,02/01/2026,ACC0046,Northline Freight,27.87,gbp,card,reversed
A004039,02/01/2026,ACC0007,"Marlow ""Fine"" Foods",133.45,GBP,card,pending
A004040,06/02/2026,ACC0083,Ashvale Clinic,133.18,gbp,card,reversed
A004041,11/02/2026,ACC0034,The Old Print Works,207.88,USD,bank_transfer,settled
A004042,15/02/2026,ACC0020,Dhillon & Sons,178.77,USD,card,settled
A004043,21/03/2026,ACC0004,Harrow Sports Club,50.5,GBP,card,reversed
A004044,16/03/2026,ACC0037,Corner Cafe,9.4,GBP,bank_transfer,settled
A004045,04/01/2026,ACC0032,Sandbrook Utilities,33.17,GBP,card,pending
A004046,19/03/2026,ACC0098,"Marlow ""Fine"" Foods",17.99,USD,bank_transfer,settled
A004047,05/02/2026,ACC0118,Corner Cafe,31.92,GBP,direct_debit,settled
A004048,25/01/2026,ACC0085,Corner Cafe,450.34,GBP,direct_debit,failed
A004049,02/02/2026,ACC0069,Harrow Sports Club,6.0,GBP,card,failed
A004050,06/03/2026,ACC0072,Petra Logistics,8.41,USD,bank_transfer,settled
A004051,01/03/2026,ACC0011,"Marlow ""Fine"" Foods",34.87,GBP,card,settled
A004052,14/02/2026,ACC0082,Northline Freight,88.08,GBP,bank_transfer,pending
A004053,27/02/2026,ACC0098,Harrow Sports Club,36.26,gbp,bank_transfer,reversed
A004054,11/01/2026,ACC0081,Corner Cafe,11.54,GBP,direct_debit,reversed
A004055,07/03/2026,ACC0023,Sandbrook Utilities,25.41,EUR,bank_transfer,pending
A004056,27/03/2026,ACC0077,Ashvale Clinic,126.22,GBP,bank_transfer,settled
A004057,17/02/2026,ACC0067,"Wembley Tyres, Ltd",32.04,GBP,card,failed
A004058,06/01/2026,ACC0108,Petra Logistics,31.93,GBP,direct_debit,settled
A004059,24/02/2026,ACC0101,Petra Logistics,19.81,GBP,bank_transfer,settled
A004060,18/02/2026,ACC0080,Sandbrook Utilities,38.51,EUR,card,failed
A004061,06/03/2026,ACC0018,The Old Print Works,15.05,GBP,card,reversed
A004062,22/02/2026,ACC0042,Sandbrook Utilities,174.18,EUR,direct_debit,failed
A004063,02/03/2026,ACC0019,Sandbrook Utilities,28.67,gbp,bank_transfer,settled
A004064,09/02/2026,ACC0010,"Wembley Tyres, Ltd",12.76,GBP,bank_transfer,settled
A004065,23/03/2026,ACC0101,Dhillon & Sons,6.18,GBP,card,settled
A004066,19/02/2026,ACC0049,Sandbrook Utilities,105.85,USD,direct_debit,pending
A004067,14/01/2026,ACC0114,Harrow Sports Club,329.76,gbp,bank_transfer,settled
A004068,10/03/2026,ACC0068,Dhillon & Sons,330.9,gbp,direct_debit,pending
A004069,20/03/2026,ACC0112,"Marlow ""Fine"" Foods",869.69,GBP,direct_debit,settled
A004070,01/01/2026,ACC0053,Harrow Sports Club,143.45,gbp,card,pending
A004071,24/01/2026,ACC0068,"Wembley Tyres, Ltd",128.12,GBP,card,settled
A004072,31/03/2026,ACC0032,The Old Print Works,15.31,GBP,card,settled
A004073,12/01/2026,ACC0039,Bolt & Screw Ltd,23.9,GBP,card,settled
A004074,10/02/2026,ACC0107,Kite Digital,45.16,EUR,card,pending
A004075,28/01/2026,ACC0056,Northline Freight,20.71,EUR,direct_debit,failed
A004076,19/01/2026,ACC0111,Kite Digital,1726.28,GBP,card,failed
A004077,21/03/2026,ACC0054,Kite Digital,124.85,GBP,direct_debit,settled
A004078,23/03/2026,ACC0092,Dhillon & Sons,216.12,GBP,bank_transfer,pending
A004079,21/01/2026,ACC0073,Dhillon & Sons,133.5,gbp,card,pending
A004080,26/02/2026,ACC0081,"Wembley Tyres, Ltd",23.56,gbp,card,settled
A004081,27/03/2026,ACC0043,Ashvale Clinic,7.23,GBP,card,reversed
A004082,16/02/2026,ACC0024,"Wembley Tyres, Ltd",133.57,gbp,direct_debit,pending
A004083,15/01/2026,ACC0119,"Wembley Tyres, Ltd",81.09,USD,card,settled
A004084,14/03/2026,ACC0055,"Marlow ""Fine"" Foods",34.02,GBP,bank_transfer,reversed
A004085,30/01/2026,ACC0059,Sandbrook Utilities,743.95,EUR,card,reversed
A004086,26/03/2026,ACC0120,The Old Print Works,13.42,GBP,direct_debit,reversed
A004087,26/02/2026,ACC0060,The Old Print Works,17.44,GBP,card,settled
A004088,18/03/2026,ACC0054,Kite Digital,17.33,USD,direct_debit,settled
A004089,24/03/2026,ACC0041,"Wembley Tyres, Ltd",23.69,USD,card,settled
A004090,26/01/2026,ACC0028,Harrow Sports Club,8.99,EUR,card,settled
A004091,28/01/2026,ACC0115,Sandbrook Utilities,32.48,GBP,bank_transfer,reversed
A004092,09/01/2026,ACC0071,"Marlow ""Fine"" Foods",30.99,EUR,direct_debit,settled
A004093,02/10/2026,ACC0094,Sandbrook Utilities,60.19,gbp,card,settled
A004094,16/02/2026,ACC0104,"Marlow ""Fine"" Foods",49.74,USD,card,settled
A004095,28/02/2026,ACC0025,The Old Print Works,379.98,USD,card,failed
A004096,12/03/2026,ACC0111,The Old Print Works,45.19,EUR,bank_transfer,failed
A004097,27/03/2026,ACC0105,Harrow Sports Club,17.17,USD,direct_debit,settled
A004098,24/01/2026,ACC0087,Harrow Sports Club,337.2,USD,card,reversed
A004099,01/03/2026,ACC0116,Corner Cafe,45.48,EUR,card,settled
A004100,04/01/2026,ACC0094,Dhillon & Sons,7.11,EUR,card,pending
A004101,12/03/2026,ACC0006,Dhillon & Sons,160.8,GBP,card,settled
A004102,08/01/2026,ACC0087,Northline Freight,15.21,GBP,card,failed
A004103,04/01/2026,ACC0106,Petra Logistics,9.3,EUR,bank_transfer,settled
A004104,01/08/2026,ACC0085,"Marlow ""Fine"" Foods",96.26,EUR,bank_transfer,reversed
A004105,08/09/2026,ACC0071,Sandbrook Utilities,87.32,GBP,card,settled
A004106,04/03/2026,ACC0048,Northline Freight,541.91,USD,card,settled
A004107,21/01/2026,ACC0077,Petra Logistics,21.31,GBP,direct_debit,settled
A004108,07/03/2026,ACC0068,Kite Digital,141.94,GBP,card,settled
A004109,04/01/2026,ACC0062,Dhillon & Sons,42.43,GBP,card,settled
A004110,17/03/2026,ACC0015,Harrow Sports Club,60.35,USD,direct_debit,reversed
A004111,05/01/2026,ACC0027,Corner Cafe,585.3,GBP,card,settled
A004112,20/03/2026,ACC0040,Northline Freight,51.96,gbp,card,reversed
A004113,15/02/2026,ACC0095,Petra Logistics,25.75,GBP,bank_transfer,pending
A004114,17/02/2026,ACC0119,Corner Cafe,19.49,GBP,direct_debit,pending
A004115,30/01/2026,ACC0111,Petra Logistics,21.77,GBP,direct_debit,settled
A004116,05/03/2026,ACC0018,Harrow Sports Club,11.24,GBP,card,pending
A004117,09/01/2026,ACC0101,Harrow Sports Club,148.72,GBP,card,reversed
A004118,21/01/2026,ACC0070,Dhillon & Sons,268.63,GBP,card,settled
A004119,26/01/2026,ACC0009,"Wembley Tyres, Ltd",144.63,GBP,card,settled
A004120,14/02/2026,ACC0014,"Wembley Tyres, Ltd",13.56,gbp,card,settled
A004121,06/02/2026,ACC0042,Kite Digital,95.86,gbp,card,settled
A004122,20/01/2026,ACC0056,Corner Cafe,17.5,GBP,direct_debit,settled
A004123,23/02/2026,ACC0009,Sandbrook Utilities,53.76,GBP,card,settled
A004124,06/03/2026,ACC0011,Bolt & Screw Ltd,28.22,GBP,card,failed
A004125,07/01/2026,ACC0044,Petra Logistics,238.01,GBP,bank_transfer,settled
A004126,29/01/2026,ACC0082,Kite Digital,69.84,EUR,card,reversed
A004127,05/01/2026,ACC0107,Bolt & Screw Ltd,7.22,gbp,card,reversed
A004128,21/03/2026,ACC0035,Harrow Sports Club,527.55,USD,direct_debit,failed
A004129,20/02/2026,ACC0021,Ashvale Clinic,362.95,GBP,card,failed
A004130,09/02/2026,ACC0005,Bolt & Screw Ltd,184.44,EUR,card,pending
A004131,29/01/2026,ACC0094,Bolt & Screw Ltd,33.02,GBP,card,pending
A004132,10/03/2026,ACC0051,Harrow Sports Club,90.89,gbp,card,settled
A004133,13/01/2026,ACC0082,"Marlow ""Fine"" Foods",139.5,EUR,card,settled
A004134,29/01/2026,ACC0002,The Old Print Works,384.67,GBP,card,settled
A004135,06/03/2026,ACC0014,Dhillon & Sons,23.23,GBP,bank_transfer,pending
A004136,07/03/2026,ACC0103,Corner Cafe,19.65,EUR,card,failed
A004137,12/01/2026,ACC0113,Northline Freight,3.76,GBP,bank_transfer,reversed
A004138,05/03/2026,ACC0044,Bolt & Screw Ltd,15.47,GBP,direct_debit,pending
A004139,30/03/2026,ACC0072,Dhillon & Sons,113.6,GBP,direct_debit,pending
A004140,04/03/2026,ACC0020,Dhillon & Sons,24.38,USD,bank_transfer,pending
A004141,16/03/2026,ACC0012,Harrow Sports Club,136.66,GBP,card,failed
A004142,15/01/2026,ACC0013,Petra Logistics,57.47,GBP,bank_transfer,settled
A004143,10/01/2026,ACC0108,"Wembley Tyres, Ltd",17.61,GBP,card,settled
A004144,01/01/2026,ACC0113,Kite Digital,108.07,GBP,card,pending
A002229,04/04/2026,ACC0107,Dhillon & Sons,134.95,GBP,card,failed
A004146,26/03/2026,ACC0050,"Marlow ""Fine"" Foods",27.82,EUR,card,settled
A004147,09/03/2026,ACC0012,The Old Print Works,36.9,EUR,direct_debit,failed
A004148,22/01/2026,ACC0092,"Marlow ""Fine"" Foods",191.64,gbp,card,reversed
A004149,29/03/2026,ACC0063,Petra Logistics,176.38,GBP,card,settled
A004150,05/02/2026,ACC0063,"Wembley Tyres, Ltd",129.59,gbp,card,reversed
A004151,03/03/2026,ACC0063,Kite Digital,62.96,GBP,card,settled
A004152,30/03/2026,ACC0075,Ashvale Clinic,66.86,GBP,bank_transfer,settled
A004153,29/03/2026,ACC0036,Ashvale Clinic,39.2,GBP,card,settled
A004154,22/03/2026,ACC0008,Northline Freight,49.63,GBP,direct_debit,settled
A004155,20/02/2026,ACC0078,Kite Digital,51.89,GBP,card,failed
A004156,05/03/2026,ACC0034,Sandbrook Utilities,21.44,EUR,bank_transfer,reversed
A004157,15/03/2026,ACC0112,"Wembley Tyres, Ltd",4.26,gbp,card,settled
A004158,02/01/2026,ACC0006,Northline Freight,79.44,GBP,direct_debit,reversed
A004159,16/01/2026,ACC0074,Kite Digital,25.23,gbp,card,settled
A004160,27/01/2026,ACC0045,Petra Logistics,9.46,GBP,card,reversed
A004161,30/01/2026,ACC0097,Kite Digital,239.27,USD,card,reversed
A004162,08/01/2026,ACC0058,Corner Cafe,24.92,GBP,card,settled
A004163,08/02/2026,ACC0061,Kite Digital,70.13,USD,bank_transfer,pending
A004164,28/01/2026,ACC0027,The Old Print Works,16.63,GBP,card,settled
A004165,15/01/2026,ACC0047,Corner Cafe,5.51,EUR,card,pending
A004166,10/01/2026,ACC0021,Northline Freight,9.31,GBP,card,pending
A004167,04/02/2026,ACC0105,Ashvale Clinic,43.15,USD,card,settled
A004168,20/01/2026,ACC0040,Ashvale Clinic,43.64,GBP,card,settled
A004169,22/02/2026,ACC0020,Petra Logistics,102.49,EUR,direct_debit,settled
A004170,06/01/2026,ACC0011,Dhillon & Sons,1.26,gbp,card,settled
A004171,25/02/2026,ACC0047,Corner Cafe,156.9,EUR,card,settled
A004172,22/02/2026,ACC0042,"Wembley Tyres, Ltd",34.52,gbp,card,pending
A004173,13/01/2026,ACC0119,Petra Logistics,21.92,GBP,card,settled
A004174,01/03/2026,ACC0037,Corner Cafe,122.64,GBP,card,failed
A004175,15/01/2026,ACC0070,Ashvale Clinic,33.52,GBP,card,settled
A004176,27/02/2026,ACC0039,The Old Print Works,25.91,gbp,card,settled
A004177,15/02/2026,ACC0068,Harrow Sports Club,10.27,USD,direct_debit,settled
A004178,27/02/2026,ACC0047,Ashvale Clinic,56.57,EUR,bank_transfer,pending
A004179,06/01/2026,ACC0087,"Marlow ""Fine"" Foods",26.19,GBP,card,failed
A004180,31/03/2026,ACC0096,Sandbrook Utilities,175.37,GBP,card,settled
A004181,30/01/2026,ACC0033,Bolt & Screw Ltd,14.34,GBP,card,pending
A004182,21/03/2026,ACC0120,The Old Print Works,56.14,gbp,card,settled
A004183,14/03/2026,ACC0059,The Old Print Works,,GBP,card,settled
A004184,30/03/2026,ACC0049,The Old Print Works,79.74,GBP,bank_transfer,settled
A004185,09/02/2026,ACC0049,Harrow Sports Club,565.56,GBP,direct_debit,settled
A004186,20/03/2026,ACC0002,Corner Cafe,28.66,GBP,direct_debit,reversed
A004187,30/01/2026,ACC0022,Dhillon & Sons,61.42,EUR,direct_debit,pending
A004188,18/02/2026,ACC0107,The Old Print Works,72.03,USD,card,settled
A004189,15/01/2026,ACC0021,Kite Digital,528.48,gbp,card,reversed
A004190,03/02/2026,ACC0082,Northline Freight,634.58,GBP,card,failed
A004191,03/01/2026,ACC0050,Northline Freight,1971.98,GBP,card,reversed
A004192,24/03/2026,ACC0089,Kite Digital,124.03,EUR,direct_debit,settled
A004193,17/01/2026,ACC0022,Sandbrook Utilities,844.0,EUR,bank_transfer,settled
A004194,27/03/2026,ACC0044,Kite Digital,7.34,gbp,card,failed
A004195,17/02/2026,ACC0103,Northline Freight,132.67,GBP,card,failed
A004196,08/01/2026,ACC0105,"Marlow ""Fine"" Foods",29.81,GBP,card,pending
A004197,10/03/2026,ACC0029,"Wembley Tyres, Ltd",133.39,gbp,card,pending
A004198,27/03/2026,ACC0115,Dhillon & Sons,113.17,GBP,card,settled
A004199,14/02/2026,ACC0105,Harrow Sports Club,56.09,gbp,direct_debit,settled
A004200,18/02/2026,ACC0006,Northline Freight,57.43,GBP,card,settled
A004201,06/11/2026,ACC0109,Bolt & Screw Ltd,6.35,EUR,direct_debit,settled
A004202,09/03/2026,ACC0015,Corner Cafe,13.82,USD,bank_transfer,failed
A004203,18/03/2026,ACC0043,Bolt & Screw Ltd,17.1,gbp,direct_debit,failed
A004204,24/03/2026,ACC0079,"Wembley Tyres, Ltd",15.23,gbp,card,pending
A004205,27/01/2026,ACC0090,Corner Cafe,144.78,GBP,card,settled
A004206,15/03/2026,ACC0023,Sandbrook Utilities,101.09,gbp,card,settled
A004207,08/03/2026,ACC0097,Northline Freight,41.95,USD,card,settled
A004208,29/03/2026,ACC0062,The Old Print Works,185.57,EUR,direct_debit,settled
A004209,03/07/2026,ACC0025,The Old Print Works,39.74,EUR,card,pending
A004210,13/02/2026,ACC0048,"Wembley Tyres, Ltd",17.58,EUR,bank_transfer,reversed
A004211,09/01/2026,ACC0116,Northline Freight,41.87,EUR,direct_debit,settled
A004212,11/02/2026,ACC0102,Northline Freight,20.3,GBP,direct_debit,settled
A004213,28/02/2026,  ACC0081 ,Petra Logistics,78.15,GBP,card,failed
A004214,05/03/2026,ACC0073,Northline Freight,28.14,GBP,card,settled
A004215,20/01/2026,ACC0104,"Marlow ""Fine"" Foods",26.85,USD,card,failed
A004216,23/02/2026,ACC0004,Petra Logistics,210.0,GBP,card,settled
A004217,04/02/2026,ACC0013,Petra Logistics,15.45,EUR,card,reversed
A004218,07/01/2026,ACC0039,The Old Print Works,12.23,USD,card,settled
A004219,15/02/2026,ACC0041,Corner Cafe,,GBP,card,settled
A004220,06/06/2026,ACC0031,Harrow Sports Club,18.83,GBP,bank_transfer,reversed
A004221,24/01/2026,ACC0108,Bolt & Screw Ltd,67.0,GBP,bank_transfer,reversed
A004222,13/01/2026,ACC0072,Corner Cafe,29.61,gbp,card,settled
A004223,05/03/2026,ACC0079,Kite Digital,23.64,gbp,direct_debit,settled
A004224,25/02/2026,ACC0071,Ashvale Clinic,40.47,EUR,card,reversed
A004225,03/03/2026,ACC0098,Sandbrook Utilities,34.62,EUR,card,settled
A004226,29/01/2026,ACC0051,"Marlow ""Fine"" Foods",107.72,GBP,card,failed
A004227,28/02/2026,ACC0032,Dhillon & Sons,12.43,GBP,card,failed
A004228,11/03/2026,ACC0087,Petra Logistics,42.31,GBP,card,reversed
A004229,06/02/2026,ACC0073,Bolt & Screw Ltd,45.09,GBP,card,pending
A004230,03/03/2026,ACC0118,"Marlow ""Fine"" Foods",13.26,GBP,bank_transfer,settled
A004231,26/03/2026,ACC0023,Ashvale Clinic,133.0,gbp,card,settled
A004232,21/02/2026,ACC0087,Harrow Sports Club,7.66,GBP,card,pending
A004233,29/01/2026,ACC0095,Ashvale Clinic,457.53,GBP,bank_transfer,failed
A004234,19/03/2026,ACC0113,Dhillon & Sons,37.46,GBP,bank_transfer,failed
A004235,06/03/2026,ACC0074,Kite Digital,254.27,USD,card,settled
A004236,08/02/2026,ACC0075,Bolt & Screw Ltd,76.68,EUR,card,pending
A004237,12/01/2026,ACC0112,Kite Digital,44.09,GBP,card,failed
A004238,02/12/2026,ACC0116,Ashvale Clinic,11.1,gbp,direct_debit,settled
A004239,24/01/2026,ACC0015,Bolt & Screw Ltd,10.87,gbp,card,pending
A004240,31/01/2026,ACC0006,Northline Freight,74.0,GBP,card,settled
A004241,19/03/2026,ACC0115,"Marlow ""Fine"" Foods",10.38,USD,bank_transfer,settled
A004242,09/02/2026,ACC0034,Sandbrook Utilities,27.2,GBP,direct_debit,settled
A004243,21/02/2026,ACC0109,Corner Cafe,12.11,GBP,direct_debit,settled
A004244,02/01/2026,ACC0035,"Wembley Tyres, Ltd",359.66,GBP,direct_debit,settled
A004245,23/02/2026,ACC0048,Dhillon & Sons,148.82,EUR,card,pending
A004246,07/01/2026,ACC0010,"Wembley Tyres, Ltd",16.18,EUR,direct_debit,failed
A004247,29/03/2026,ACC0016,Corner Cafe,17.27,EUR,card,settled
A004248,16/01/2026,ACC0113,The Old Print Works,69.9,GBP,card,pending
A004249,09/01/2026,ACC0083,Bolt & Screw Ltd,39.48,GBP,card,reversed
A004250,13/02/2026,ACC0077,Dhillon & Sons,53.09,GBP,card,failed
A004251,09/03/2026,ACC0105,Corner Cafe,76.41,gbp,bank_transfer,settled
A004252,09/01/2026,ACC0081,Kite Digital,117.64,EUR,card,failed
A004253,31/03/2026,ACC0096,Harrow Sports Club,25.24,gbp,card,reversed
A004254,08/03/2026,ACC0069,Corner Cafe,16.25,GBP,direct_debit,settled
A004255,19/02/2026,ACC0025,Northline Freight,91.71,GBP,card,settled
A004256,31/03/2026,ACC0065,Northline Freight,73.03,GBP,direct_debit,settled
A004257,28/03/2026,ACC0012,"Marlow ""Fine"" Foods",-483.81,GBP,card,settled
A004258,09/03/2026,ACC0038,Northline Freight,184.61,GBP,card,failed
A004259,28/02/2026,ACC0093,Petra Logistics,21.17,GBP,card,failed
A004260,07/02/2026,ACC0056,Sandbrook Utilities,48.94,GBP,card,failed
A004261,12/02/2026,ACC0096,Harrow Sports Club,57.03,USD,card,settled
A004262,17/03/2026,ACC0094,Kite Digital,9.86,GBP,bank_transfer,settled
A004263,24/01/2026,ACC0011,Northline Freight,12.55,GBP,card,pending
A004264,26/01/2026,ACC0108,Harrow Sports Club,23.61,EUR,card,failed
A004265,27/02/2026,ACC0092,Bolt & Screw Ltd,62.0,gbp,card,failed
A004266,12/01/2026,ACC0007,Dhillon & Sons,22.26,USD,direct_debit,settled
A004267,21/02/2026,ACC0052,Northline Freight,11.7,gbp,direct_debit,settled
A004268,03/03/2026,ACC0116,Sandbrook Utilities,11.48,USD,card,failed
A004269,11/02/2026,ACC0114,Bolt & Screw Ltd,36.49,EUR,card,settled
A004270,16/03/2026,ACC0083,"Marlow ""Fine"" Foods",50.91,EUR,bank_transfer,settled
A004271,12/11/2026,ACC0008,Petra Logistics,42.15,EUR,card,settled
A004272,02/01/2026,ACC0093,Harrow Sports Club,426.52,USD,card,settled
A004273,16/02/2026,ACC0043,Corner Cafe,21.17,GBP,card,pending
A004274,01/03/2026,ACC0063,Harrow Sports Club,26.14,EUR,bank_transfer,reversed
A004275,28/03/2026,ACC0087,Kite Digital,219.76,gbp,bank_transfer,failed
A004276,12/05/2026,ACC0015,Northline Freight,73.4,gbp,bank_transfer,pending
A004277,11/12/2026,ACC0074,Harrow Sports Club,30.21,GBP,card,settled
A004278,21/03/2026,ACC0040,"Wembley Tyres, Ltd",620.97,EUR,card,pending
A004279,16/01/2026,ACC0098,Ashvale Clinic,178.19,GBP,card,settled
A004280,14/01/2026,ACC0106,Harrow Sports Club,237.95,GBP,card,reversed
A004281,11/02/2026,ACC0119,Bolt & Screw Ltd,14.02,gbp,card,reversed
A004282,24/01/2026,ACC0057,Kite Digital,145.48,GBP,card,settled
A004283,07/02/2026,ACC0075,Bolt & Screw Ltd,15.21,USD,bank_transfer,reversed
A004284,03/05/2026,ACC0020,Kite Digital,55.04,EUR,card,settled
A004285,25/02/2026,ACC0060,Corner Cafe,14.78,GBP,card,settled
A004286,03/01/2026,ACC0035,Ashvale Clinic,18.27,GBP,card,failed
A004287,15/01/2026,ACC0092,Ashvale Clinic,53.06,GBP,direct_debit,reversed
A004288,25/02/2026,ACC0114,Sandbrook Utilities,14.8,EUR,card,pending
A004289,20/02/2026,ACC0086,Kite Digital,213.66,GBP,card,failed
A004290,02/03/2026,ACC0004,Dhillon & Sons,133.75,gbp,card,settled
A004291,25/01/2026,ACC0061,Bolt & Screw Ltd,24.55,GBP,card,pending
A004292,10/03/2026,ACC0104,Northline Freight,40.46,EUR,card,failed
A004293,04/01/2026,ACC0049,Ashvale Clinic,8.01,GBP,card,settled
A004294,15/02/2026,ACC0095,Ashvale Clinic,93.8,EUR,bank_transfer,pending
A004295,15/01/2026,ACC0026,"Marlow ""Fine"" Foods",13.77,GBP,card,settled
A004296,16/01/2026,ACC0058,Petra Logistics,74.03,GBP,card,settled
A004297,12/01/2026,ACC0090,Bolt & Screw Ltd,58.71,USD,bank_transfer,reversed
A004298,18/03/2026,ACC0091,Ashvale Clinic,13.54,USD,card,settled
A004299,15/02/2026,ACC0061,The Old Print Works,39.76,USD,card,settled
A004300,03/01/2026,ACC0081,Northline Freight,102.11,GBP,card,settled
A004301,29/01/2026,ACC0035,The Old Print Works,117.26,GBP,card,reversed
A004302,16/02/2026,ACC0077,Kite Digital,48.6,gbp,card,settled
A004303,10/02/2026,ACC0073,Northline Freight,37.81,GBP,direct_debit,failed
A004304,26/02/2026,ACC0102,"Wembley Tyres, Ltd",,GBP,card,pending
A004305,05/03/2026,ACC0006,Harrow Sports Club,50.08,gbp,card,failed
A004306,09/03/2026,ACC0061,Northline Freight,67.39,gbp,direct_debit,settled
A004307,30/03/2026,ACC0072,Northline Freight,44.39,gbp,card,settled
A004308,20/03/2026,ACC0079,"Marlow ""Fine"" Foods",57.76,gbp,card,failed
A004309,24/01/2026,ACC0115,Corner Cafe,46.65,USD,card,reversed
A004310,15/02/2026,ACC0074,Corner Cafe,24.31,gbp,card,settled
A004311,07/02/2026,ACC0019,Bolt & Screw Ltd,45.02,GBP,card,reversed
A004312,10/01/2026,ACC0009,Corner Cafe,513.33,USD,direct_debit,settled
A004313,25/03/2026,ACC0105,Northline Freight,34.83,GBP,card,settled
A004314,06/01/2026,ACC0068,The Old Print Works,86.34,GBP,card,pending
A004315,24/03/2026,ACC0005,Ashvale Clinic,28.42,EUR,direct_debit,failed
A004316,04/03/2026,ACC0022,"Marlow ""Fine"" Foods",42.85,USD,card,failed
A004317,13/01/2026,ACC0083,Ashvale Clinic,69.64,GBP,card,pending
A004318,03/03/2026,ACC0062,Sandbrook Utilities,12.03,GBP,card,pending
A004319,30/03/2026,ACC0067,Corner Cafe,184.81,GBP,direct_debit,settled
A004320,25/01/2026,ACC0077,Sandbrook Utilities,33.11,gbp,direct_debit,settled
A004321,06/03/2026,ACC0037,Petra Logistics,60.38,EUR,direct_debit,settled
A004322,03/02/2026,ACC0020,"Wembley Tyres, Ltd",32.16,GBP,card,settled
A004323,07/01/2026,ACC0107,The Old Print Works,48.64,GBP,direct_debit,settled
A004324,31/03/2026,ACC0072,Ashvale Clinic,33.1,USD,card,failed
A004325,31/03/2026,ACC0019,Sandbrook Utilities,71.09,gbp,bank_transfer,reversed
A004326,01/03/2026,ACC0089,Bolt & Screw Ltd,390.72,GBP,direct_debit,pending
A004327,28/03/2026,ACC0014,The Old Print Works,79.82,USD,direct_debit,settled
A004328,24/01/2026,ACC0009,The Old Print Works,49.22,GBP,direct_debit,reversed
A004329,03/02/2026,ACC0099,Harrow Sports Club,27.11,GBP,direct_debit,failed
A004330,23/01/2026,ACC0112,Bolt & Screw Ltd,18.91,GBP,card,pending
A004331,05/03/2026,ACC0029,"Marlow ""Fine"" Foods",44.91,GBP,direct_debit,settled
A004332,12/03/2026,ACC0072,Northline Freight,55.48,GBP,direct_debit,failed
A004333,19/03/2026,ACC0052,Bolt & Screw Ltd,65.4,GBP,direct_debit,settled
A004334,13/03/2026,ACC0025,"Marlow ""Fine"" Foods",14.32,USD,direct_debit,pending
A004335,20/03/2026,ACC0020,Sandbrook Utilities,12.93,GBP,card,settled
A004336,09/03/2026,ACC0085,The Old Print Works,-63.45,GBP,bank_transfer,settled
A004337,15/02/2026,ACC0109,Corner Cafe,40.33,GBP,direct_debit,pending
A004338,10/01/2026,ACC0002,"Wembley Tyres, Ltd",57.8,GBP,card,failed
A004339,23/01/2026,ACC0072,Harrow Sports Club,193.47,EUR,card,settled
A004340,01/04/2026,ACC0081,Harrow Sports Club,72.76,GBP,bank_transfer,settled
A004341,25/02/2026,ACC0020,Petra Logistics,31.66,GBP,card,settled
A004342,01/02/2026,ACC0111,Ashvale Clinic,112.56,GBP,direct_debit,settled
A004343,29/01/2026,ACC0018,Dhillon & Sons,73.65,GBP,card,settled
A004344,18/01/2026,ACC0086,"Marlow ""Fine"" Foods",281.93,EUR,card,failed
A004345,26/02/2026,ACC0079,The Old Print Works,165.65,GBP,card,settled
A004346,18/03/2026,ACC0113,Ashvale Clinic,26.06,GBP,card,settled
A004347,15/03/2026,ACC0080,Dhillon & Sons,505.97,GBP,card,settled
A004348,19/01/2026,ACC0022,Ashvale Clinic,295.56,GBP,card,settled
A004349,24/01/2026,ACC0108,Kite Digital,152.7,gbp,card,settled
A004350,12/03/2026,ACC0105,Corner Cafe,24.8,GBP,direct_debit,settled
A004351,19/01/2026,ACC0017,The Old Print Works,43.69,GBP,direct_debit,reversed
A004352,07/01/2026,ACC0064,Dhillon & Sons,8.06,GBP,direct_debit,settled
A004353,14/02/2026,ACC0065,Corner Cafe,21.95,GBP,card,failed
A004354,09/03/2026,ACC0044,Northline Freight,1879.39,gbp,bank_transfer,failed
A004355,04/03/2026,ACC0049,Sandbrook Utilities,7.5,USD,card,settled
A004356,13/02/2026,ACC0078,"Marlow ""Fine"" Foods",15.85,GBP,card,settled
A004357,08/03/2026,ACC0068,Sandbrook Utilities,151.93,GBP,card,settled
A004358,02/01/2026,ACC0063,Bolt & Screw Ltd,97.53,USD,card,pending
A004359,22/02/2026,ACC0111,Corner Cafe,665.67,GBP,card,pending
A004360,08/02/2026,ACC0058,Corner Cafe,10.74,GBP,card,settled
A004361,09/03/2026,ACC0045,Harrow Sports Club,18.02,GBP,bank_transfer,settled
A004362,19/02/2026,ACC0003,Bolt & Screw Ltd,143.68,GBP,card,settled
A004363,09/02/2026,ACC0071,Bolt & Screw Ltd,33.96,GBP,direct_debit,pending
A004364,04/01/2026,ACC0102,Northline Freight,97.94,GBP,direct_debit,pending
A004365,06/02/2026,ACC0037,Dhillon & Sons,43.16,gbp,direct_debit,settled
A004366,04/01/2026,ACC0051,The Old Print Works,26.22,EUR,card,reversed
A004367,13/01/2026,ACC0071,"Marlow ""Fine"" Foods",71.95,USD,card,settled
A004368,06/03/2026,ACC0116,Dhillon & Sons,81.13,GBP,card,settled
A004369,01/01/2026,ACC0077,Ashvale Clinic,113.59,USD,direct_debit,failed
A004370,29/03/2026,ACC0012,Kite Digital,335.26,GBP,card,reversed
A004371,27/01/2026,ACC0111,Dhillon & Sons,14.86,GBP,direct_debit,settled
A004372,07/01/2026,ACC0054,The Old Print Works,43.77,GBP,direct_debit,failed
A004373,27/02/2026,ACC0048,Harrow Sports Club,12.83,gbp,card,settled
A004374,28/02/2026,ACC0073,Kite Digital,46.14,GBP,card,pending
A004375,20/01/2026,ACC0081,"Marlow ""Fine"" Foods",177.87,gbp,direct_debit,settled
A004376,20/01/2026,ACC0118,Corner Cafe,477.75,GBP,card,settled
A004377,20/03/2026,ACC0081,Harrow Sports Club,12.86,EUR,card,reversed
A004378,24/03/2026,ACC0013,Northline Freight,99.65,GBP,direct_debit,reversed
A004379,06/01/2026,ACC0098,Kite Digital,130.49,GBP,direct_debit,failed
A004380,07/01/2026,ACC0118,Ashvale Clinic,20.72,GBP,card,settled
A004381,30/01/2026,ACC0041,Corner Cafe,35.9,USD,card,reversed
A004382,21/03/2026,ACC0091,The Old Print Works,516.47,USD,card,settled
A004383,16/02/2026,ACC0019,Bolt & Screw Ltd,769.09,USD,direct_debit,reversed
A004384,04/03/2026,ACC0078,"Wembley Tyres, Ltd",33.57,GBP,card,pending
A004385,08/03/2026,ACC0031,Petra Logistics,55.8,GBP,card,reversed
A004386,27/01/2026,ACC0002,Petra Logistics,24.57,GBP,card,reversed
A004387,27/03/2026,ACC0074,Dhillon & Sons,13.77,EUR,card,settled
A004388,31/01/2026,ACC0090,Petra Logistics,2.75,GBP,card,reversed
A004389,10/03/2026,ACC0006,Sandbrook Utilities,69.73,GBP,card,failed
A004390,23/02/2026,ACC0034,Bolt & Screw Ltd,32.89,USD,direct_debit,failed
A004391,09/02/2026,ACC0031,Dhillon & Sons,60.45,GBP,direct_debit,failed
A004392,21/01/2026,ACC0035,Corner Cafe,22.36,GBP,card,settled
A004393,04/02/2026,ACC0120,Petra Logistics,,gbp,card,failed
A004394,19/02/2026,ACC0044,Northline Freight,65.54,GBP,card,settled
A004395,14/01/2026,ACC0016,"Wembley Tyres, Ltd",19.99,GBP,direct_debit,failed
A004396,16/02/2026,ACC0013,Harrow Sports Club,17.49,USD,card,settled
A004397,10/03/2026,ACC0047,Northline Freight,243.21,GBP,card,reversed
A004398,07/03/2026,ACC0030,The Old Print Works,23.39,GBP,card,reversed
A004399,21/03/2026,ACC0099,Ashvale Clinic,35.89,USD,card,settled
A004400,12/02/2026,ACC0085,Ashvale Clinic,84.59,USD,card,reversed
A004401,04/01/2026,ACC0018,"Wembley Tyres, Ltd",40.79,USD,bank_transfer,failed
A004402,12/03/2026,ACC0037,Dhillon & Sons,348.08,GBP,direct_debit,settled
A004403,16/01/2026,ACC0016,"Marlow ""Fine"" Foods",22.01,GBP,card,pending
A004404,20/02/2026,ACC0113,Harrow Sports Club,7.7,gbp,card,pending
A004405,05/11/2026,ACC0086,Northline Freight,317.03,GBP,bank_transfer,pending
A004406,25/02/2026,ACC0046,"Marlow ""Fine"" Foods",74.78,GBP,card,reversed
A004407,02/01/2026,ACC0034,Corner Cafe,86.75,EUR,bank_transfer,failed
A004408,22/03/2026,ACC0114,Bolt & Screw Ltd,22.35,GBP,bank_transfer,settled
A004409,27/01/2026,ACC0080,Corner Cafe,14.98,GBP,card,settled
A004410,27/01/2026,ACC0026,Petra Logistics,46.89,gbp,bank_transfer,pending
A004411,11/01/2026,ACC0065,"Wembley Tyres, Ltd",256.7,gbp,card,settled
A004412,28/01/2026,ACC0070,Northline Freight,16.02,GBP,bank_transfer,failed
A004413,24/02/2026,ACC0118,"Marlow ""Fine"" Foods",139.09,gbp,direct_debit,pending
A004414,16/01/2026,ACC0071,Sandbrook Utilities,90.82,GBP,bank_transfer,settled
A004415,09/01/2026,ACC0114,The Old Print Works,26.21,gbp,direct_debit,settled
A004416,28/02/2026,ACC0083,Harrow Sports Club,46.99,GBP,card,failed
A004417,05/01/2026,ACC0007,Dhillon & Sons,134.4,gbp,card,failed
A004418,23/03/2026,ACC0059,Ashvale Clinic,5.97,gbp,card,pending
A004419,26/01/2026,ACC0069,Sandbrook Utilities,29.28,GBP,direct_debit,pending
A004420,07/01/2026,ACC0026,Corner Cafe,464.03,GBP,card,settled
A004421,18/03/2026,ACC0054,The Old Print Works,13.42,GBP,card,settled
A004422,17/01/2026,ACC0055,Sandbrook Utilities,47.05,GBP,card,reversed
A004423,26/02/2026,ACC0016,Harrow Sports Club,260.19,GBP,card,reversed
A004424,23/03/2026,ACC0030,Dhillon & Sons,120.21,GBP,card,pending
A004425,16/01/2026,ACC0046,Ashvale Clinic,105.33,EUR,card,settled
A004426,03/03/2026,ACC0020,Petra Logistics,29.1,gbp,card,reversed
A004427,13/02/2026,ACC0028,Kite Digital,155.98,USD,bank_transfer,reversed
A004428,17/02/2026,ACC0118,Corner Cafe,142.93,EUR,bank_transfer,settled
A004429,05/03/2026,ACC0096,Harrow Sports Club,53.06,EUR,bank_transfer,pending
A004430,03/01/2026,ACC0077,Bolt & Screw Ltd,26.15,GBP,bank_transfer,reversed
A004431,26/02/2026,ACC0025,Northline Freight,39.03,GBP,card,failed
A004432,15/03/2026,ACC0009,"Marlow ""Fine"" Foods",25.44,EUR,card,settled
A004433,03/03/2026,ACC0107,Bolt & Screw Ltd,119.45,GBP,card,pending
A004434,22/03/2026,ACC0040,Ashvale Clinic,103.09,USD,direct_debit,reversed
A004435,10/03/2026,ACC0012,Bolt & Screw Ltd,209.03,USD,direct_debit,pending
A004436,15/03/2026,ACC0021,Harrow Sports Club,58.96,USD,card,settled
A004437,13/03/2026,ACC0067,Corner Cafe,19.93,USD,card,reversed
A004438,25/02/2026,ACC0016,Ashvale Clinic,79.48,EUR,direct_debit,pending
A004439,05/02/2026,ACC0084,Corner Cafe,78.39,USD,bank_transfer,settled
A004440,13/01/2026,ACC0097,Petra Logistics,221.28,GBP,card,settled
A004441,08/01/2026,ACC0080,The Old Print Works,219.94,GBP,bank_transfer,failed
A004442,20/01/2026,ACC0033,Sandbrook Utilities,24.25,GBP,card,reversed
A004443,03/03/2026,ACC0016,Harrow Sports Club,10.51,GBP,card,settled
A004444,05/01/2026,ACC0081,Dhillon & Sons,184.42,GBP,card,settled
A004445,16/01/2026,ACC0104,Sandbrook Utilities,39.66,GBP,direct_debit,pending
A004446,15/03/2026,ACC0015,Northline Freight,11.27,gbp,card,pending
A004447,09/02/2026,ACC0069,Harrow Sports Club,106.35,USD,bank_transfer,settled
A004448,24/01/2026,ACC0084,Kite Digital,21.53,GBP,card,pending
A004449,17/02/2026,ACC0094,"Wembley Tyres, Ltd",64.51,USD,bank_transfer,settled
A004450,16/01/2026,ACC0076,Corner Cafe,112.45,USD,card,failed
A004451,03/01/2026,ACC0073,Dhillon & Sons,165.63,GBP,bank_transfer,reversed
A004452,01/02/2026,ACC0107,Corner Cafe,57.03,EUR,card,failed
A004453,02/01/2026,ACC0061,"Wembley Tyres, Ltd",56.14,GBP,direct_debit,failed
A004454,06/02/2026,ACC0044,Northline Freight,54.96,GBP,card,failed
A004455,23/02/2026,ACC0111,Corner Cafe,27.09,gbp,bank_transfer,failed
A004456,27/02/2026,ACC0073,Harrow Sports Club,7.88,EUR,card,settled
A004457,08/03/2026,ACC0120,Bolt & Screw Ltd,16.06,GBP,card,reversed
A004458,08/02/2026,ACC0070,Harrow Sports Club,88.29,USD,card,settled
A004459,12/02/2026,ACC0089,"Marlow ""Fine"" Foods",46.4,USD,direct_debit,reversed
A004460,02/03/2026,ACC0070,Ashvale Clinic,46.12,GBP,bank_transfer,pending
A004461,04/01/2026,ACC0078,Northline Freight,44.79,gbp,card,failed
A004462,26/03/2026,ACC0079,Harrow Sports Club,127.68,GBP,card,pending
A004463,17/03/2026,ACC0076,Corner Cafe,51.42,GBP,card,failed
A004464,14/03/2026,ACC0056,Corner Cafe,33.34,GBP,direct_debit,settled
A004465,24/03/2026,ACC0026,"Wembley Tyres, Ltd",47.82,EUR,card,pending
A004466,17/03/2026,ACC0119,Ashvale Clinic,14.08,GBP,direct_debit,settled
A004467,08/02/2026,ACC0065,Ashvale Clinic,69.3,USD,card,settled
A004468,19/02/2026,ACC0116,"Marlow ""Fine"" Foods",24.94,GBP,bank_transfer,settled
A004469,02/03/2026,ACC0060,Northline Freight,14.01,EUR,card,settled
A004470,27/02/2026,ACC0081,Harrow Sports Club,148.77,GBP,card,settled
A004471,19/02/2026,ACC0045,Ashvale Clinic,146.26,GBP,card,failed
A004472,19/02/2026,ACC0070,Dhillon & Sons,3752.88,USD,card,settled
A004473,27/01/2026,ACC0114,Bolt & Screw Ltd,48.73,EUR,card,settled
A004474,30/01/2026,ACC0118,Sandbrook Utilities,760.4,USD,bank_transfer,reversed
A004475,07/02/2026,ACC0028,Harrow Sports Club,7.61,GBP,card,settled
A004476,10/02/2026,ACC0043,Northline Freight,95.83,EUR,bank_transfer,settled
A004477,06/02/2026,ACC0088,Bolt & Screw Ltd,44.21,GBP,bank_transfer,reversed
A004478,15/02/2026,ACC0116,Dhillon & Sons,38.48,EUR,direct_debit,failed
A004479,03/02/2026,ACC0033,Petra Logistics,11.98,GBP,card,settled
A004480,24/01/2026,ACC0061,Corner Cafe,16.63,USD,card,settled
A004481,25/03/2026,ACC0115,Sandbrook Utilities,7.75,EUR,direct_debit,reversed
A004482,24/01/2026,ACC0058,Sandbrook Utilities,247.44,GBP,bank_transfer,reversed
A004483,02/03/2026,ACC0038,Dhillon & Sons,60.03,GBP,card,failed
A004484,28/02/2026,ACC0088,Bolt & Screw Ltd,140.29,GBP,bank_transfer,settled
A004485,31/03/2026,ACC0021,Dhillon & Sons,62.3,gbp,direct_debit,pending
A004486,01/03/2026,ACC0012,Sandbrook Utilities,77.49,EUR,direct_debit,settled
A004487,07/03/2026,ACC0067,Petra Logistics,34.85,USD,card,reversed
A004488,11/03/2026,ACC0015,Corner Cafe,137.72,GBP,direct_debit,failed
A004489,07/03/2026,ACC0001,Petra Logistics,14.84,EUR,direct_debit,settled
A004490,22/01/2026,ACC0079,Dhillon & Sons,113.23,gbp,direct_debit,pending
A004491,17/02/2026,ACC0026,Kite Digital,397.04,GBP,card,settled
A004492,08/02/2026,ACC0107,Harrow Sports Club,70.57,GBP,card,settled
A004493,08/01/2026,ACC0049,Kite Digital,32.98,GBP,card,settled
A004494,14/03/2026,ACC0082,Ashvale Clinic,91.12,gbp,card,settled
A004495,11/01/2026,ACC0115,Kite Digital,9.07,EUR,card,failed
A004496,11/03/2026,ACC0002,"Marlow ""Fine"" Foods",47.14,GBP,card,failed
A004497,07/08/2026,ACC0066,Ashvale Clinic,6.34,EUR,direct_debit,reversed
A004498,20/01/2026,ACC0081,Corner Cafe,259.7,USD,card,pending
A004499,06/10/2026,ACC0049,Kite Digital,17.73,GBP,card,reversed
A004500,16/01/2026,ACC0114,Corner Cafe,10.86,GBP,card,failed
A004501,20/03/2026,ACC0105,Petra Logistics,5.56,GBP,bank_transfer,failed
A004502,01/02/2026,ACC0070,"Wembley Tyres, Ltd",24.88,GBP,card,failed
A004503,16/01/2026,ACC0031,"Marlow ""Fine"" Foods",75.13,GBP,card,failed
A004504,10/02/2026,ACC0112,Sandbrook Utilities,127.42,GBP,card,settled
A004505,25/02/2026,ACC0100,Sandbrook Utilities,300.04,EUR,direct_debit,failed
A004506,29/03/2026,ACC0059,Northline Freight,199.79,GBP,card,settled
A004507,27/02/2026,ACC0062,Kite Digital,9.8,GBP,card,failed
A004508,13/01/2026,ACC0111,Dhillon & Sons,15.47,GBP,card,settled
A004509,16/01/2026,ACC0086,"Marlow ""Fine"" Foods",134.01,GBP,card,settled
A004510,18/01/2026,ACC0077,Northline Freight,30.2,EUR,direct_debit,settled
A004511,05/03/2026,  ACC0026 ,Corner Cafe,36.19,GBP,card,settled
A004512,05/11/2026,ACC0011,Harrow Sports Club,65.8,GBP,card,settled
A004513,31/03/2026,ACC0108,"Wembley Tyres, Ltd",153.18,gbp,card,reversed
A004514,15/01/2026,ACC0037,"Marlow ""Fine"" Foods",13.26,EUR,card,settled
A004515,23/01/2026,ACC0085,Petra Logistics,31.29,GBP,card,settled
A004516,22/02/2026,ACC0013,Northline Freight,287.03,GBP,bank_transfer,settled
A004517,04/06/2026,ACC0082,Kite Digital,26.59,GBP,card,settled
A004518,05/02/2026,ACC0055,Northline Freight,42.06,GBP,card,settled
A004519,16/01/2026,ACC0120,The Old Print Works,47.23,GBP,card,settled
A004520,06/03/2026,ACC0109,Corner Cafe,190.41,gbp,card,settled
A004521,12/01/2026,ACC0035,Sandbrook Utilities,16.9,USD,card,reversed
A004522,30/03/2026,ACC0115,Petra Logistics,,EUR,card,settled
A004523,13/02/2026,ACC0105,Sandbrook Utilities,121.09,EUR,direct_debit,pending
A004524,03/01/2026,ACC0112,Kite Digital,204.15,gbp,bank_transfer,settled
A004525,19/01/2026,ACC0104,Petra Logistics,112.23,gbp,bank_transfer,settled
A004526,08/03/2026,ACC0107,Ashvale Clinic,35.66,GBP,card,reversed
A004527,01/03/2026,ACC0068,Dhillon & Sons,30.41,GBP,card,pending
A004528,15/02/2026,ACC0034,"Wembley Tyres, Ltd",74.19,GBP,card,settled
A004529,10/02/2026,ACC0061,"Marlow ""Fine"" Foods",190.84,GBP,direct_debit,settled
A004530,31/03/2026,ACC0077,Petra Logistics,98.03,gbp,direct_debit,pending
A004531,12/03/2026,ACC0064,Petra Logistics,159.64,GBP,direct_debit,settled
A004532,25/01/2026,ACC0045,Dhillon & Sons,24.53,GBP,card,reversed
A004533,31/01/2026,ACC0079,Corner Cafe,109.7,GBP,card,pending
A004534,18/03/2026,ACC0085,Kite Digital,53.8,GBP,direct_debit,settled
A004535,01/04/2026,ACC0096,Dhillon & Sons,7.51,gbp,card,settled
A004536,22/02/2026,ACC0098,Corner Cafe,232.11,gbp,bank_transfer,settled
A004537,07/03/2026,ACC0023,Dhillon & Sons,24.01,gbp,card,pending
A004538,08/01/2026,ACC0073,Bolt & Screw Ltd,37.55,EUR,card,settled
A004539,01/05/2026,ACC0087,Dhillon & Sons,14.78,EUR,bank_transfer,pending
A004540,29/03/2026,ACC0092,Northline Freight,36.51,USD,card,pending
A004541,09/02/2026,ACC0044,Dhillon & Sons,43.66,EUR,bank_transfer,failed
A004542,03/02/2026,ACC0007,Dhillon & Sons,51.29,GBP,bank_transfer,settled
A004543,03/02/2026,ACC0030,"Wembley Tyres, Ltd",37.33,GBP,bank_transfer,reversed
A004544,09/03/2026,ACC0020,Kite Digital,13.34,EUR,bank_transfer,reversed
A004545,05/02/2026,ACC0051,Bolt & Screw Ltd,109.07,GBP,direct_debit,failed
A004546,30/03/2026,ACC0092,Corner Cafe,16.05,gbp,card,settled
A004547,24/01/2026,ACC0092,"Wembley Tyres, Ltd",167.55,gbp,card,pending
A004548,20/01/2026,ACC0048,Kite Digital,134.02,GBP,direct_debit,settled
A004549,25/02/2026,ACC0089,"Marlow ""Fine"" Foods",153.39,gbp,card,reversed
A004550,22/02/2026,ACC0043,Dhillon & Sons,43.03,USD,card,settled
A004551,26/03/2026,ACC0087,Petra Logistics,15.87,GBP,card,settled
A004552,10/10/2026,ACC0049,Bolt & Screw Ltd,18.36,gbp,bank_transfer,settled
A004553,31/03/2026,ACC0118,"Marlow ""Fine"" Foods",74.72,USD,bank_transfer,settled
A004554,27/02/2026,ACC0095,The Old Print Works,303.72,GBP,card,settled
A004555,05/02/2026,ACC0029,Kite Digital,30.95,GBP,card,settled
A004556,20/01/2026,ACC0089,Petra Logistics,82.44,GBP,card,failed
A004557,06/02/2026,  ACC0039 ,Dhillon & Sons,7.65,GBP,card,settled
A004558,05/01/2026,ACC0066,The Old Print Works,208.9,EUR,direct_debit,reversed
A004559,27/02/2026,ACC0008,Harrow Sports Club,11.22,EUR,direct_debit,settled
A004560,15/03/2026,ACC0051,Ashvale Clinic,67.39,GBP,direct_debit,settled
A004561,04/03/2026,ACC0052,Dhillon & Sons,255.3,GBP,card,pending
A004562,28/01/2026,ACC0110,Sandbrook Utilities,170.02,GBP,direct_debit,settled
A004563,10/01/2026,ACC0117,Ashvale Clinic,90.39,gbp,bank_transfer,failed
A004564,02/08/2026,ACC0117,Harrow Sports Club,51.13,GBP,card,settled
A004565,18/03/2026,ACC0084,The Old Print Works,55.79,GBP,card,pending
A004566,08/01/2026,ACC0095,Bolt & Screw Ltd,77.28,GBP,card,settled
A004567,06/03/2026,ACC0057,Harrow Sports Club,90.37,GBP,direct_debit,pending
A004568,31/03/2026,ACC0110,Dhillon & Sons,43.89,GBP,card,failed
A004569,10/01/2026,ACC0022,Bolt & Screw Ltd,76.42,GBP,card,pending
A004570,06/03/2026,ACC0005,Harrow Sports Club,140.88,EUR,direct_debit,failed
A004571,25/02/2026,ACC0084,"Wembley Tyres, Ltd",26.7,USD,card,settled
A004572,16/03/2026,ACC0097,Corner Cafe,166.78,GBP,card,failed
A004573,15/03/2026,ACC0071,Sandbrook Utilities,93.78,USD,card,settled
A004574,19/02/2026,ACC0093,Sandbrook Utilities,78.2,EUR,bank_transfer,settled
A004575,05/01/2026,ACC0080,Bolt & Screw Ltd,112.74,gbp,card,failed
A004576,09/01/2026,ACC0049,Corner Cafe,6.38,GBP,bank_transfer,reversed
A004577,28/03/2026,ACC0021,Northline Freight,37.81,gbp,card,settled
A004578,06/01/2026,ACC0028,Sandbrook Utilities,12.81,GBP,direct_debit,failed
A004579,13/03/2026,ACC0032,Bolt & Screw Ltd,217.12,GBP,card,settled
A004580,25/01/2026,ACC0081,Corner Cafe,149.39,GBP,direct_debit,pending
A004581,15/01/2026,ACC0100,Corner Cafe,221.47,EUR,card,pending
A004582,09/03/2026,ACC0036,Bolt & Screw Ltd,37.81,GBP,card,settled
A004583,20/02/2026,ACC0113,"Marlow ""Fine"" Foods",119.76,USD,card,pending
A004584,21/02/2026,ACC0023,Dhillon & Sons,31.81,GBP,card,settled
A004585,09/03/2026,ACC0051,"Marlow ""Fine"" Foods",77.93,gbp,card,settled
A004586,03/02/2026,ACC0067,Petra Logistics,50.86,GBP,card,pending
A004587,21/01/2026,ACC0043,Sandbrook Utilities,149.16,EUR,direct_debit,settled
A004588,25/02/2026,ACC0033,The Old Print Works,361.18,USD,card,reversed
A004589,30/03/2026,ACC0111,Bolt & Screw Ltd,30.47,EUR,card,pending
A004590,11/03/2026,ACC0090,Bolt & Screw Ltd,401.36,EUR,card,settled
A004591,24/01/2026,ACC0046,Northline Freight,67.52,GBP,card,settled
A004592,10/03/2026,ACC0110,"Marlow ""Fine"" Foods",10.24,gbp,card,settled
A004593,11/01/2026,ACC0052,Sandbrook Utilities,375.31,GBP,card,reversed
A004594,11/01/2026,ACC0108,The Old Print Works,123.78,gbp,card,settled
A004595,26/01/2026,ACC0032,Bolt & Screw Ltd,17.58,GBP,card,settled
A004596,05/02/2026,ACC0074,"Wembley Tyres, Ltd",47.23,gbp,bank_transfer,failed
A004597,28/01/2026,ACC0066,"Marlow ""Fine"" Foods",24.52,GBP,direct_debit,pending
A004598,27/01/2026,ACC0021,Bolt & Screw Ltd,63.03,gbp,direct_debit,settled
A004599,03/01/2026,ACC0035,"Marlow ""Fine"" Foods",48.54,USD,bank_transfer,settled
A001645,24/01/2026,ACC0031,Bolt & Screw Ltd,12.6,GBP,direct_debit,settled
A004601,14/01/2026,ACC0029,Dhillon & Sons,165.95,USD,card,settled
A004602,01/01/2026,ACC0104,Northline Freight,49.4,GBP,card,settled
A004603,26/03/2026,  ACC0041 ,Petra Logistics,11.2,gbp,bank_transfer,pending
A004604,19/01/2026,ACC0120,Harrow Sports Club,46.12,gbp,direct_debit,settled
A004605,16/02/2026,ACC0024,Corner Cafe,74.02,GBP,direct_debit,pending
A004606,26/02/2026,ACC0089,Harrow Sports Club,125.73,gbp,direct_debit,settled
A004607,14/03/2026,ACC0103,Petra Logistics,8.69,GBP,card,settled
A004608,28/01/2026,ACC0103,Sandbrook Utilities,39.81,USD,card,failed
A004609,11/01/2026,ACC0089,Petra Logistics,6.64,GBP,card,settled
A004610,20/01/2026,ACC0064,"Marlow ""Fine"" Foods",32.1,USD,card,settled
A004611,03/03/2026,ACC0095,Petra Logistics,53.08,EUR,bank_transfer,reversed
A004612,08/07/2026,ACC0064,Petra Logistics,817.85,USD,card,settled
A004613,17/02/2026,ACC0028,Corner Cafe,451.67,EUR,card,reversed
A004614,07/01/2026,ACC0069,Ashvale Clinic,226.21,GBP,bank_transfer,settled
A004615,24/02/2026,ACC0086,Bolt & Screw Ltd,,GBP,direct_debit,reversed
A004616,05/08/2026,ACC0054,Sandbrook Utilities,11.55,GBP,direct_debit,settled
A004617,05/03/2026,ACC0062,Sandbrook Utilities,20.18,GBP,bank_transfer,settled
A004618,11/03/2026,ACC0037,Sandbrook Utilities,232.61,EUR,bank_transfer,settled
A004619,26/03/2026,ACC0039,"Wembley Tyres, Ltd",28.09,GBP,card,pending
A004620,26/03/2026,ACC0001,Bolt & Screw Ltd,71.55,GBP,bank_transfer,settled
A004621,17/01/2026,ACC0112,"Wembley Tyres, Ltd",269.26,GBP,card,pending
A004622,06/01/2026,ACC0036,"Wembley Tyres, Ltd",28.26,gbp,bank_transfer,settled
A004623,24/01/2026,ACC0120,Northline Freight,29.04,GBP,card,reversed
A004624,16/03/2026,ACC0118,Ashvale Clinic,37.47,gbp,bank_transfer,pending
A004625,09/03/2026,ACC0041,Harrow Sports Club,8.27,USD,direct_debit,settled
A004626,15/02/2026,ACC0080,Corner Cafe,278.51,GBP,direct_debit,settled
A004627,17/02/2026,ACC0020,"Wembley Tyres, Ltd",175.62,gbp,bank_transfer,settled
A004628,06/02/2026,ACC0033,Dhillon & Sons,45.07,GBP,card,settled
A004629,05/03/2026,ACC0017,Petra Logistics,52.96,GBP,card,settled
A004630,30/03/2026,ACC0088,Ashvale Clinic,15.74,GBP,card,settled
A004631,15/03/2026,ACC0100,Northline Freight,128.92,GBP,direct_debit,settled
A004632,18/02/2026,ACC0107,"Wembley Tyres, Ltd",84.16,GBP,bank_transfer,settled
A004633,16/03/2026,ACC0074,Corner Cafe,149.67,GBP,card,settled
A004634,18/03/2026,ACC0080,"Wembley Tyres, Ltd",121.87,GBP,card,settled
A004635,09/02/2026,ACC0073,"Wembley Tyres, Ltd",47.18,GBP,card,failed
A004636,11/01/2026,ACC0049,Sandbrook Utilities,629.57,gbp,direct_debit,failed
A004637,07/02/2026,ACC0076,Petra Logistics,28.29,GBP,bank_transfer,settled
A004638,04/05/2026,ACC0032,Ashvale Clinic,30.4,GBP,bank_transfer,pending
A004639,16/01/2026,ACC0087,"Wembley Tyres, Ltd",7.04,GBP,bank_transfer,pending
A004640,08/02/2026,ACC0026,Bolt & Screw Ltd,33.2,GBP,card,reversed
A004641,09/03/2026,ACC0018,The Old Print Works,27.34,gbp,direct_debit,settled
A004642,03/04/2026,ACC0109,Harrow Sports Club,98.71,GBP,bank_transfer,settled
A004643,21/02/2026,ACC0055,Kite Digital,3.29,GBP,direct_debit,failed
A004644,24/02/2026,ACC0025,Sandbrook Utilities,35.76,EUR,card,failed
A004645,24/03/2026,ACC0062,Northline Freight,26.79,gbp,direct_debit,pending
A004646,19/03/2026,ACC0082,"Marlow ""Fine"" Foods",55.74,GBP,card,settled
A004647,10/02/2026,ACC0040,Ashvale Clinic,48.08,USD,card,failed
A004648,04/10/2026,ACC0030,The Old Print Works,271.53,GBP,card,reversed
A004649,25/02/2026,ACC0018,Corner Cafe,39.27,USD,card,failed
A004650,23/01/2026,ACC0039,Corner Cafe,8.65,GBP,card,failed
A004651,03/01/2026,ACC0024,Corner Cafe,92.76,EUR,bank_transfer,failed
A004652,25/01/2026,ACC0033,Dhillon & Sons,100.46,GBP,card,failed
A004653,25/01/2026,ACC0092,Corner Cafe,481.5,EUR,direct_debit,reversed
A004654,12/03/2026,ACC0003,Petra Logistics,29.22,gbp,card,reversed
A004655,10/03/2026,ACC0010,"Wembley Tyres, Ltd",58.92,EUR,card,reversed
A004656,17/02/2026,ACC0058,Kite Digital,57.44,GBP,direct_debit,pending
A004657,21/02/2026,ACC0081,Petra Logistics,29.84,GBP,direct_debit,reversed
A004658,25/03/2026,ACC0095,Harrow Sports Club,206.16,USD,card,reversed
A004659,09/01/2026,ACC0093,Dhillon & Sons,187.92,gbp,bank_transfer,reversed
A004660,07/01/2026,ACC0031,Northline Freight,22.18,EUR,bank_transfer,failed
A004661,09/01/2026,ACC0025,Kite Digital,45.1,EUR,bank_transfer,reversed
A004662,25/02/2026,ACC0007,Northline Freight,80.03,GBP,card,failed
A004663,13/02/2026,ACC0077,Dhillon & Sons,19.14,GBP,card,settled
A004664,18/03/2026,ACC0016,"Wembley Tyres, Ltd",131.41,EUR,direct_debit,settled
A004665,27/03/2026,ACC0021,Harrow Sports Club,12.59,USD,card,failed
A004666,16/01/2026,ACC0085,Dhillon & Sons,522.03,GBP,card,failed
A004667,02/02/2026,ACC0056,Kite Digital,308.23,GBP,card,failed
A004668,26/01/2026,ACC0090,Dhillon & Sons,30.52,GBP,card,settled
A004669,07/01/2026,ACC0099,"Wembley Tyres, Ltd",83.27,gbp,bank_transfer,settled
A004670,11/01/2026,ACC0004,Kite Digital,56.04,EUR,card,reversed
A004671,05/01/2026,ACC0085,Harrow Sports Club,68.59,USD,card,reversed
A004672,07/03/2026,ACC0083,Harrow Sports Club,80.7,GBP,card,settled
A004673,25/03/2026,ACC0025,Bolt & Screw Ltd,10.97,GBP,card,reversed
A004674,05/03/2026,ACC0004,"Wembley Tyres, Ltd",27.09,gbp,card,settled
A004675,19/01/2026,ACC0102,Petra Logistics,4.97,GBP,card,settled
A004676,22/01/2026,ACC0052,Corner Cafe,50.2,GBP,card,failed
A004677,02/06/2026,ACC0027,Dhillon & Sons,22.88,gbp,bank_transfer,reversed
A004678,16/02/2026,ACC0033,Harrow Sports Club,56.38,gbp,bank_transfer,settled
A004679,14/03/2026,ACC0068,Northline Freight,182.12,GBP,direct_debit,reversed
A004680,07/01/2026,ACC0012,Kite Digital,123.31,EUR,bank_transfer,settled
A004681,21/02/2026,ACC0038,Sandbrook Utilities,8.81,USD,card,pending
A004682,05/03/2026,ACC0009,Corner Cafe,37.31,EUR,card,settled
A004683,09/02/2026,ACC0090,Petra Logistics,24.89,gbp,card,settled
A004684,26/01/2026,ACC0022,Ashvale Clinic,45.24,GBP,direct_debit,settled
A004685,26/03/2026,ACC0047,Dhillon & Sons,24.7,EUR,card,reversed
A004686,05/03/2026,ACC0057,Petra Logistics,426.57,USD,card,settled
A004687,10/02/2026,ACC0039,Harrow Sports Club,24.92,GBP,card,settled
A004688,19/02/2026,ACC0049,Corner Cafe,35.69,GBP,card,reversed
A004689,14/03/2026,ACC0076,Harrow Sports Club,61.26,EUR,bank_transfer,pending
A004690,18/03/2026,ACC0078,Petra Logistics,37.8,GBP,card,settled
A004691,08/01/2026,ACC0066,Petra Logistics,86.72,EUR,direct_debit,failed
A004692,10/01/2026,ACC0120,Corner Cafe,146.91,GBP,card,settled
A004693,22/01/2026,ACC0063,Corner Cafe,213.39,GBP,card,settled
A004694,17/01/2026,ACC0087,"Wembley Tyres, Ltd",100.8,GBP,card,settled
A004695,27/03/2026,ACC0098,"Marlow ""Fine"" Foods",177.85,EUR,card,settled
A004696,01/04/2026,ACC0029,The Old Print Works,29.23,GBP,card,reversed
A004697,14/01/2026,ACC0075,Corner Cafe,50.0,GBP,card,failed
A004698,09/02/2026,ACC0098,Bolt & Screw Ltd,47.49,GBP,card,settled
A004699,16/01/2026,ACC0023,Dhillon & Sons,124.28,USD,card,settled
A004700,03/01/2026,ACC0025,The Old Print Works,30.59,GBP,card,pending
A004701,01/02/2026,ACC0005,Sandbrook Utilities,32.01,GBP,direct_debit,reversed
A004702,31/01/2026,ACC0059,Dhillon & Sons,185.17,USD,card,reversed
A004703,19/01/2026,ACC0041,Harrow Sports Club,17.75,gbp,card,pending
A004704,13/02/2026,ACC0021,Ashvale Clinic,62.36,GBP,card,settled
A004705,02/01/2026,ACC0059,The Old Print Works,55.65,GBP,card,reversed
A004706,01/02/2026,ACC0065,Kite Digital,357.55,GBP,direct_debit,pending
A004707,31/01/2026,ACC0112,Kite Digital,112.27,gbp,bank_transfer,pending
A004708,12/01/2026,ACC0064,The Old Print Works,57.22,GBP,card,failed
A004709,19/01/2026,ACC0046,"Wembley Tyres, Ltd",91.71,GBP,card,failed
A004710,15/03/2026,ACC0004,Harrow Sports Club,27.06,USD,bank_transfer,settled
A004711,26/01/2026,ACC0101,"Wembley Tyres, Ltd",9.35,EUR,card,reversed
A004712,31/03/2026,ACC0081,The Old Print Works,25.57,GBP,card,settled
A004713,08/03/2026,ACC0026,Bolt & Screw Ltd,65.02,GBP,bank_transfer,settled
A004714,27/03/2026,ACC0068,Ashvale Clinic,10.36,GBP,card,pending
A004715,08/03/2026,ACC0098,"Marlow ""Fine"" Foods",46.15,USD,bank_transfer,pending
A004716,07/03/2026,ACC0098,Kite Digital,44.63,GBP,card,settled
A004717,16/01/2026,ACC0015,Bolt & Screw Ltd,29.15,GBP,card,pending
A004718,02/03/2026,ACC0024,"Wembley Tyres, Ltd",1711.48,USD,card,pending
A004719,11/03/2026,ACC0114,"Marlow ""Fine"" Foods",30.76,GBP,card,pending
A004720,01/03/2026,ACC0030,Corner Cafe,25.86,EUR,bank_transfer,reversed
A004721,04/03/2026,ACC0006,The Old Print Works,189.66,GBP,direct_debit,settled
A004722,13/03/2026,ACC0088,Bolt & Screw Ltd,393.89,gbp,card,settled
A004723,01/03/2026,ACC0050,"Marlow ""Fine"" Foods",41.1,GBP,direct_debit,failed
A004724,22/02/2026,ACC0005,Northline Freight,456.05,gbp,direct_debit,failed
A004725,15/03/2026,ACC0037,"Wembley Tyres, Ltd",165.85,gbp,card,settled
A004726,26/02/2026,ACC0017,Harrow Sports Club,156.77,GBP,direct_debit,failed
A004727,24/01/2026,ACC0057,Bolt & Screw Ltd,32.6,USD,bank_transfer,pending
A004728,22/02/2026,ACC0096,Northline Freight,128.6,GBP,card,settled
A004729,09/02/2026,ACC0064,"Marlow ""Fine"" Foods",67.19,GBP,bank_transfer,settled
A004730,30/03/2026,ACC0013,Bolt & Screw Ltd,16.36,GBP,direct_debit,settled
A004731,13/02/2026,ACC0030,Corner Cafe,15.95,EUR,card,pending
A004732,23/03/2026,ACC0093,Northline Freight,50.24,GBP,card,pending
A004733,03/03/2026,ACC0073,Northline Freight,35.89,GBP,card,pending
A004734,02/02/2026,ACC0109,Harrow Sports Club,200.53,GBP,bank_transfer,settled
A004735,16/02/2026,ACC0060,Northline Freight,48.75,GBP,direct_debit,reversed
A004736,28/01/2026,ACC0078,"Marlow ""Fine"" Foods",159.88,GBP,card,failed
A004737,14/01/2026,ACC0065,Northline Freight,5.02,EUR,card,reversed
A004738,07/03/2026,ACC0090,Corner Cafe,364.17,GBP,direct_debit,settled
A004739,01/02/2026,ACC0066,The Old Print Works,31.04,gbp,direct_debit,pending
A004740,03/08/2026,ACC0056,Dhillon & Sons,24.57,GBP,card,failed
A004741,29/03/2026,ACC0048,Petra Logistics,24.13,EUR,direct_debit,failed
A004742,26/02/2026,ACC0073,Bolt & Screw Ltd,10.77,EUR,card,pending
A004743,20/01/2026,ACC0066,Ashvale Clinic,26.38,GBP,card,settled
A004744,03/01/2026,ACC0036,Corner Cafe,17.14,EUR,direct_debit,settled
A004745,08/02/2026,ACC0046,Harrow Sports Club,16.97,gbp,bank_transfer,pending
A004746,24/02/2026,ACC0077,Sandbrook Utilities,12.28,USD,direct_debit,settled
A004747,07/03/2026,ACC0119,Sandbrook Utilities,369.73,GBP,card,reversed
A004748,19/03/2026,ACC0117,The Old Print Works,426.53,GBP,card,settled
A004749,16/03/2026,ACC0093,Bolt & Screw Ltd,41.29,EUR,bank_transfer,settled
A004750,30/01/2026,ACC0014,"Wembley Tyres, Ltd",530.67,GBP,card,settled
A004751,11/03/2026,ACC0068,Ashvale Clinic,104.57,gbp,card,pending
A004752,21/01/2026,ACC0039,Harrow Sports Club,14.56,GBP,card,settled
A004753,27/02/2026,ACC0101,Harrow Sports Club,118.33,GBP,card,pending
A004754,08/11/2026,ACC0019,Harrow Sports Club,93.42,GBP,direct_debit,settled
A004755,23/03/2026,ACC0110,"Wembley Tyres, Ltd",182.83,USD,bank_transfer,pending
A004756,27/01/2026,ACC0067,Harrow Sports Club,252.66,GBP,direct_debit,reversed
A004757,12/01/2026,ACC0051,Kite Digital,71.32,gbp,card,reversed
A004758,13/01/2026,ACC0024,"Wembley Tyres, Ltd",42.66,USD,card,settled
A004759,16/01/2026,ACC0035,Corner Cafe,32.33,GBP,card,settled
A004760,05/02/2026,ACC0103,Corner Cafe,53.98,USD,card,settled
A004761,26/02/2026,ACC0034,"Marlow ""Fine"" Foods",121.63,USD,card,settled
A004762,01/01/2026,ACC0094,"Wembley Tyres, Ltd",36.8,GBP,card,settled
A004763,21/02/2026,ACC0029,Harrow Sports Club,35.86,GBP,card,pending
A004764,12/01/2026,ACC0118,"Wembley Tyres, Ltd",55.8,GBP,direct_debit,settled
A004765,26/01/2026,ACC0002,"Marlow ""Fine"" Foods",91.19,GBP,card,reversed
A004766,29/01/2026,ACC0011,Corner Cafe,127.45,GBP,card,pending
A004767,09/03/2026,ACC0097,Corner Cafe,100.65,USD,bank_transfer,reversed
A004768,19/02/2026,ACC0029,Harrow Sports Club,25.46,GBP,direct_debit,settled
A004769,04/01/2026,ACC0113,Northline Freight,237.9,USD,card,pending
A004770,17/01/2026,ACC0067,The Old Print Works,1.76,GBP,bank_transfer,settled
A004771,12/05/2026,ACC0103,Sandbrook Utilities,141.9,EUR,card,reversed
A004772,16/01/2026,ACC0030,"Wembley Tyres, Ltd",89.6,EUR,card,settled
A004773,11/02/2026,ACC0094,The Old Print Works,248.82,GBP,direct_debit,failed
A004774,14/03/2026,ACC0050,Dhillon & Sons,118.04,EUR,card,settled
A004775,08/01/2026,ACC0094,"Wembley Tyres, Ltd",177.95,GBP,card,failed
A004776,08/02/2026,ACC0105,Harrow Sports Club,348.75,GBP,bank_transfer,settled
A004777,23/03/2026,ACC0099,Petra Logistics,180.49,USD,card,settled
A004778,21/01/2026,ACC0034,Petra Logistics,25.71,gbp,direct_debit,settled
A004779,10/03/2026,ACC0065,"Marlow ""Fine"" Foods",48.28,GBP,direct_debit,settled
A004780,24/01/2026,ACC0087,Harrow Sports Club,73.12,GBP,bank_transfer,settled
A004781,10/03/2026,ACC0074,"Wembley Tyres, Ltd",30.02,gbp,bank_transfer,settled
A004782,20/02/2026,ACC0040,Ashvale Clinic,33.5,GBP,card,pending
A004783,23/03/2026,ACC0100,Ashvale Clinic,37.32,GBP,card,settled
A004784,13/03/2026,ACC0102,Dhillon & Sons,103.68,GBP,direct_debit,settled
A004785,06/03/2026,ACC0026,Corner Cafe,81.53,EUR,direct_debit,settled
A004786,17/02/2026,ACC0103,Petra Logistics,219.97,GBP,direct_debit,pending
A004787,13/01/2026,ACC0053,Kite Digital,33.13,USD,card,settled
A004788,23/02/2026,ACC0057,Dhillon & Sons,195.76,gbp,bank_transfer,reversed
A004789,19/01/2026,ACC0116,Corner Cafe,7.85,EUR,direct_debit,settled
A004790,16/03/2026,ACC0003,Harrow Sports Club,,gbp,bank_transfer,settled
A004791,05/03/2026,ACC0096,Petra Logistics,11.17,USD,bank_transfer,settled
A004792,01/12/2026,ACC0007,The Old Print Works,178.92,GBP,card,settled
A004793,17/01/2026,ACC0052,The Old Print Works,68.14,USD,bank_transfer,settled
A004794,27/03/2026,ACC0023,Corner Cafe,29.21,EUR,card,pending
A004795,18/01/2026,ACC0046,Sandbrook Utilities,19.92,GBP,card,settled
A004796,07/01/2026,ACC0053,Sandbrook Utilities,38.2,EUR,card,settled
A004797,06/02/2026,ACC0084,Corner Cafe,33.43,gbp,card,settled
A004798,11/02/2026,ACC0013,Kite Digital,30.95,gbp,bank_transfer,settled
A004799,04/03/2026,ACC0099,"Wembley Tyres, Ltd",23.11,EUR,direct_debit,reversed
A004800,05/01/2026,ACC0055,Kite Digital,1149.61,GBP,card,settled
A004801,21/03/2026,ACC0063,Petra Logistics,114.97,gbp,bank_transfer,settled
A004802,22/01/2026,ACC0050,"Marlow ""Fine"" Foods",27.43,EUR,card,failed
A004803,21/01/2026,ACC0020,"Marlow ""Fine"" Foods",41.47,EUR,card,settled
A004804,05/08/2026,ACC0094,Dhillon & Sons,50.03,gbp,bank_transfer,failed
A004805,18/01/2026,ACC0010,Ashvale Clinic,38.13,GBP,card,reversed
A004806,30/03/2026,ACC0114,"Marlow ""Fine"" Foods",195.52,USD,card,settled
A004807,26/02/2026,ACC0046,Ashvale Clinic,13.46,gbp,card,settled
A004808,15/02/2026,ACC0120,The Old Print Works,59.06,USD,card,failed
A004809,12/05/2026,ACC0023,"Marlow ""Fine"" Foods",8.45,GBP,card,pending
A004810,16/01/2026,ACC0119,Harrow Sports Club,21.72,EUR,card,failed
A004811,02/03/2026,ACC0034,Sandbrook Utilities,701.28,EUR,card,settled
A004812,15/03/2026,ACC0062,Harrow Sports Club,15.73,USD,card,reversed
A004813,18/02/2026,ACC0036,Dhillon & Sons,50.28,GBP,direct_debit,settled
A004814,31/03/2026,ACC0059,Corner Cafe,128.02,GBP,card,settled
A004815,10/02/2026,ACC0058,The Old Print Works,1.48,GBP,card,settled
A004816,11/03/2026,ACC0044,Dhillon & Sons,25.66,EUR,card,settled
A004817,21/01/2026,ACC0062,"Marlow ""Fine"" Foods",49.75,EUR,card,settled
A004818,05/03/2026,ACC0057,"Wembley Tyres, Ltd",75.0,USD,card,settled
A004819,09/09/2026,ACC0118,Northline Freight,53.67,gbp,card,settled
A004820,11/01/2026,ACC0115,Bolt & Screw Ltd,31.05,EUR,bank_transfer,reversed
A004821,12/01/2026,ACC0077,Ashvale Clinic,14.17,gbp,card,failed
A004822,17/02/2026,ACC0018,Northline Freight,9.65,GBP,card,settled
A004823,13/02/2026,ACC0044,Dhillon & Sons,14.87,GBP,card,settled
A004824,12/01/2026,ACC0091,Corner Cafe,52.44,gbp,direct_debit,reversed
A004825,11/03/2026,ACC0008,Petra Logistics,20.61,gbp,card,failed
A004826,29/03/2026,ACC0053,Ashvale Clinic,15.9,GBP,card,settled
A004827,07/01/2026,ACC0093,Petra Logistics,448.63,USD,card,failed
A004828,02/02/2026,ACC0032,Harrow Sports Club,138.78,gbp,bank_transfer,settled
A004829,26/02/2026,ACC0119,"Marlow ""Fine"" Foods",29.55,GBP,card,settled
A004830,01/03/2026,ACC0110,Corner Cafe,35.67,GBP,card,pending
A004831,12/01/2026,ACC0008,Kite Digital,31.19,GBP,card,settled
A004832,14/02/2026,ACC0087,Northline Freight,6.52,EUR,bank_transfer,settled
A004833,20/01/2026,ACC0083,Petra Logistics,132.51,gbp,bank_transfer,failed
A004834,11/02/2026,ACC0052,"Wembley Tyres, Ltd",105.18,GBP,card,settled
A004835,27/03/2026,ACC0041,Petra Logistics,52.05,GBP,card,settled
A004836,15/02/2026,ACC0027,Corner Cafe,5.64,gbp,card,settled
A004837,15/02/2026,ACC0025,"Marlow ""Fine"" Foods",48.17,GBP,card,pending
A004838,22/01/2026,ACC0094,"Marlow ""Fine"" Foods",65.97,EUR,card,failed
A004839,16/01/2026,ACC0057,Harrow Sports Club,65.73,USD,direct_debit,settled
A004840,24/03/2026,ACC0020,Kite Digital,250.57,GBP,direct_debit,failed
A004841,08/02/2026,ACC0047,Harrow Sports Club,154.66,gbp,direct_debit,failed
A004842,08/04/2026,ACC0108,Kite Digital,107.2,GBP,direct_debit,reversed
A004843,01/01/2026,ACC0022,"Marlow ""Fine"" Foods",39.12,GBP,card,settled
A004844,07/03/2026,ACC0108,Ashvale Clinic,10.62,GBP,card,pending
A004845,18/03/2026,ACC0034,Sandbrook Utilities,21.28,USD,card,failed
A004846,13/03/2026,ACC0051,Dhillon & Sons,29.17,GBP,card,settled
A004847,14/02/2026,ACC0548,Kite Digital,88.9,gbp,bank_transfer,failed
A004848,17/01/2026,ACC0010,Ashvale Clinic,,EUR,bank_transfer,pending
A004849,07/01/2026,ACC0006,"Marlow ""Fine"" Foods",54.75,GBP,direct_debit,failed
A004850,03/03/2026,ACC0070,Bolt & Screw Ltd,11.17,GBP,card,failed
A004851,06/02/2026,ACC0004,Northline Freight,24.42,gbp,direct_debit,reversed
A004852,16/02/2026,ACC0040,The Old Print Works,202.87,GBP,bank_transfer,reversed
A004853,01/02/2026,ACC0110,Kite Digital,183.36,GBP,direct_debit,reversed
A004854,05/03/2026,ACC0075,Petra Logistics,10.29,GBP,card,failed
A004855,12/03/2026,ACC0089,Kite Digital,146.63,USD,direct_debit,pending
A004856,12/11/2026,ACC0045,Petra Logistics,45.28,gbp,card,failed
A004857,21/02/2026,ACC0072,"Wembley Tyres, Ltd",47.04,GBP,direct_debit,failed
A004858,15/02/2026,ACC0036,"Wembley Tyres, Ltd",125.05,GBP,bank_transfer,settled
A004859,01/01/2026,ACC0090,The Old Print Works,31.23,USD,card,pending
A004860,02/01/2026,ACC0027,The Old Print Works,52.11,GBP,card,settled
A004861,05/08/2026,ACC0024,Bolt & Screw Ltd,7.88,EUR,card,settled
A004862,04/01/2026,ACC0056,Ashvale Clinic,185.43,GBP,direct_debit,settled
A004863,30/03/2026,ACC0107,"Marlow ""Fine"" Foods",20.14,EUR,direct_debit,reversed
A004864,19/02/2026,ACC0071,"Wembley Tyres, Ltd",251.76,GBP,direct_debit,reversed
A004865,13/02/2026,ACC0080,The Old Print Works,45.02,gbp,card,failed
A004866,08/01/2026,ACC0108,Harrow Sports Club,23.49,USD,card,settled
A004867,28/02/2026,ACC0097,The Old Print Works,132.01,USD,card,reversed
A004868,05/04/2026,ACC0073,Northline Freight,238.6,EUR,direct_debit,pending
A004869,29/01/2026,ACC0059,Harrow Sports Club,144.96,GBP,card,failed
A004870,12/01/2026,ACC0089,The Old Print Works,107.88,USD,card,reversed
A004871,02/02/2026,ACC0085,Bolt & Screw Ltd,82.68,GBP,card,settled
A004872,11/02/2026,ACC0040,Corner Cafe,24.79,USD,card,pending
A004873,01/02/2026,ACC0089,Ashvale Clinic,33.66,USD,card,pending
A004874,04/02/2026,ACC0023,The Old Print Works,171.73,USD,card,failed
A004875,29/03/2026,ACC0085,Sandbrook Utilities,179.58,gbp,direct_debit,failed
A004876,08/09/2026,ACC0051,The Old Print Works,161.9,GBP,direct_debit,reversed
A004877,31/01/2026,ACC0016,Petra Logistics,132.58,gbp,card,pending
A004878,06/02/2026,ACC0071,Harrow Sports Club,56.7,GBP,bank_transfer,reversed
A004879,22/01/2026,ACC0038,"Marlow ""Fine"" Foods",55.85,gbp,card,pending
A004880,21/02/2026,ACC0029,Corner Cafe,40.0,gbp,card,failed
A004881,20/02/2026,ACC0030,Bolt & Screw Ltd,10.19,GBP,bank_transfer,reversed
A004882,03/02/2026,ACC0061,Kite Digital,19.09,gbp,card,settled
A004883,06/03/2026,ACC0003,Ashvale Clinic,37.11,gbp,direct_debit,failed
A004884,05/02/2026,ACC0042,"Marlow ""Fine"" Foods",72.23,USD,bank_transfer,settled
A004885,01/03/2026,ACC0023,Kite Digital,108.45,EUR,direct_debit,settled
A004886,09/06/2026,ACC0070,Petra Logistics,130.94,USD,card,pending
A004887,17/02/2026,ACC0047,"Wembley Tyres, Ltd",46.64,EUR,card,reversed
A004888,08/03/2026,ACC0057,The Old Print Works,15.26,GBP,card,pending
A004889,16/02/2026,ACC0113,Corner Cafe,23.65,GBP,card,reversed
A004890,09/03/2026,ACC0002,Ashvale Clinic,94.02,GBP,bank_transfer,settled
A004891,26/03/2026,ACC0045,Northline Freight,221.04,GBP,direct_debit,pending
A004892,18/01/2026,ACC0051,Dhillon & Sons,39.47,GBP,direct_debit,reversed
A004893,27/01/2026,ACC0089,"Wembley Tyres, Ltd",72.08,gbp,bank_transfer,failed
A004894,03/03/2026,ACC0002,"Wembley Tyres, Ltd",79.62,GBP,bank_transfer,settled
A004895,07/02/2026,ACC0046,Northline Freight,879.92,GBP,direct_debit,reversed
A004896,22/01/2026,ACC0083,"Marlow ""Fine"" Foods",8.13,GBP,card,settled
A004897,12/03/2026,ACC0044,"Wembley Tyres, Ltd",173.76,GBP,bank_transfer,failed
A004898,27/02/2026,ACC0118,Sandbrook Utilities,61.37,gbp,direct_debit,settled
A004899,12/03/2026,ACC0018,Harrow Sports Club,22.35,GBP,card,reversed
A004900,09/01/2026,ACC0048,"Wembley Tyres, Ltd",67.25,GBP,card,failed
A004901,03/02/2026,ACC0039,Bolt & Screw Ltd,13.85,GBP,direct_debit,pending
A004902,10/02/2026,ACC0006,Harrow Sports Club,75.23,GBP,bank_transfer,settled
A004903,05/03/2026,ACC0025,Dhillon & Sons,93.11,GBP,card,pending
A004904,01/06/2026,ACC0036,Bolt & Screw Ltd,183.57,USD,bank_transfer,pending
A004905,17/01/2026,ACC0055,Sandbrook Utilities,86.88,GBP,card,reversed
A004906,07/03/2026,ACC0097,Kite Digital,44.55,GBP,card,settled
A004907,31/03/2026,ACC0094,Sandbrook Utilities,36.52,GBP,card,settled
A004908,07/03/2026,ACC0016,"Marlow ""Fine"" Foods",168.9,GBP,bank_transfer,reversed
A004909,10/01/2026,ACC0086,Dhillon & Sons,13.36,GBP,direct_debit,settled
A004910,28/02/2026,ACC0061,Petra Logistics,161.6,EUR,card,settled
A004911,08/03/2026,ACC0116,Ashvale Clinic,349.97,USD,bank_transfer,settled
A004912,01/12/2026,ACC0063,Dhillon & Sons,24.45,GBP,direct_debit,failed
A004913,05/03/2026,ACC0018,Petra Logistics,1.99,EUR,card,failed
A004914,07/02/2026,ACC0088,Dhillon & Sons,81.6,GBP,card,pending
A004915,11/02/2026,ACC0021,Sandbrook Utilities,18.01,gbp,card,reversed
A004916,07/03/2026,ACC0049,Dhillon & Sons,49.14,EUR,bank_transfer,reversed
A004917,18/03/2026,ACC0037,Corner Cafe,66.69,GBP,card,failed
A004918,31/01/2026,ACC0060,Bolt & Screw Ltd,654.01,USD,card,settled
A004919,17/01/2026,ACC0098,Corner Cafe,65.27,GBP,card,reversed
A004920,07/02/2026,ACC0023,Petra Logistics,30.15,GBP,direct_debit,reversed
A004921,15/03/2026,ACC0013,Sandbrook Utilities,74.1,GBP,card,settled
A004922,13/01/2026,ACC0045,The Old Print Works,126.43,GBP,bank_transfer,settled
A004923,25/02/2026,ACC0048,Corner Cafe,25.14,EUR,card,settled
A004924,29/01/2026,ACC0064,Harrow Sports Club,47.83,USD,direct_debit,reversed
A004925,09/02/2026,ACC0086,Petra Logistics,76.77,GBP,direct_debit,failed
A004926,27/02/2026,ACC0020,Dhillon & Sons,29.89,USD,direct_debit,pending
A004927,22/03/2026,ACC0066,"Marlow ""Fine"" Foods",,gbp,card,reversed
A004928,14/01/2026,  ACC0065 ,Kite Digital,22.24,USD,card,failed
A004929,22/01/2026,ACC0077,Harrow Sports Club,81.33,EUR,direct_debit,settled
A004930,18/01/2026,ACC0084,Sandbrook Utilities,308.3,USD,card,failed
A004931,04/01/2026,ACC0054,"Wembley Tyres, Ltd",6.12,EUR,card,pending
A004932,30/03/2026,ACC0119,Dhillon & Sons,83.82,EUR,direct_debit,settled
A004933,05/02/2026,ACC0002,"Marlow ""Fine"" Foods",42.42,GBP,direct_debit,pending
A004934,02/02/2026,ACC0015,Dhillon & Sons,103.21,GBP,card,settled
A004935,14/02/2026,ACC0502,"Marlow ""Fine"" Foods",83.7,GBP,direct_debit,settled
A004936,28/02/2026,ACC0066,"Wembley Tyres, Ltd",22.91,EUR,bank_transfer,failed
A004937,09/03/2026,ACC0100,Northline Freight,47.71,GBP,bank_transfer,reversed
A004938,02/03/2026,ACC0083,Kite Digital,52.09,EUR,card,failed
A004939,03/01/2026,ACC0015,Dhillon & Sons,44.64,USD,card,settled
A004940,12/07/2026,ACC0112,The Old Print Works,144.14,USD,direct_debit,reversed
A004941,01/04/2026,ACC0060,Ashvale Clinic,20.17,USD,bank_transfer,settled
A002076,27/03/2026,ACC0014,"Wembley Tyres, Ltd",149.76,GBP,card,settled
A004943,18/02/2026,ACC0091,Kite Digital,269.59,USD,bank_transfer,failed
A004944,31/01/2026,ACC0076,Northline Freight,15.05,EUR,card,settled
A004945,26/03/2026,ACC0059,The Old Print Works,4.55,EUR,bank_transfer,settled
A004946,01/03/2026,ACC0034,The Old Print Works,-134.4,gbp,bank_transfer,settled
A004947,03/02/2026,ACC0057,Ashvale Clinic,32.24,gbp,direct_debit,settled
A004948,31/01/2026,ACC0102,Kite Digital,171.91,GBP,card,settled
A004949,24/03/2026,ACC0114,Corner Cafe,9.76,GBP,card,settled
A004950,10/01/2026,ACC0019,Harrow Sports Club,38.86,GBP,direct_debit,failed
A004951,17/01/2026,ACC0070,Sandbrook Utilities,28.31,GBP,card,settled
A004952,03/03/2026,ACC0119,Dhillon & Sons,4.31,EUR,direct_debit,failed
A004953,09/02/2026,ACC0063,Harrow Sports Club,15.68,GBP,direct_debit,failed
A004954,04/12/2026,ACC0037,The Old Print Works,796.85,GBP,card,reversed
A004955,15/02/2026,ACC0016,Dhillon & Sons,38.78,GBP,bank_transfer,pending
A004956,28/03/2026,ACC0116,The Old Print Works,56.4,USD,card,reversed
A004957,04/03/2026,ACC0065,Petra Logistics,33.84,USD,bank_transfer,reversed
A004958,03/01/2026,ACC0051,Dhillon & Sons,32.99,GBP,card,reversed
A004959,22/01/2026,ACC0100,Bolt & Screw Ltd,52.09,EUR,card,settled
A004960,21/01/2026,ACC0064,"Wembley Tyres, Ltd",6.93,GBP,card,pending
A004961,12/02/2026,ACC0023,The Old Print Works,57.62,EUR,card,settled
A004962,12/02/2026,ACC0040,Harrow Sports Club,18.09,GBP,bank_transfer,pending
A004963,10/01/2026,ACC0104,Petra Logistics,30.11,USD,card,settled
A004964,20/01/2026,ACC0035,Petra Logistics,1.05,gbp,card,failed
A004965,28/02/2026,  ACC0003 ,Kite Digital,43.93,GBP,direct_debit,failed
A004966,27/02/2026,ACC0005,Petra Logistics,63.13,GBP,card,reversed
A004967,23/02/2026,ACC0104,Kite Digital,244.02,USD,card,pending
A004968,11/02/2026,ACC0111,Sandbrook Utilities,52.44,GBP,bank_transfer,settled
A004969,15/03/2026,ACC0001,The Old Print Works,49.94,gbp,direct_debit,settled
A004970,05/03/2026,ACC0053,Corner Cafe,255.07,EUR,direct_debit,settled
A004971,13/03/2026,ACC0040,Corner Cafe,167.41,EUR,card,settled
A004972,31/03/2026,ACC0004,Dhillon & Sons,75.24,EUR,card,pending
A004973,10/03/2026,ACC0106,Petra Logistics,59.45,GBP,card,settled
A004974,02/01/2026,ACC0094,Petra Logistics,86.71,gbp,card,settled
A004975,19/01/2026,ACC0042,Bolt & Screw Ltd,53.3,gbp,card,settled
A004976,10/03/2026,ACC0083,"Marlow ""Fine"" Foods",23.27,GBP,bank_transfer,pending
A004977,12/02/2026,ACC0031,The Old Print Works,24.5,EUR,card,reversed
A004978,01/10/2026,ACC0027,Corner Cafe,25.88,GBP,direct_debit,reversed
A004979,21/03/2026,ACC0118,Corner Cafe,21.99,EUR,card,settled
A004980,24/01/2026,ACC0116,Kite Digital,14.69,GBP,card,settled
A004981,20/01/2026,ACC0094,Harrow Sports Club,37.03,EUR,card,failed
A004982,26/03/2026,ACC0005,"Marlow ""Fine"" Foods",36.19,GBP,card,settled
A004983,17/02/2026,ACC0090,Harrow Sports Club,33.3,GBP,card,settled
A004984,06/01/2026,ACC0083,Harrow Sports Club,3.44,EUR,card,settled
A004985,23/02/2026,  ACC0036 ,Kite Digital,465.38,GBP,card,settled
A004986,23/02/2026,ACC0059,Corner Cafe,16.88,EUR,card,failed
A004987,01/01/2026,ACC0018,Northline Freight,43.99,gbp,direct_debit,pending
A004988,18/02/2026,ACC0024,Sandbrook Utilities,42.87,GBP,bank_transfer,settled
A004989,07/01/2026,ACC0090,"Wembley Tyres, Ltd",340.47,GBP,card,pending
A004990,19/02/2026,ACC0077,Corner Cafe,77.31,gbp,bank_transfer,pending
A004991,16/03/2026,ACC0048,Northline Freight,32.06,GBP,direct_debit,failed
A004992,25/03/2026,ACC0097,Corner Cafe,23.48,GBP,direct_debit,settled
A004993,10/03/2026,ACC0047,Ashvale Clinic,53.24,GBP,card,reversed
A004944,03/02/2026,ACC0089,Bolt & Screw Ltd,119.0,EUR,card,pending
A004995,14/03/2026,ACC0018,Petra Logistics,118.17,GBP,card,settled
A004996,04/10/2026,ACC0108,Bolt & Screw Ltd,75.47,GBP,card,pending
A004997,03/03/2026,ACC0011,Ashvale Clinic,90.21,EUR,card,pending
A004998,05/03/2026,ACC0078,Dhillon & Sons,10.89,GBP,direct_debit,reversed
A004999,02/01/2026,ACC0075,The Old Print Works,17.35,gbp,bank_transfer,pending
A005000,10/01/2026,ACC0097,Sandbrook Utilities,72.84,GBP,card,settled
